0
Total Heap: 325668 bytes
Free Heap: 200524 bytes
Used Heap: 125144 bytes
0
Total Heap: 325644 bytes
Free Heap: 199740 bytes
Used Heap: 125904 bytes
0
Total Heap: 325644 bytes
Free Heap: 199740 bytes
Used Heap: 125904 bytes
0
Total Heap: 325636 bytes
Free Heap: 198804 bytes
Used Heap: 126832 bytes
0
Total Heap: 325644 bytes
Free Heap: 199728 bytes
Used Heap: 125916 bytes
I (7327) wifi:new:<11,0>, old:<1,0>, ap:<255,255>, sta:<11,0>, prof:1
I (7329) wifi:state: init -> auth (b0)
I (7379) wifi:state: auth -> assoc (0)
I (7385) wifi:state: assoc -> run (10)
I (7668) wifi:connected with WC Devices, aid = 1, channel 11, BW20, bssid = c8:a6:08:55:ea:ec
I (7668) wifi:security: WPA2-PSK, phy: bgn, rssi: -65
I (7675) wifi:pm start, type: 0

% WiFi connected
I (7698) wifi:AP's beacon interval = 102400 us, DTIM period = 1
0
Total Heap: 325648 bytes
Free Heap: 199036 bytes
Used Heap: 126612 bytes
I (8186) wifi:<ba-add>idx:0 (ifx:0, c8:a6:08:55:ea:ec), tid:0, ssn:0, winSize:64
I (8200) wifi:<ba-add>idx:1 (ifx:0, c8:a6:08:55:ea:ec), tid:5, ssn:0, winSize:64
0
Total Heap: 325668 bytes
Free Heap: 200752 bytes
Used Heap: 124916 bytes
% IPv4 Address: 10.47.2.245
[0;32mI (9182) esp_netif_handlers: sta ip: 10.47.2.245, mask: 255.255.240.0, gw: 10.47.15.254[0m
Wifi run finished

[SNIP STDOUT START]
Exec main begin
0
Total Heap: 325292 bytes
Free Heap: 177988 bytes
Used Heap: 147080 bytes
0
Total Heap: 325220 bytes
Free Heap: 177360 bytes
Used Heap: 147860 bytes
% IPv6 Address: fe80:0000:0000:0000:024b:12ff:fe3b:c6f4
loop begin
0
Total Heap: 325204 bytes
Free Heap: 178248 bytes
Used Heap: 146956 bytes
0
Total Heap: 325188 bytes
Free Heap: 177064 bytes
Used Heap: 148148 bytes
0
Total Heap: 325200 bytes
Free Heap: 178128 bytes
Used Heap: 147096 bytes
0
Total Heap: 325192 bytes
Free Heap: 177192 bytes
Used Heap: 148024 bytes
0
Total Heap: 325192 bytes
Free Heap: 177188 bytes
Used Heap: 148024 bytes
0
Total Heap: 325208 bytes
Free Heap: 177192 bytes
Used Heap: 148000 bytes
0
Total Heap: 325196 bytes
Free Heap: 177864 bytes
Used Heap: 147332 bytes
0
Total Heap: 325196 bytes
Free Heap: 177996 bytes
Used Heap: 147224 bytes
Keep Alive Check
0
Total Heap: 325196 bytes
Free Heap: 177996 bytes
Used Heap: 147076 bytes
0
Total Heap: 325196 bytes
Free Heap: 177996 bytes
Used Heap: 147224 bytes
0
Total Heap: 325196 bytes
Free Heap: 177996 bytes
Used Heap: 147076 bytes
0
Total Heap: 325196 bytes
Free Heap: 178112 bytes
Used Heap: 148812 bytes
0
Total Heap: 325196 bytes
Free Heap: 177996 bytes
Used Heap: 147224 bytes
0
Total Heap: 325188 bytes
Free Heap: 177060 bytes
Used Heap: 148152 bytes
0
Total Heap: 325196 bytes
Free Heap: 177996 bytes
Used Heap: 147224 bytes
0
Total Heap: 325220 bytes
Free Heap: 178792 bytes
Used Heap: 146452 bytes
0
Total Heap: 325056 bytes
Free Heap: 168196 bytes
Used Heap: 156864 bytes
Creating the certificate was successful
Starting server...
Server ready.
0
Total Heap: 324984 bytes
Free Heap: 170984 bytes
Used Heap: 155588 bytes
Keep Alive Check
0
Total Heap: 324984 bytes
Free Heap: 170868 bytes
Used Heap: 154000 bytes
0
Total Heap: 324984 bytes
Free Heap: 170868 bytes
Used Heap: 154144 bytes
0
Total Heap: 324984 bytes
Free Heap: 170868 bytes
Used Heap: 154136 bytes
0
Total Heap: 324992 bytes
Free Heap: 171092 bytes
Used Heap: 153900 bytes
0
Total Heap: 324976 bytes
Free Heap: 169248 bytes
Used Heap: 153900 bytes
[HTTPS:I] New connection. Socket FID=56
0
Total Heap: 324788 bytes
Free Heap: 159116 bytes
Used Heap: 165676 bytes
0
Total Heap: 324700 bytes
Free Heap: 154560 bytes
Used Heap: 170144 bytes
[HTTPS:E] SSL_accept failed. Aborting handshake. FID=56
[HTTPS:I] Connection closed. Socket FID=56
0
Total Heap: 324964 bytes
Free Heap: 169596 bytes
Used Heap: 155252 bytes
[HTTPS:I] New connection. Socket FID=56
0
Total Heap: 324776 bytes
Free Heap: 158048 bytes
Used Heap: 166732 bytes
0
Total Heap: 324684 bytes
Free Heap: 159844 bytes
Used Heap: 164828 bytes
Keep Alive Check
[HTTPS:I] Request: GET /terminal (FID=56)
/terminal
session=password=Home1918
Home1918
[HTTPS:I] Connection closed. Socket FID=56
0
Total Heap: 324916 bytes
Free Heap: 157428 bytes
Used Heap: 160716 bytes
[HTTPS:I] New connection. Socket FID=56
0
Total Heap: 324712 bytes
Free Heap: 154792 bytes
Used Heap: 170040 bytes
0
Total Heap: 324628 bytes
Free Heap: 158496 bytes
Used Heap: 165876 bytes
[HTTPS:I] Request: GET /style.css (FID=56)
/style.css
session=password=Home1918
Home1918
[HTTPS:I] Connection closed. Socket FID=56
[HTTPS:I] New connection. Socket FID=56
0
Total Heap: 324728 bytes
Free Heap: 156584 bytes
Used Heap: 167940 bytes
0
Total Heap: 324624 bytes
Free Heap: 158344 bytes
Used Heap: 166072 bytes
[HTTPS:I] Request: GET /ssh (FID=56)
[HTTPS:I] Upgrading to WS, FID=56
/ssh
session=password=Home1918
Home1918
Creating new chat client!
0
Total Heap: 324832 bytes
Free Heap: 164800 bytes
Used Heap: 160028 bytes
[0;32mI (45836) HTTPS_SERVER: Fin: 1, OpCode: 1 (TEXT), Mask: 1, Len: 1[0m
[HTTPS:I] WS payload: length=1
l
ssh cmd received:
l
ssh command processing finished
[0;32mI (45911) HTTPS_SERVER: Fin: 1, OpCode: 1 (TEXT), Mask: 1, Len: 1[0m
[HTTPS:I] WS payload: length=1
s
ssh cmd received:
s
ssh command processing finished
0
Total Heap: 324828 bytes
Free Heap: 164788 bytes
Used Heap: 159908 bytes
[0;32mI (47024) HTTPS_SERVER: Fin: 1, OpCode: 1 (TEXT), Mask: 1, Len: 1[0m
[HTTPS:I] WS payload: length=1

ssh cmd received:

ssh command processing finished
0
Total Heap: 324820 bytes
Free Heap: 163216 bytes
Used Heap: 161472 bytes
[0;32mI (48099) HTTPS_SERVER: Fin: 1, OpCode: 1 (TEXT), Mask: 1, Len: 1[0m
[HTTPS:I] WS payload: length=1
n
ssh cmd received:
n
ssh command processing finished
0
Total Heap: 324820 bytes
Free Heap: 163224 bytes
Used Heap: 161596 bytes
[0;32mI (48235) HTTPS_SERVER: Fin: 1, OpCode: 1 (TEXT), Mask: 1, Len: 1[0m
[HTTPS:I] WS payload: length=1
e
ssh cmd received:
e
ssh command processing finished
[0;32mI (48474) HTTPS_SERVER: Fin: 1, OpCode: 1 (TEXT), Mask: 1, Len: 1[0m
[HTTPS:I] WS payload: length=1
o
ssh cmd received:
o
ssh command processing finished
[0;32mI (48747) HTTPS_SERVER: Fin: 1, OpCode: 1 (TEXT), Mask: 1, Len: 1[0m
[HTTPS:I] WS payload: length=1
f
ssh cmd received:
f
ssh command processing finished
[0;32mI (48912) HTTPS_SERVER: Fin: 1, OpCode: 1 (TEXT), Mask: 1, Len: 1[0m
[HTTPS:I] WS payload: length=1
e
ssh cmd received:
e
ssh command processing finished
[0;32mI (49091) HTTPS_SERVER: Fin: 1, OpCode: 1 (TEXT), Mask: 1, Len: 1[0m
[HTTPS:I] WS payload: length=1
t
ssh cmd received:
t
ssh command processing finished
0
Total Heap: 324804 bytes
Free Heap: 160228 bytes
Used Heap: 164580 bytes
Keep Alive Check
[0;32mI (49361) HTTPS_SERVER: Fin: 1, OpCode: 1 (TEXT), Mask: 1, Len: 1[0m
[HTTPS:I] WS payload: length=1
c
ssh cmd received:
c
ssh command processing finished
[0;32mI (49417) HTTPS_SERVER: Fin: 1, OpCode: 1 (TEXT), Mask: 1, Len: 1[0m
[HTTPS:I] WS payload: length=1
h
ssh cmd received:
h
ssh command processing finished
0
Total Heap: 324832 bytes
Free Heap: 164936 bytes
Used Heap: 160012 bytes
[0;32mI (50167) HTTPS_SERVER: Fin: 1, OpCode: 1 (TEXT), Mask: 1, Len: 1[0m
[HTTPS:I] WS payload: length=1

ssh cmd received:

ssh command processing finished
0
Total Heap: 324832 bytes
Free Heap: 164944 bytes
Used Heap: 159892 bytes
0
Total Heap: 324832 bytes
Free Heap: 164796 bytes
Used Heap: 159892 bytes
[0;32mI (52818) HTTPS_SERVER: Fin: 1, OpCode: 1 (TEXT), Mask: 1, Len: 1[0m
[HTTPS:I] WS payload: length=1
f
ssh cmd received:
f
ssh command processing finished
[0;32mI (52987) HTTPS_SERVER: Fin: 1, OpCode: 1 (TEXT), Mask: 1, Len: 1[0m
[HTTPS:I] WS payload: length=1
a
ssh cmd received:
a
ssh command processing finished
0
Total Heap: 324820 bytes
Free Heap: 163360 bytes
Used Heap: 161576 bytes
[0;32mI (53171) HTTPS_SERVER: Fin: 1, OpCode: 1 (TEXT), Mask: 1, Len: 1[0m
[HTTPS:I] WS payload: length=1
s
ssh cmd received:
s
ssh command processing finished
[0;32mI (53376) HTTPS_SERVER: Fin: 1, OpCode: 1 (TEXT), Mask: 1, Len: 1[0m
[HTTPS:I] WS payload: length=1
t
ssh cmd received:
t
ssh command processing finished
[0;32mI (53528) HTTPS_SERVER: Fin: 1, OpCode: 1 (TEXT), Mask: 1, Len: 1[0m
[HTTPS:I] WS payload: length=1
g
ssh cmd received:
g
ssh command processing finished
[0;32mI (53841) HTTPS_SERVER: Fin: 1, OpCode: 1 (TEXT), Mask: 1, Len: 1[0m
[HTTPS:I] WS payload: length=1
e
ssh cmd received:
e
ssh command processing finished
0
Total Heap: 324804 bytes
Free Heap: 161648 bytes
Used Heap: 163160 bytes
0
Total Heap: 324796 bytes
Free Heap: 161504 bytes
Used Heap: 163296 bytes
0
Total Heap: 324796 bytes
Free Heap: 161496 bytes
Used Heap: 163304 bytes
0
Total Heap: 324820 bytes
Free Heap: 163216 bytes
Used Heap: 161656 bytes
[0;32mI (57356) HTTPS_SERVER: Fin: 1, OpCode: 1 (TEXT), Mask: 1, Len: 1[0m
[HTTPS:I] WS payload: length=1
c
ssh cmd received:
c
ssh command processing finished
[0;32mI (57401) HTTPS_SERVER: Fin: 1, OpCode: 1 (TEXT), Mask: 1, Len: 1[0m
[HTTPS:I] WS payload: length=1
h
ssh cmd received:
h
ssh command processing finished
[0;32mI (57934) HTTPS_SERVER: Fin: 1, OpCode: 1 (TEXT), Mask: 1, Len: 1[0m
[HTTPS:I] WS payload: length=1

ssh cmd received:

ssh command processing finished
[0;32mI (58076) HTTPS_SERVER: Fin: 1, OpCode: 1 (TEXT), Mask: 1, Len: 1[0m
[HTTPS:I] WS payload: length=1

ssh cmd received:

ssh command processing finished
0
Total Heap: 324836 bytes
Free Heap: 164936 bytes
Used Heap: 159788 bytes
[0;32mI (58214) HTTPS_SERVER: Fin: 1, OpCode: 1 (TEXT), Mask: 1, Len: 1[0m
[HTTPS:I] WS payload: length=1

ssh cmd received:

ssh command processing finished
[0;32mI (58751) HTTPS_SERVER: Fin: 1, OpCode: 1 (TEXT), Mask: 1, Len: 1[0m
[HTTPS:I] WS payload: length=1

ssh cmd received:

ssh command processing finished
[0;32mI (59131) HTTPS_SERVER: Fin: 1, OpCode: 1 (TEXT), Mask: 1, Len: 1[0m
[HTTPS:I] WS payload: length=1
f
ssh cmd received:
f
ssh command processing finished
0
Total Heap: 324824 bytes
Free Heap: 163248 bytes
Used Heap: 161576 bytes
Keep Alive Check
[0;32mI (59324) HTTPS_SERVER: Fin: 1, OpCode: 1 (TEXT), Mask: 1, Len: 1[0m
[HTTPS:I] WS payload: length=1
e
ssh cmd received:
e
ssh command processing finished
[0;32mI (59512) HTTPS_SERVER: Fin: 1, OpCode: 1 (TEXT), Mask: 1, Len: 1[0m
[HTTPS:I] WS payload: length=1
t
ssh cmd received:
t
ssh command processing finished
[0;32mI (59733) HTTPS_SERVER: Fin: 1, OpCode: 1 (TEXT), Mask: 1, Len: 1[0m
[HTTPS:I] WS payload: length=1
c
ssh cmd received:
c
ssh command processing finished
[0;32mI (59805) HTTPS_SERVER: Fin: 1, OpCode: 1 (TEXT), Mask: 1, Len: 1[0m
[HTTPS:I] WS payload: length=1
h
ssh cmd received:
h
ssh command processing finished
0
Total Heap: 324832 bytes
Free Heap: 164932 bytes
Used Heap: 159904 bytes
[0;32mI (60179) HTTPS_SERVER: Fin: 1, OpCode: 1 (TEXT), Mask: 1, Len: 1[0m
[HTTPS:I] WS payload: length=1

ssh cmd received:

ssh command processing finished
0
Total Heap: 324828 bytes
Free Heap: 164404 bytes
Used Heap: 160292 bytes
0
Total Heap: 324836 bytes
Free Heap: 161024 bytes
Used Heap: 160412 bytes
[0;32mI (63085) HTTPS_SERVER: Fin: 1, OpCode: 1 (TEXT), Mask: 1, Len: 3[0m
[HTTPS:I] WS payload: length=3
[A
ssh cmd received:
[A
ssh command processing finished
0
Total Heap: 324816 bytes
Free Heap: 162824 bytes
Used Heap: 161996 bytes
[0;32mI (63368) HTTPS_SERVER: Fin: 1, OpCode: 1 (TEXT), Mask: 1, Len: 1[0m
[HTTPS:I] WS payload: length=1

ssh cmd received:

ssh command processing finished
0
Total Heap: 324832 bytes
Free Heap: 163292 bytes
Used Heap: 161540 bytes
0
Total Heap: 324832 bytes
Free Heap: 163292 bytes
Used Heap: 161540 bytes
0
Total Heap: 324832 bytes
Free Heap: 163300 bytes
Used Heap: 161532 bytes
0
Total Heap: 324832 bytes
Free Heap: 163416 bytes
Used Heap: 164816 bytes
0
Total Heap: 324832 bytes
Free Heap: 163300 bytes
Used Heap: 161532 bytes
0
Total Heap: 324832 bytes
Free Heap: 163292 bytes
Used Heap: 161540 bytes
Keep Alive Check
0
Total Heap: 324832 bytes
Free Heap: 163300 bytes
Used Heap: 161412 bytes
0
Total Heap: 324836 bytes
Free Heap: 163416 bytes
Used Heap: 161420 bytes
0
Total Heap: 324832 bytes
Free Heap: 159892 bytes
Used Heap: 164928 bytes
0
Total Heap: 324832 bytes
Free Heap: 163292 bytes
Used Heap: 161560 bytes
0
Total Heap: 324836 bytes
Free Heap: 163512 bytes
Used Heap: 161440 bytes
0
Total Heap: 324832 bytes
Free Heap: 163292 bytes
Used Heap: 161572 bytes
0
Total Heap: 324832 bytes
Free Heap: 163280 bytes
Used Heap: 161552 bytes
0
Total Heap: 324832 bytes
Free Heap: 163280 bytes
Used Heap: 161572 bytes
0
Total Heap: 324832 bytes
Free Heap: 163280 bytes
Used Heap: 161572 bytes
0
Total Heap: 324832 bytes
Free Heap: 163280 bytes
Used Heap: 161572 bytes
Keep Alive Check
0
Total Heap: 324832 bytes
Free Heap: 163280 bytes
Used Heap: 161432 bytes
0
Total Heap: 324832 bytes
Free Heap: 163272 bytes
Used Heap: 161592 bytes
0
Total Heap: 324828 bytes
Free Heap: 163280 bytes
Used Heap: 161552 bytes
0
Total Heap: 324832 bytes
Free Heap: 163280 bytes
Used Heap: 161552 bytes
0
Total Heap: 324832 bytes
Free Heap: 163408 bytes
Used Heap: 161428 bytes
0
Total Heap: 324832 bytes
Free Heap: 163292 bytes
Used Heap: 161540 bytes
0
Total Heap: 324832 bytes
Free Heap: 163300 bytes
Used Heap: 161532 bytes
0
Total Heap: 324832 bytes
Free Heap: 163292 bytes
Used Heap: 161560 bytes
0
Total Heap: 324828 bytes
Free Heap: 163292 bytes
Used Heap: 161560 bytes
0
Total Heap: 324832 bytes
Free Heap: 163300 bytes
Used Heap: 161532 bytes
Keep Alive Check
0
Total Heap: 324832 bytes
Free Heap: 163300 bytes
Used Heap: 161412 bytes
0
Total Heap: 324832 bytes
Free Heap: 163416 bytes
Used Heap: 161420 bytes
0
Total Heap: 324832 bytes
Free Heap: 163408 bytes
Used Heap: 161428 bytes
0
Total Heap: 324832 bytes
Free Heap: 163280 bytes
Used Heap: 161552 bytes
0
Total Heap: 324832 bytes
Free Heap: 163284 bytes
Used Heap: 161576 bytes
0
Total Heap: 324832 bytes
Free Heap: 163288 bytes
Used Heap: 161564 bytes
0
Total Heap: 324832 bytes
Free Heap: 163288 bytes
Used Heap: 161564 bytes
0
Total Heap: 324832 bytes
Free Heap: 163288 bytes
Used Heap: 161564 bytes
0
Total Heap: 324832 bytes
Free Heap: 163404 bytes
Used Heap: 161432 bytes
Keep Alive Check
0
Total Heap: 324820 bytes
Free Heap: 161460 bytes
Used Heap: 163224 bytes
0
Total Heap: 324832 bytes
Free Heap: 163288 bytes
Used Heap: 163244 bytes
0
Total Heap: 324832 bytes
Free Heap: 163396 bytes
Used Heap: 161440 bytes
0
Total Heap: 324832 bytes
Free Heap: 163288 bytes
Used Heap: 161564 bytes
0
Total Heap: 324832 bytes
Free Heap: 163288 bytes
Used Heap: 161564 bytes
0
Total Heap: 324832 bytes
Free Heap: 163288 bytes
Used Heap: 161564 bytes
0
Total Heap: 324832 bytes
Free Heap: 163392 bytes
Used Heap: 161440 bytes
0
Total Heap: 324832 bytes
Free Heap: 163416 bytes
Used Heap: 161420 bytes
0
Total Heap: 324832 bytes
Free Heap: 163416 bytes
Used Heap: 161420 bytes
0
Total Heap: 324832 bytes
Free Heap: 163404 bytes
Used Heap: 161432 bytes
Keep Alive Check
0
Total Heap: 324840 bytes
Free Heap: 163424 bytes
Used Heap: 161412 bytes
0
Total Heap: 324832 bytes
Free Heap: 163424 bytes
Used Heap: 161412 bytes
0
Total Heap: 324836 bytes
Free Heap: 163424 bytes
Used Heap: 161412 bytes
0
Total Heap: 324828 bytes
Free Heap: 159964 bytes
Used Heap: 161528 bytes
0
Total Heap: 324832 bytes
Free Heap: 163296 bytes
Used Heap: 161556 bytes
0
Total Heap: 324832 bytes
Free Heap: 163300 bytes
Used Heap: 161552 bytes
0
Total Heap: 324828 bytes
Free Heap: 163268 bytes
Used Heap: 161580 bytes
0
Total Heap: 324832 bytes
Free Heap: 163288 bytes
Used Heap: 161564 bytes
0
Total Heap: 324836 bytes
Free Heap: 163288 bytes
Used Heap: 161544 bytes
0
Total Heap: 324832 bytes
Free Heap: 163300 bytes
Used Heap: 161564 bytes
Keep Alive Check
0
Total Heap: 324832 bytes
Free Heap: 163288 bytes
Used Heap: 161424 bytes
0
Total Heap: 324832 bytes
Free Heap: 163288 bytes
Used Heap: 161564 bytes
0
Total Heap: 324828 bytes
Free Heap: 163268 bytes
Used Heap: 161580 bytes
0
Total Heap: 324828 bytes
Free Heap: 163416 bytes
Used Heap: 161420 bytes
0
Total Heap: 324832 bytes
Free Heap: 163300 bytes
Used Heap: 161564 bytes
0
Total Heap: 324832 bytes
Free Heap: 163300 bytes
Used Heap: 161564 bytes
0
Total Heap: 324836 bytes
Free Heap: 163412 bytes
Used Heap: 161424 bytes
0
Total Heap: 324832 bytes
Free Heap: 163300 bytes
Used Heap: 161564 bytes
0
Total Heap: 324840 bytes
Free Heap: 163416 bytes
Used Heap: 161420 bytes
0
Total Heap: 324840 bytes
Free Heap: 163532 bytes
Used Heap: 161308 bytes
Keep Alive Check
0
Total Heap: 324832 bytes
Free Heap: 163300 bytes
Used Heap: 161532 bytes
0
Total Heap: 324832 bytes
Free Heap: 163288 bytes
Used Heap: 161544 bytes
0
Total Heap: 324832 bytes
Free Heap: 163288 bytes
Used Heap: 161564 bytes
0
Total Heap: 324828 bytes
Free Heap: 163416 bytes
Used Heap: 161420 bytes
0
Total Heap: 324836 bytes
Free Heap: 163532 bytes
Used Heap: 161308 bytes
0
Total Heap: 324828 bytes
Free Heap: 163300 bytes
Used Heap: 161532 bytes
0
Total Heap: 324832 bytes
Free Heap: 163252 bytes
Used Heap: 161556 bytes
0
Total Heap: 324832 bytes
Free Heap: 163300 bytes
Used Heap: 161532 bytes
0
Total Heap: 324832 bytes
Free Heap: 163300 bytes
Used Heap: 161564 bytes
0
Total Heap: 324832 bytes
Free Heap: 163416 bytes
Used Heap: 161420 bytes
Keep Alive Check
0
Total Heap: 324832 bytes
Free Heap: 163300 bytes
Used Heap: 163280 bytes
0
Total Heap: 324832 bytes
Free Heap: 163404 bytes
Used Heap: 161432 bytes
0
Total Heap: 324832 bytes
Free Heap: 163300 bytes
Used Heap: 161532 bytes
0
Total Heap: 324832 bytes
Free Heap: 163300 bytes
Used Heap: 161532 bytes
0
Total Heap: 324832 bytes
Free Heap: 163288 bytes
Used Heap: 161544 bytes
0
Total Heap: 324836 bytes
Free Heap: 161656 bytes
Used Heap: 163304 bytes
0
Total Heap: 324816 bytes
Free Heap: 163280 bytes
Used Heap: 163296 bytes
0
Total Heap: 324832 bytes
Free Heap: 163300 bytes
Used Heap: 161564 bytes
0
Total Heap: 324828 bytes
Free Heap: 163416 bytes
Used Heap: 161420 bytes
0
Total Heap: 324832 bytes
Free Heap: 163300 bytes
Used Heap: 161532 bytes
Keep Alive Check
0
Total Heap: 324820 bytes
Free Heap: 160136 bytes
Used Heap: 163108 bytes
0
Total Heap: 324824 bytes
Free Heap: 161724 bytes
Used Heap: 163120 bytes
0
Total Heap: 324832 bytes
Free Heap: 163416 bytes
Used Heap: 161420 bytes
0
Total Heap: 324832 bytes
Free Heap: 163300 bytes
Used Heap: 161532 bytes
0
Total Heap: 324832 bytes
Free Heap: 163412 bytes
Used Heap: 161424 bytes
0
Total Heap: 324836 bytes
Free Heap: 161832 bytes
Used Heap: 163000 bytes
0
Total Heap: 324832 bytes
Free Heap: 163416 bytes
Used Heap: 161420 bytes
0
Total Heap: 324832 bytes
Free Heap: 163288 bytes
Used Heap: 161544 bytes
0
Total Heap: 324832 bytes
Free Heap: 163404 bytes
Used Heap: 161432 bytes
0
Total Heap: 324832 bytes
Free Heap: 163288 bytes
Used Heap: 161564 bytes
Keep Alive Check
0
Total Heap: 324836 bytes
Free Heap: 163416 bytes
Used Heap: 161452 bytes
0
Total Heap: 324832 bytes
Free Heap: 163300 bytes
Used Heap: 161564 bytes
0
Total Heap: 324836 bytes
Free Heap: 163532 bytes
Used Heap: 161424 bytes
0
Total Heap: 324832 bytes
Free Heap: 163300 bytes
Used Heap: 161564 bytes
0
Total Heap: 324832 bytes
Free Heap: 163300 bytes
Used Heap: 161532 bytes
0
Total Heap: 324832 bytes
Free Heap: 163300 bytes
Used Heap: 161532 bytes
0
Total Heap: 324832 bytes
Free Heap: 163300 bytes
Used Heap: 161564 bytes
0
Total Heap: 324828 bytes
Free Heap: 163416 bytes
Used Heap: 161420 bytes
0
Total Heap: 324832 bytes
Free Heap: 163296 bytes
Used Heap: 161536 bytes
0
Total Heap: 324832 bytes
Free Heap: 163300 bytes
Used Heap: 161532 bytes
Keep Alive Check
0
Total Heap: 324832 bytes
Free Heap: 163300 bytes
Used Heap: 161412 bytes
0
Total Heap: 324832 bytes
Free Heap: 163300 bytes
Used Heap: 161552 bytes
0
Total Heap: 324832 bytes
Free Heap: 163300 bytes
Used Heap: 161552 bytes
0
Total Heap: 324832 bytes
Free Heap: 163284 bytes
Used Heap: 161576 bytes
0
Total Heap: 324832 bytes
Free Heap: 163404 bytes
Used Heap: 161432 bytes
0
Total Heap: 324832 bytes
Free Heap: 163288 bytes
Used Heap: 161576 bytes
0
Total Heap: 324828 bytes
Free Heap: 163384 bytes
Used Heap: 161448 bytes
0
Total Heap: 324832 bytes
Free Heap: 163288 bytes
Used Heap: 161564 bytes
0
Total Heap: 324832 bytes
Free Heap: 163288 bytes
Used Heap: 161544 bytes
0
Total Heap: 324832 bytes
Free Heap: 163404 bytes
Used Heap: 161432 bytes
Keep Alive Check
0
Total Heap: 324828 bytes
Free Heap: 163404 bytes
Used Heap: 161432 bytes
0
Total Heap: 324832 bytes
Free Heap: 163288 bytes
Used Heap: 161544 bytes
0
Total Heap: 324828 bytes
Free Heap: 163268 bytes
Used Heap: 161440 bytes
0
Total Heap: 324828 bytes
Free Heap: 163404 bytes
Used Heap: 161432 bytes
0
Total Heap: 324832 bytes
Free Heap: 163288 bytes
Used Heap: 161576 bytes
0
Total Heap: 324828 bytes
Free Heap: 163404 bytes
Used Heap: 161432 bytes
0
Total Heap: 324836 bytes
Free Heap: 163384 bytes
Used Heap: 161320 bytes
0
Total Heap: 324836 bytes
Free Heap: 163384 bytes
Used Heap: 161312 bytes
0
Total Heap: 324836 bytes
Free Heap: 163520 bytes
Used Heap: 161432 bytes
0
Total Heap: 324832 bytes
Free Heap: 163288 bytes
Used Heap: 161576 bytes
Keep Alive Check
0
Total Heap: 324832 bytes
Free Heap: 163288 bytes
Used Heap: 161544 bytes
0
Total Heap: 324832 bytes
Free Heap: 163268 bytes
Used Heap: 161424 bytes
0
Total Heap: 324832 bytes
Free Heap: 159856 bytes
Used Heap: 163244 bytes
0
Total Heap: 324836 bytes
Free Heap: 163520 bytes
Used Heap: 161320 bytes
0
Total Heap: 324832 bytes
Free Heap: 163404 bytes
Used Heap: 161432 bytes
0
Total Heap: 324832 bytes
Free Heap: 163404 bytes
Used Heap: 161432 bytes
0
Total Heap: 324840 bytes
Free Heap: 163520 bytes
Used Heap: 161320 bytes
0
Total Heap: 324832 bytes
Free Heap: 163288 bytes
Used Heap: 161576 bytes
0
Total Heap: 324832 bytes
Free Heap: 163248 bytes
Used Heap: 161556 bytes
0
Total Heap: 324832 bytes
Free Heap: 163404 bytes
Used Heap: 161432 bytes
Keep Alive Check
0
Total Heap: 324832 bytes
Free Heap: 163300 bytes
Used Heap: 161532 bytes
0
Total Heap: 324832 bytes
Free Heap: 163416 bytes
Used Heap: 161420 bytes
0
Total Heap: 324832 bytes
Free Heap: 163288 bytes
Used Heap: 161576 bytes
0
Total Heap: 324832 bytes
Free Heap: 163404 bytes
Used Heap: 161432 bytes
0
Total Heap: 324832 bytes
Free Heap: 163288 bytes
Used Heap: 161576 bytes
0
Total Heap: 324832 bytes
Free Heap: 163288 bytes
Used Heap: 161576 bytes
0
Total Heap: 324840 bytes
Free Heap: 163404 bytes
Used Heap: 161432 bytes
0
Total Heap: 324832 bytes
Free Heap: 163404 bytes
Used Heap: 161432 bytes
0
Total Heap: 324832 bytes
Free Heap: 163288 bytes
Used Heap: 161576 bytes
0
Total Heap: 324832 bytes
Free Heap: 163288 bytes
Used Heap: 163244 bytes
Keep Alive Check
0
Total Heap: 324832 bytes
Free Heap: 163288 bytes
Used Heap: 161424 bytes
0
Total Heap: 324828 bytes
Free Heap: 163268 bytes
Used Heap: 161580 bytes
0
Total Heap: 324832 bytes
Free Heap: 163288 bytes
Used Heap: 161564 bytes
0
Total Heap: 324832 bytes
Free Heap: 163288 bytes
Used Heap: 161576 bytes
0
Total Heap: 324832 bytes
Free Heap: 163520 bytes
Used Heap: 163020 bytes
0
Total Heap: 324832 bytes
Free Heap: 163296 bytes
Used Heap: 161556 bytes
0
Total Heap: 324832 bytes
Free Heap: 163296 bytes
Used Heap: 161416 bytes
0
Total Heap: 324832 bytes
Free Heap: 163276 bytes
Used Heap: 161576 bytes
0
Total Heap: 324832 bytes
Free Heap: 163276 bytes
Used Heap: 161576 bytes
0
Total Heap: 324832 bytes
Free Heap: 161556 bytes
Used Heap: 161560 bytes
Keep Alive Check
0
Total Heap: 324832 bytes
Free Heap: 163248 bytes
Used Heap: 161444 bytes
0
Total Heap: 324828 bytes
Free Heap: 163256 bytes
Used Heap: 161592 bytes
0
Total Heap: 324832 bytes
Free Heap: 163276 bytes
Used Heap: 161576 bytes
0
Total Heap: 324832 bytes
Free Heap: 163300 bytes
Used Heap: 161532 bytes
0
Total Heap: 324832 bytes
Free Heap: 163300 bytes
Used Heap: 161552 bytes
0
Total Heap: 324836 bytes
Free Heap: 163256 bytes
Used Heap: 163308 bytes
0
Total Heap: 324832 bytes
Free Heap: 163280 bytes
Used Heap: 161584 bytes
0
Total Heap: 324828 bytes
Free Heap: 163256 bytes
Used Heap: 161452 bytes
0
Total Heap: 324832 bytes
Free Heap: 163288 bytes
Used Heap: 161576 bytes
0
Total Heap: 324832 bytes
Free Heap: 163288 bytes
Used Heap: 161576 bytes
Keep Alive Check
0
Total Heap: 324836 bytes
Free Heap: 163404 bytes
Used Heap: 161432 bytes
0
Total Heap: 324832 bytes
Free Heap: 163276 bytes
Used Heap: 161556 bytes
0
Total Heap: 324832 bytes
Free Heap: 163404 bytes
Used Heap: 161432 bytes
0
Total Heap: 324832 bytes
Free Heap: 163276 bytes
Used Heap: 161556 bytes
0
Total Heap: 324832 bytes
Free Heap: 163392 bytes
Used Heap: 161444 bytes
0
Total Heap: 324832 bytes
Free Heap: 163284 bytes
Used Heap: 161576 bytes
0
Total Heap: 324832 bytes
Free Heap: 163276 bytes
Used Heap: 161576 bytes
0
Total Heap: 324828 bytes
Free Heap: 163256 bytes
Used Heap: 161592 bytes
0
Total Heap: 324832 bytes
Free Heap: 163276 bytes
Used Heap: 161576 bytes
0
Total Heap: 324832 bytes
Free Heap: 163276 bytes
Used Heap: 161576 bytes
Keep Alive Check
0
Total Heap: 324832 bytes
Free Heap: 163392 bytes
Used Heap: 161444 bytes
0
Total Heap: 324836 bytes
Free Heap: 163288 bytes
Used Heap: 161544 bytes
0
Total Heap: 324832 bytes
Free Heap: 163276 bytes
Used Heap: 161576 bytes
0
Total Heap: 324832 bytes
Free Heap: 163276 bytes
Used Heap: 161576 bytes
0
Total Heap: 324840 bytes
Free Heap: 163508 bytes
Used Heap: 161332 bytes
0
Total Heap: 324836 bytes
Free Heap: 161696 bytes
Used Heap: 161412 bytes
0
Total Heap: 324836 bytes
Free Heap: 161632 bytes
Used Heap: 161556 bytes
0
Total Heap: 324828 bytes
Free Heap: 163256 bytes
Used Heap: 161592 bytes
0
Total Heap: 324832 bytes
Free Heap: 163296 bytes
Used Heap: 161556 bytes
0
Total Heap: 324832 bytes
Free Heap: 163300 bytes
Used Heap: 161532 bytes
Keep Alive Check
0
Total Heap: 324832 bytes
Free Heap: 163308 bytes
Used Heap: 161524 bytes
0
Total Heap: 324828 bytes
Free Heap: 163392 bytes
Used Heap: 161440 bytes
0
Total Heap: 324828 bytes
Free Heap: 163412 bytes
Used Heap: 161424 bytes
0
Total Heap: 324832 bytes
Free Heap: 163296 bytes
Used Heap: 161564 bytes
0
Total Heap: 324832 bytes
Free Heap: 163296 bytes
Used Heap: 161536 bytes
0
Total Heap: 324836 bytes
Free Heap: 163412 bytes
Used Heap: 161424 bytes
0
Total Heap: 324836 bytes
Free Heap: 163404 bytes
Used Heap: 161312 bytes
[0;32mI (256365) HTTPS_SERVER: Fin: 1, OpCode: 1 (TEXT), Mask: 1, Len: 1[0m
[HTTPS:I] WS payload: length=1
l
ssh cmd received:
l
ssh command processing finished
[0;32mI (256441) HTTPS_SERVER: Fin: 1, OpCode: 1 (TEXT), Mask: 1, Len: 1[0m
[HTTPS:I] WS payload: length=1
s
ssh cmd received:
s
ssh command processing finished
[0;32mI (256586) HTTPS_SERVER: Fin: 1, OpCode: 1 (TEXT), Mask: 1, Len: 1[0m
[HTTPS:I] WS payload: length=1

ssh cmd received:

ssh command processing finished
0
Total Heap: 324836 bytes
Free Heap: 163300 bytes
Used Heap: 161560 bytes
[0;32mI (258044) HTTPS_SERVER: Fin: 1, OpCode: 1 (TEXT), Mask: 1, Len: 1[0m
[HTTPS:I] WS payload: length=1
c
ssh cmd received:
c
ssh command processing finished
[0;32mI (258081) HTTPS_SERVER: Fin: 1, OpCode: 1 (TEXT), Mask: 1, Len: 1[0m
[HTTPS:I] WS payload: length=1
a
ssh cmd received:
a
ssh command processing finished
0
Total Heap: 324812 bytes
Free Heap: 160264 bytes
Used Heap: 164552 bytes
[0;32mI (258222) HTTPS_SERVER: Fin: 1, OpCode: 1 (TEXT), Mask: 1, Len: 1[0m
[HTTPS:I] WS payload: length=1
t
ssh cmd received:
t
ssh command processing finished
[0;32mI (258290) HTTPS_SERVER: Fin: 1, OpCode: 1 (TEXT), Mask: 1, Len: 1[0m
[HTTPS:I] WS payload: length=1
 
ssh cmd received:
 
ssh command processing finished
[0;32mI (258454) HTTPS_SERVER: Fin: 1, OpCode: 1 (TEXT), Mask: 1, Len: 1[0m
[HTTPS:I] WS payload: length=1
t
ssh cmd received:
t
ssh command processing finished
[0;32mI (258535) HTTPS_SERVER: Fin: 1, OpCode: 1 (TEXT), Mask: 1, Len: 1[0m
[HTTPS:I] WS payload: length=1
e
ssh cmd received:
e
ssh command processing finished
[0;32mI (258613) HTTPS_SERVER: Fin: 1, OpCode: 1 (TEXT), Mask: 1, Len: 1[0m
[HTTPS:I] WS payload: length=1
x
ssh cmd received:
x
ssh command processing finished
[0;32mI (258914) HTTPS_SERVER: Fin: 1, OpCode: 1 (TEXT), Mask: 1, Len: 1[0m
[HTTPS:I] WS payload: length=1

ssh cmd received:

ssh command processing finished
[0;32mI (259064) HTTPS_SERVER: Fin: 1, OpCode: 1 (TEXT), Mask: 1, Len: 1[0m
[HTTPS:I] WS payload: length=1
s
ssh cmd received:
s
ssh command processing finished
[0;32mI (259110) HTTPS_SERVER: Fin: 1, OpCode: 1 (TEXT), Mask: 1, Len: 1[0m
[HTTPS:I] WS payload: length=1
t
ssh cmd received:
t
ssh command processing finished
0
Total Heap: 324828 bytes
Free Heap: 163504 bytes
Used Heap: 161332 bytes
[0;32mI (259362) HTTPS_SERVER: Fin: 1, OpCode: 1 (TEXT), Mask: 1, Len: 1[0m
[HTTPS:I] WS payload: length=1
.
ssh cmd received:
.
ssh command processing finished
[0;32mI (259433) HTTPS_SERVER: Fin: 1, OpCode: 1 (TEXT), Mask: 1, Len: 1[0m
[HTTPS:I] WS payload: length=1
t
ssh cmd received:
t
ssh command processing finished
Keep Alive Check
[0;32mI (259565) HTTPS_SERVER: Fin: 1, OpCode: 1 (TEXT), Mask: 1, Len: 1[0m
[HTTPS:I] WS payload: length=1
x
ssh cmd received:
x
ssh command processing finished
[0;32mI (259666) HTTPS_SERVER: Fin: 1, OpCode: 1 (TEXT), Mask: 1, Len: 1[0m
[HTTPS:I] WS payload: length=1
t
ssh cmd received:
t
ssh command processing finished
[0;32mI (259798) HTTPS_SERVER: Fin: 1, OpCode: 1 (TEXT), Mask: 1, Len: 1[0m
[HTTPS:I] WS payload: length=1

ssh cmd received:

ssh command processing finished
0
Total Heap: 324836 bytes
Free Heap: 163288 bytes
Used Heap: 161564 bytes
0
Total Heap: 324832 bytes
Free Heap: 163292 bytes
Used Heap: 161540 bytes
0
Total Heap: 324832 bytes
Free Heap: 163292 bytes
Used Heap: 161560 bytes
0
Total Heap: 324828 bytes
Free Heap: 163408 bytes
Used Heap: 161428 bytes
0
Total Heap: 324840 bytes
Free Heap: 163524 bytes
Used Heap: 161428 bytes
[0;32mI (264460) HTTPS_SERVER: Fin: 1, OpCode: 1 (TEXT), Mask: 1, Len: 1[0m
[HTTPS:I] WS payload: length=1
c
ssh cmd received:
c
ssh command processing finished
[0;32mI (264522) HTTPS_SERVER: Fin: 1, OpCode: 1 (TEXT), Mask: 1, Len: 1[0m
[HTTPS:I] WS payload: length=1
l
ssh cmd received:
l
ssh command processing finished
[0;32mI (264612) HTTPS_SERVER: Fin: 1, OpCode: 1 (TEXT), Mask: 1, Len: 1[0m
[HTTPS:I] WS payload: length=1
e
ssh cmd received:
e
ssh command processing finished
[0;32mI (264754) HTTPS_SERVER: Fin: 1, OpCode: 1 (TEXT), Mask: 1, Len: 1[0m
[HTTPS:I] WS payload: length=1
a
ssh cmd received:
a
ssh command processing finished
[0;32mI (264810) HTTPS_SERVER: Fin: 1, OpCode: 1 (TEXT), Mask: 1, Len: 1[0m
[HTTPS:I] WS payload: length=1
r
ssh cmd received:
r
ssh command processing finished
0
Total Heap: 324840 bytes
Free Heap: 163524 bytes
Used Heap: 161548 bytes
[0;32mI (266023) HTTPS_SERVER: Fin: 1, OpCode: 1 (TEXT), Mask: 1, Len: 1[0m
[HTTPS:I] WS payload: length=1

ssh cmd received:

ssh command processing finished
0
Total Heap: 324820 bytes
Free Heap: 161820 bytes
Used Heap: 163120 bytes
0
Total Heap: 324820 bytes
Free Heap: 159992 bytes
Used Heap: 163148 bytes
0
Total Heap: 324828 bytes
Free Heap: 161808 bytes
Used Heap: 163016 bytes
[0;32mI (268452) HTTPS_SERVER: Fin: 1, OpCode: 1 (TEXT), Mask: 1, Len: 1[0m
[HTTPS:I] WS payload: length=1

ssh cmd received:

ssh command processing finished
[0;32mI (268662) HTTPS_SERVER: Fin: 1, OpCode: 1 (TEXT), Mask: 1, Len: 1[0m
[HTTPS:I] WS payload: length=1

ssh cmd received:

ssh command processing finished
[0;32mI (268836) HTTPS_SERVER: Fin: 1, OpCode: 1 (TEXT), Mask: 1, Len: 1[0m
[HTTPS:I] WS payload: length=1

ssh cmd received:

ssh command processing finished
[0;32mI (269049) HTTPS_SERVER: Fin: 1, OpCode: 1 (TEXT), Mask: 1, Len: 1[0m
[HTTPS:I] WS payload: length=1

ssh cmd received:

ssh command processing finished
0
Total Heap: 324812 bytes
Free Heap: 160264 bytes
Used Heap: 164552 bytes
[0;32mI (269251) HTTPS_SERVER: Fin: 1, OpCode: 1 (TEXT), Mask: 1, Len: 1[0m
[HTTPS:I] WS payload: length=1

ssh cmd received:

ssh command processing finished
[0;32mI (269444) HTTPS_SERVER: Fin: 1, OpCode: 1 (TEXT), Mask: 1, Len: 1[0m
[HTTPS:I] WS payload: length=1

ssh cmd received:

ssh command processing finished
Keep Alive Check
[0;32mI (269794) HTTPS_SERVER: Fin: 1, OpCode: 1 (TEXT), Mask: 1, Len: 1[0m
[HTTPS:I] WS payload: length=1
f
ssh cmd received:
f
ssh command processing finished
[0;32mI (269928) HTTPS_SERVER: Fin: 1, OpCode: 1 (TEXT), Mask: 1, Len: 1[0m
[HTTPS:I] WS payload: length=1
a
ssh cmd received:
a
ssh command processing finished
[0;32mI (270063) HTTPS_SERVER: Fin: 1, OpCode: 1 (TEXT), Mask: 1, Len: 1[0m
[HTTPS:I] WS payload: length=1
s
ssh cmd received:
s
ssh command processing finished
[0;32mI (270168) HTTPS_SERVER: Fin: 1, OpCode: 1 (TEXT), Mask: 1, Len: 1[0m
[HTTPS:I] WS payload: length=1
t
ssh cmd received:
t
ssh command processing finished
0
Total Heap: 324800 bytes
Free Heap: 158552 bytes
Used Heap: 166248 bytes
[0;32mI (270381) HTTPS_SERVER: Fin: 1, OpCode: 1 (TEXT), Mask: 1, Len: 1[0m
[HTTPS:I] WS payload: length=1
f
ssh cmd received:
f
ssh command processing finished
[0;32mI (270601) HTTPS_SERVER: Fin: 1, OpCode: 1 (TEXT), Mask: 1, Len: 1[0m
[HTTPS:I] WS payload: length=1
e
ssh cmd received:
e
ssh command processing finished
[0;32mI (270633) HTTPS_SERVER: Fin: 1, OpCode: 1 (TEXT), Mask: 1, Len: 1[0m
[HTTPS:I] WS payload: length=1
t
ssh cmd received:
t
ssh command processing finished
[0;32mI (270853) HTTPS_SERVER: Fin: 1, OpCode: 1 (TEXT), Mask: 1, Len: 1[0m
[HTTPS:I] WS payload: length=1
c
ssh cmd received:
c
ssh command processing finished
[0;32mI (270963) HTTPS_SERVER: Fin: 1, OpCode: 1 (TEXT), Mask: 1, Len: 1[0m
[HTTPS:I] WS payload: length=1
h
ssh cmd received:
h
ssh command processing finished
0
Total Heap: 324836 bytes
Free Heap: 163408 bytes
Used Heap: 161428 bytes
[0;32mI (271426) HTTPS_SERVER: Fin: 1, OpCode: 1 (TEXT), Mask: 1, Len: 1[0m
[HTTPS:I] WS payload: length=1

ssh cmd received:

ssh command processing finished
0
Total Heap: 324836 bytes
Free Heap: 163268 bytes
Used Heap: 161584 bytes
0
Total Heap: 324824 bytes
Free Heap: 161560 bytes
Used Heap: 163260 bytes
0
Total Heap: 324832 bytes
Free Heap: 163280 bytes
Used Heap: 161552 bytes
0
Total Heap: 324836 bytes
Free Heap: 163280 bytes
Used Heap: 161552 bytes
0
Total Heap: 324832 bytes
Free Heap: 163288 bytes
Used Heap: 161544 bytes
0
Total Heap: 324828 bytes
Free Heap: 163260 bytes
Used Heap: 161448 bytes
0
Total Heap: 324832 bytes
Free Heap: 163280 bytes
Used Heap: 163252 bytes
[0;32mI (278907) HTTPS_SERVER: Fin: 1, OpCode: 1 (TEXT), Mask: 1, Len: 1[0m
[HTTPS:I] WS payload: length=1
k
ssh cmd received:
k
ssh command processing finished
[0;32mI (279123) HTTPS_SERVER: Fin: 1, OpCode: 1 (TEXT), Mask: 1, Len: 1[0m
[HTTPS:I] WS payload: length=1
f
ssh cmd received:
f
ssh command processing finished
0
Total Heap: 324820 bytes
Free Heap: 161828 bytes
Used Heap: 163112 bytes
[0;32mI (279258) HTTPS_SERVER: Fin: 1, OpCode: 1 (TEXT), Mask: 1, Len: 1[0m
[HTTPS:I] WS payload: length=1
o
ssh cmd received:
o
ssh command processing finished
[0;32mI (279436) HTTPS_SERVER: Fin: 1, OpCode: 1 (TEXT), Mask: 1, Len: 1[0m
[HTTPS:I] WS payload: length=1
f
ssh cmd received:
f
ssh command processing finished
[0;32mI (279495) HTTPS_SERVER: Fin: 1, OpCode: 1 (TEXT), Mask: 1, Len: 1[0m
[HTTPS:I] WS payload: length=1
p
ssh cmd received:
p
ssh command processing finished
Keep Alive Check
[0;32mI (279604) HTTPS_SERVER: Fin: 1, OpCode: 1 (TEXT), Mask: 1, Len: 1[0m
[HTTPS:I] WS payload: length=1
s
ssh cmd received:
s
ssh command processing finished
[0;32mI (280197) HTTPS_SERVER: Fin: 1, OpCode: 1 (TEXT), Mask: 1, Len: 1[0m
[HTTPS:I] WS payload: length=1
k
ssh cmd received:
k
ssh command processing finished
[0;32mI (280246) HTTPS_SERVER: Fin: 1, OpCode: 1 (TEXT), Mask: 1, Len: 1[0m
[HTTPS:I] WS payload: length=1
f
ssh cmd received:
f
ssh command processing finished
0
Total Heap: 324788 bytes
Free Heap: 159740 bytes
Used Heap: 164932 bytes
[0;32mI (280321) HTTPS_SERVER: Fin: 1, OpCode: 1 (TEXT), Mask: 1, Len: 1[0m
[HTTPS:I] WS payload: length=1
o
ssh cmd received:
o
ssh command processing finished
[0;32mI (280421) HTTPS_SERVER: Fin: 1, OpCode: 1 (TEXT), Mask: 1, Len: 1[0m
[HTTPS:I] WS payload: length=1
s
ssh cmd received:
s
ssh command processing finished
[0;32mI (280481) HTTPS_SERVER: Fin: 1, OpCode: 1 (TEXT), Mask: 1, Len: 1[0m
[HTTPS:I] WS payload: length=1
p
ssh cmd received:
p
ssh command processing finished
[0;32mI (280999) HTTPS_SERVER: Fin: 1, OpCode: 1 (TEXT), Mask: 1, Len: 1[0m
[HTTPS:I] WS payload: length=1
k
ssh cmd received:
k
ssh command processing finished
[0;32mI (281110) HTTPS_SERVER: Fin: 1, OpCode: 1 (TEXT), Mask: 1, Len: 1[0m
[HTTPS:I] WS payload: length=1
f
ssh cmd received:
f
ssh command processing finished
[0;32mI (281169) HTTPS_SERVER: Fin: 1, OpCode: 1 (TEXT), Mask: 1, Len: 1[0m
[HTTPS:I] WS payload: length=1
o
ssh cmd received:
o
ssh command processing finished
0
Total Heap: 324816 bytes
Free Heap: 160280 bytes
Used Heap: 164540 bytes
[0;32mI (281298) HTTPS_SERVER: Fin: 1, OpCode: 1 (TEXT), Mask: 1, Len: 1[0m
[HTTPS:I] WS payload: length=1
s
ssh cmd received:
s
ssh command processing finished
[0;32mI (281367) HTTPS_SERVER: Fin: 1, OpCode: 1 (TEXT), Mask: 1, Len: 1[0m
[HTTPS:I] WS payload: length=1
p
ssh cmd received:
p
ssh command processing finished
[0;32mI (281855) HTTPS_SERVER: Fin: 1, OpCode: 1 (TEXT), Mask: 1, Len: 1[0m
[HTTPS:I] WS payload: length=1
k
ssh cmd received:
k
ssh command processing finished
[0;32mI (281905) HTTPS_SERVER: Fin: 1, OpCode: 1 (TEXT), Mask: 1, Len: 1[0m
[HTTPS:I] WS payload: length=1
f
ssh cmd received:
f
ssh command processing finished
[0;32mI (281980) HTTPS_SERVER: Fin: 1, OpCode: 1 (TEXT), Mask: 1, Len: 1[0m
[HTTPS:I] WS payload: length=1
o
ssh cmd received:
o
ssh command processing finished
[0;32mI (282088) HTTPS_SERVER: Fin: 1, OpCode: 1 (TEXT), Mask: 1, Len: 1[0m
[HTTPS:I] WS payload: length=1
s
ssh cmd received:
s
ssh command processing finished
[0;32mI (282157) HTTPS_SERVER: Fin: 1, OpCode: 1 (TEXT), Mask: 1, Len: 1[0m
[HTTPS:I] WS payload: length=1
p
ssh cmd received:
p
ssh command processing finished
0
Total Heap: 324840 bytes
Free Heap: 163532 bytes
Used Heap: 161308 bytes
[0;32mI (282575) HTTPS_SERVER: Fin: 1, OpCode: 1 (TEXT), Mask: 1, Len: 1[0m
[HTTPS:I] WS payload: length=1

ssh cmd received:

ssh command processing finished
[0;32mI (283043) HTTPS_SERVER: Fin: 1, OpCode: 1 (TEXT), Mask: 1, Len: 1[0m
[HTTPS:I] WS payload: length=1

ssh cmd received:

ssh command processing finished
0
Total Heap: 324816 bytes
Free Heap: 161700 bytes
Used Heap: 162984 bytes
0
Total Heap: 324828 bytes
Free Heap: 161688 bytes
Used Heap: 166524 bytes
0
Total Heap: 324836 bytes
Free Heap: 163524 bytes
Used Heap: 161432 bytes
0
Total Heap: 324832 bytes
Free Heap: 163292 bytes
Used Heap: 161560 bytes
0
Total Heap: 324832 bytes
Free Heap: 163292 bytes
Used Heap: 161540 bytes
0
Total Heap: 324832 bytes
Free Heap: 163292 bytes
Used Heap: 161560 bytes
0
Total Heap: 324832 bytes
Free Heap: 163300 bytes
Used Heap: 161560 bytes
Keep Alive Check
0
Total Heap: 324832 bytes
Free Heap: 163292 bytes
Used Heap: 161540 bytes
0
Total Heap: 324832 bytes
Free Heap: 163304 bytes
Used Heap: 161528 bytes
0
Total Heap: 324832 bytes
Free Heap: 163304 bytes
Used Heap: 161560 bytes
0
Total Heap: 324832 bytes
Free Heap: 163536 bytes
Used Heap: 161304 bytes
[0;32mI (293378) HTTPS_SERVER: Fin: 1, OpCode: 1 (TEXT), Mask: 1, Len: 1[0m
[HTTPS:I] WS payload: length=1
c
ssh cmd received:
c
ssh command processing finished
[0;32mI (293430) HTTPS_SERVER: Fin: 1, OpCode: 1 (TEXT), Mask: 1, Len: 1[0m
[HTTPS:I] WS payload: length=1
l
ssh cmd received:
l
ssh command processing finished
[0;32mI (293488) HTTPS_SERVER: Fin: 1, OpCode: 1 (TEXT), Mask: 1, Len: 1[0m
[HTTPS:I] WS payload: length=1
e
ssh cmd received:
e
ssh command processing finished
[0;32mI (293578) HTTPS_SERVER: Fin: 1, OpCode: 1 (TEXT), Mask: 1, Len: 1[0m
[HTTPS:I] WS payload: length=1
a
ssh cmd received:
a
ssh command processing finished
[0;32mI (293639) HTTPS_SERVER: Fin: 1, OpCode: 1 (TEXT), Mask: 1, Len: 1[0m
[HTTPS:I] WS payload: length=1
r
ssh cmd received:
r
ssh command processing finished
[0;32mI (293772) HTTPS_SERVER: Fin: 1, OpCode: 1 (TEXT), Mask: 1, Len: 1[0m
[HTTPS:I] WS payload: length=1

ssh cmd received:

ssh command processing finished
0
Total Heap: 324836 bytes
Free Heap: 161592 bytes
Used Heap: 163296 bytes
[0;32mI (294733) HTTPS_SERVER: Fin: 1, OpCode: 1 (TEXT), Mask: 1, Len: 1[0m
[HTTPS:I] WS payload: length=1
k
ssh cmd received:
k
ssh command processing finished
[0;32mI (294788) HTTPS_SERVER: Fin: 1, OpCode: 1 (TEXT), Mask: 1, Len: 1[0m
[HTTPS:I] WS payload: length=1
s
ssh cmd received:
s
ssh command processing finished
0
Total Heap: 324836 bytes
Free Heap: 163524 bytes
Used Heap: 161316 bytes
[0;32mI (296142) HTTPS_SERVER: Fin: 1, OpCode: 1 (TEXT), Mask: 1, Len: 1[0m
[HTTPS:I] WS payload: length=1
l
ssh cmd received:
l
ssh command processing finished
[0;32mI (296288) HTTPS_SERVER: Fin: 1, OpCode: 1 (TEXT), Mask: 1, Len: 1[0m
[HTTPS:I] WS payload: length=1
o
ssh cmd received:
o
ssh command processing finished
0
Total Heap: 324824 bytes
Free Heap: 161704 bytes
Used Heap: 162988 bytes
[0;32mI (296416) HTTPS_SERVER: Fin: 1, OpCode: 1 (TEXT), Mask: 1, Len: 1[0m
[HTTPS:I] WS payload: length=1
k
ssh cmd received:
k
ssh command processing finished
[0;32mI (296740) HTTPS_SERVER: Fin: 1, OpCode: 1 (TEXT), Mask: 1, Len: 1[0m
[HTTPS:I] WS payload: length=1
u
ssh cmd received:
u
ssh command processing finished
[0;32mI (296955) HTTPS_SERVER: Fin: 1, OpCode: 1 (TEXT), Mask: 1, Len: 1[0m
[HTTPS:I] WS payload: length=1
k
ssh cmd received:
k
ssh command processing finished
[0;32mI (297124) HTTPS_SERVER: Fin: 1, OpCode: 1 (TEXT), Mask: 1, Len: 1[0m
[HTTPS:I] WS payload: length=1
i
ssh cmd received:
i
ssh command processing finished
[0;32mI (297291) HTTPS_SERVER: Fin: 1, OpCode: 1 (TEXT), Mask: 1, Len: 1[0m
[HTTPS:I] WS payload: length=1
l
ssh cmd received:
l
ssh command processing finished
0
Total Heap: 324824 bytes
Free Heap: 161960 bytes
Used Heap: 162872 bytes
[0;32mI (297408) HTTPS_SERVER: Fin: 1, OpCode: 1 (TEXT), Mask: 1, Len: 1[0m
[HTTPS:I] WS payload: length=1
o
ssh cmd received:
o
ssh command processing finished
[0;32mI (298062) HTTPS_SERVER: Fin: 1, OpCode: 1 (TEXT), Mask: 1, Len: 1[0m
[HTTPS:I] WS payload: length=1
k
ssh cmd received:
k
ssh command processing finished
[0;32mI (298243) HTTPS_SERVER: Fin: 1, OpCode: 1 (TEXT), Mask: 1, Len: 1[0m
[HTTPS:I] WS payload: length=1
i
ssh cmd received:
i
ssh command processing finished
0
Total Heap: 324812 bytes
Free Heap: 160156 bytes
Used Heap: 164680 bytes
[0;32mI (298443) HTTPS_SERVER: Fin: 1, OpCode: 1 (TEXT), Mask: 1, Len: 1[0m
[HTTPS:I] WS payload: length=1
j
ssh cmd received:
j
ssh command processing finished
[0;32mI (298626) HTTPS_SERVER: Fin: 1, OpCode: 1 (TEXT), Mask: 1, Len: 1[0m
[HTTPS:I] WS payload: length=1
u
ssh cmd received:
u
ssh command processing finished
[0;32mI (298747) HTTPS_SERVER: Fin: 1, OpCode: 1 (TEXT), Mask: 1, Len: 1[0m
[HTTPS:I] WS payload: length=1
k
ssh cmd received:
k
ssh command processing finished
[0;32mI (298950) HTTPS_SERVER: Fin: 1, OpCode: 1 (TEXT), Mask: 1, Len: 1[0m
[HTTPS:I] WS payload: length=1
i
ssh cmd received:
i
ssh command processing finished
[0;32mI (299141) HTTPS_SERVER: Fin: 1, OpCode: 1 (TEXT), Mask: 1, Len: 1[0m
[HTTPS:I] WS payload: length=1
l
ssh cmd received:
l
ssh command processing finished
[0;32mI (299291) HTTPS_SERVER: Fin: 1, OpCode: 1 (TEXT), Mask: 1, Len: 1[0m
[HTTPS:I] WS payload: length=1
o
ssh cmd received:
o
ssh command processing finished
0
Total Heap: 324816 bytes
Free Heap: 161716 bytes
Used Heap: 164856 bytes
[0;32mI (299512) HTTPS_SERVER: Fin: 1, OpCode: 1 (TEXT), Mask: 1, Len: 1[0m
[HTTPS:I] WS payload: length=1
l
ssh cmd received:
l
ssh command processing finished
Keep Alive Check
[0;32mI (299708) HTTPS_SERVER: Fin: 1, OpCode: 1 (TEXT), Mask: 1, Len: 1[0m
[HTTPS:I] WS payload: length=1
p
ssh cmd received:
p
ssh command processing finished
[0;32mI (299920) HTTPS_SERVER: Fin: 1, OpCode: 1 (TEXT), Mask: 1, Len: 1[0m
[HTTPS:I] WS payload: length=1
l
ssh cmd received:
l
ssh command processing finished
[0;32mI (300091) HTTPS_SERVER: Fin: 1, OpCode: 1 (TEXT), Mask: 1, Len: 1[0m
[HTTPS:I] WS payload: length=1
o
ssh cmd received:
o
ssh command processing finished
[0;32mI (300259) HTTPS_SERVER: Fin: 1, OpCode: 1 (TEXT), Mask: 1, Len: 1[0m
[HTTPS:I] WS payload: length=1
l
ssh cmd received:
l
ssh command processing finished
0
Total Heap: 324824 bytes
Free Heap: 161820 bytes
Used Heap: 162984 bytes
[0;32mI (300506) HTTPS_SERVER: Fin: 1, OpCode: 1 (TEXT), Mask: 1, Len: 1[0m
[HTTPS:I] WS payload: length=1
k
ssh cmd received:
k
ssh command processing finished
[0;32mI (300692) HTTPS_SERVER: Fin: 1, OpCode: 1 (TEXT), Mask: 1, Len: 1[0m
[HTTPS:I] WS payload: length=1
i
ssh cmd received:
i
ssh command processing finished
[0;32mI (300929) HTTPS_SERVER: Fin: 1, OpCode: 1 (TEXT), Mask: 1, Len: 1[0m
[HTTPS:I] WS payload: length=1
j
ssh cmd received:
j
ssh command processing finished
[0;32mI (301054) HTTPS_SERVER: Fin: 1, OpCode: 1 (TEXT), Mask: 1, Len: 1[0m
[HTTPS:I] WS payload: length=1
u
ssh cmd received:
u
ssh command processing finished
0
Total Heap: 324832 bytes
Free Heap: 163292 bytes
Used Heap: 161540 bytes
[0;32mI (301689) HTTPS_SERVER: Fin: 1, OpCode: 1 (TEXT), Mask: 1, Len: 1[0m
[HTTPS:I] WS payload: length=1
i
ssh cmd received:
i
ssh command processing finished
[0;32mI (301904) HTTPS_SERVER: Fin: 1, OpCode: 1 (TEXT), Mask: 1, Len: 1[0m
[HTTPS:I] WS payload: length=1
o
ssh cmd received:
o
ssh command processing finished
[0;32mI (302201) HTTPS_SERVER: Fin: 1, OpCode: 1 (TEXT), Mask: 1, Len: 1[0m
[HTTPS:I] WS payload: length=1
l
ssh cmd received:
l
ssh command processing finished
0
Total Heap: 324832 bytes
Free Heap: 163272 bytes
Used Heap: 161428 bytes
[0;32mI (302484) HTTPS_SERVER: Fin: 1, OpCode: 1 (TEXT), Mask: 1, Len: 1[0m
[HTTPS:I] WS payload: length=1
o
ssh cmd received:
o
ssh command processing finished
[0;32mI (302537) HTTPS_SERVER: Fin: 1, OpCode: 1 (TEXT), Mask: 1, Len: 1[0m
[HTTPS:I] WS payload: length=1
f
ssh cmd received:
f
ssh command processing finished
[0;32mI (302868) HTTPS_SERVER: Fin: 1, OpCode: 1 (TEXT), Mask: 1, Len: 1[0m
[HTTPS:I] WS payload: length=1
f
ssh cmd received:
f
ssh command processing finished
[0;32mI (303071) HTTPS_SERVER: Fin: 1, OpCode: 1 (TEXT), Mask: 1, Len: 1[0m
[HTTPS:I] WS payload: length=1
w
ssh cmd received:
w
ssh command processing finished
0
Total Heap: 324820 bytes
Free Heap: 161824 bytes
Used Heap: 163000 bytes
0
Total Heap: 324840 bytes
Free Heap: 163516 bytes
Used Heap: 161436 bytes
[0;32mI (304478) HTTPS_SERVER: Fin: 1, OpCode: 1 (TEXT), Mask: 1, Len: 1[0m
[HTTPS:I] WS payload: length=1
p
ssh cmd received:
p
ssh command processing finished
[0;32mI (304712) HTTPS_SERVER: Fin: 1, OpCode: 1 (TEXT), Mask: 1, Len: 1[0m
[HTTPS:I] WS payload: length=1
o
ssh cmd received:
o
ssh command processing finished
[0;32mI (304902) HTTPS_SERVER: Fin: 1, OpCode: 1 (TEXT), Mask: 1, Len: 1[0m
[HTTPS:I] WS payload: length=1
k
ssh cmd received:
k
ssh command processing finished
0
Total Heap: 324836 bytes
Free Heap: 161572 bytes
Used Heap: 161556 bytes
0
Total Heap: 324840 bytes
Free Heap: 163532 bytes
Used Heap: 161308 bytes
[0;32mI (307001) HTTPS_SERVER: Fin: 1, OpCode: 1 (TEXT), Mask: 1, Len: 1[0m
[HTTPS:I] WS payload: length=1
q
ssh cmd received:
q
ssh command processing finished
[0;32mI (307041) HTTPS_SERVER: Fin: 1, OpCode: 1 (TEXT), Mask: 1, Len: 1[0m
[HTTPS:I] WS payload: length=1
w
ssh cmd received:
w
ssh command processing finished
[0;32mI (307138) HTTPS_SERVER: Fin: 1, OpCode: 1 (TEXT), Mask: 1, Len: 1[0m
[HTTPS:I] WS payload: length=1
d
ssh cmd received:
d
ssh command processing finished
0
Total Heap: 324832 bytes
Free Heap: 163428 bytes
Used Heap: 161408 bytes
[0;32mI (307775) HTTPS_SERVER: Fin: 1, OpCode: 1 (TEXT), Mask: 1, Len: 1[0m
[HTTPS:I] WS payload: length=1

ssh cmd received:

ssh command processing finished
[0;32mI (308073) HTTPS_SERVER: Fin: 1, OpCode: 1 (TEXT), Mask: 1, Len: 1[0m
[HTTPS:I] WS payload: length=1
n
ssh cmd received:
n
ssh command processing finished
[0;32mI (308125) HTTPS_SERVER: Fin: 1, OpCode: 1 (TEXT), Mask: 1, Len: 1[0m
[HTTPS:I] WS payload: length=1
a
ssh cmd received:
a
ssh command processing finished
[0;32mI (308198) HTTPS_SERVER: Fin: 1, OpCode: 1 (TEXT), Mask: 1, Len: 1[0m
[HTTPS:I] WS payload: length=1
n
ssh cmd received:
n
ssh command processing finished
[0;32mI (308288) HTTPS_SERVER: Fin: 1, OpCode: 1 (TEXT), Mask: 1, Len: 1[0m
[HTTPS:I] WS payload: length=1
o
ssh cmd received:
o
ssh command processing finished
0
Total Heap: 324836 bytes
Free Heap: 163292 bytes
Used Heap: 161560 bytes
[0;32mI (308989) HTTPS_SERVER: Fin: 1, OpCode: 1 (TEXT), Mask: 1, Len: 1[0m
[HTTPS:I] WS payload: length=1

ssh cmd received:

ssh command processing finished
0
Total Heap: 324836 bytes
Free Heap: 163408 bytes
Used Heap: 161428 bytes
Keep Alive Check
0
Total Heap: 324828 bytes
Free Heap: 163272 bytes
Used Heap: 161556 bytes
[0;32mI (310629) HTTPS_SERVER: Fin: 1, OpCode: 1 (TEXT), Mask: 1, Len: 1[0m
[HTTPS:I] WS payload: length=1
d
ssh cmd received:
d
ssh command processing finished
[0;32mI (310844) HTTPS_SERVER: Fin: 1, OpCode: 1 (TEXT), Mask: 1, Len: 1[0m
[HTTPS:I] WS payload: length=1
d
ssh cmd received:
d
ssh command processing finished
[0;32mI (311046) HTTPS_SERVER: Fin: 1, OpCode: 1 (TEXT), Mask: 1, Len: 1[0m
[HTTPS:I] WS payload: length=1
d
ssh cmd received:
d
ssh command processing finished
[0;32mI (311263) HTTPS_SERVER: Fin: 1, OpCode: 1 (TEXT), Mask: 1, Len: 1[0m
[HTTPS:I] WS payload: length=1
d
ssh cmd received:
d
ssh command processing finished
0
Total Heap: 324840 bytes
Free Heap: 163408 bytes
Used Heap: 161428 bytes
[0;32mI (311666) HTTPS_SERVER: Fin: 1, OpCode: 1 (TEXT), Mask: 1, Len: 1[0m
[HTTPS:I] WS payload: length=1

ssh cmd received:

ssh command processing finished
0
Total Heap: 324836 bytes
Free Heap: 163420 bytes
Used Heap: 161564 bytes
[0;32mI (312489) HTTPS_SERVER: Fin: 1, OpCode: 1 (TEXT), Mask: 1, Len: 1[0m
[HTTPS:I] WS payload: length=1
n
ssh cmd received:
n
ssh command processing finished
[0;32mI (313361) HTTPS_SERVER: Fin: 1, OpCode: 1 (TEXT), Mask: 1, Len: 1[0m
[HTTPS:I] WS payload: length=1
n
ssh cmd received:
n
ssh command processing finished
[0;32mI (313405) HTTPS_SERVER: Fin: 1, OpCode: 1 (TEXT), Mask: 1, Len: 1[0m
[HTTPS:I] WS payload: length=1
a
ssh cmd received:
a
ssh command processing finished
0
Total Heap: 324820 bytes
Free Heap: 160388 bytes
Used Heap: 164436 bytes
[0;32mI (313510) HTTPS_SERVER: Fin: 1, OpCode: 1 (TEXT), Mask: 1, Len: 1[0m
[HTTPS:I] WS payload: length=1
n
ssh cmd received:
n
ssh command processing finished
[0;32mI (313634) HTTPS_SERVER: Fin: 1, OpCode: 1 (TEXT), Mask: 1, Len: 1[0m
[HTTPS:I] WS payload: length=1
o
ssh cmd received:
o
ssh command processing finished
[0;32mI (313797) HTTPS_SERVER: Fin: 1, OpCode: 1 (TEXT), Mask: 1, Len: 1[0m
[HTTPS:I] WS payload: length=1
 
ssh cmd received:
 
ssh command processing finished
[0;32mI (314413) HTTPS_SERVER: Fin: 1, OpCode: 1 (TEXT), Mask: 1, Len: 1[0m
[HTTPS:I] WS payload: length=1
d
ssh cmd received:
d
ssh command processing finished
0
Total Heap: 324824 bytes
Free Heap: 161708 bytes
Used Heap: 162984 bytes
[0;32mI (314478) HTTPS_SERVER: Fin: 1, OpCode: 1 (TEXT), Mask: 1, Len: 1[0m
[HTTPS:I] WS payload: length=1
.
ssh cmd received:
.
ssh command processing finished
[0;32mI (314593) HTTPS_SERVER: Fin: 1, OpCode: 1 (TEXT), Mask: 1, Len: 1[0m
[HTTPS:I] WS payload: length=1
p
ssh cmd received:
p
ssh command processing finished
[0;32mI (314664) HTTPS_SERVER: Fin: 1, OpCode: 1 (TEXT), Mask: 1, Len: 1[0m
[HTTPS:I] WS payload: length=1
y
ssh cmd received:
y
ssh command processing finished
[0;32mI (315410) HTTPS_SERVER: Fin: 1, OpCode: 1 (TEXT), Mask: 1, Len: 1[0m
[HTTPS:I] WS payload: length=1

ssh cmd received:

ssh command processing finished
0
Total Heap: 324824 bytes
Free Heap: 161856 bytes
Used Heap: 162972 bytes
[0;32mI (315496) HTTPS_SERVER: Fin: 1, OpCode: 1 (TEXT), Mask: 1, Len: 1[0m
[HTTPS:I] WS payload: length=1

ssh cmd received:

ssh command processing finished
[0;32mI (315657) HTTPS_SERVER: Fin: 1, OpCode: 1 (TEXT), Mask: 1, Len: 1[0m
[HTTPS:I] WS payload: length=1

ssh cmd received:

ssh command processing finished
[0;32mI (316445) HTTPS_SERVER: Fin: 1, OpCode: 1 (TEXT), Mask: 1, Len: 1[0m
0
[HTTPS:I] WS payload: length=1
Total Heap: 324828 bytes
Free Heap: 163428 bytes
Used Heap: 161408 bytes
.
ssh cmd received:
.
ssh command processing finished
0
Total Heap: 324836 bytes
Free Heap: 163408 bytes
Used Heap: 161428 bytes
[0;32mI (318336) HTTPS_SERVER: Fin: 1, OpCode: 1 (TEXT), Mask: 1, Len: 1[0m
[HTTPS:I] WS payload: length=1
d
ssh cmd received:
d
ssh command processing finished
0
Total Heap: 324836 bytes
Free Heap: 163388 bytes
Used Heap: 161308 bytes
0
Total Heap: 324832 bytes
Free Heap: 163416 bytes
Used Heap: 161420 bytes
Keep Alive Check
0
Total Heap: 324828 bytes
Free Heap: 163408 bytes
Used Heap: 161428 bytes
0
Total Heap: 324832 bytes
Free Heap: 163292 bytes
Used Heap: 161560 bytes
[0;32mI (322384) HTTPS_SERVER: Fin: 1, OpCode: 1 (TEXT), Mask: 1, Len: 1[0m
[HTTPS:I] WS payload: length=1

ssh cmd received:

ssh command processing finished
0
Total Heap: 324828 bytes
Free Heap: 161960 bytes
Used Heap: 162872 bytes
0
Total Heap: 324840 bytes
Free Heap: 163408 bytes
Used Heap: 161428 bytes
0
Total Heap: 324832 bytes
Free Heap: 163292 bytes
Used Heap: 161540 bytes
0
Total Heap: 324832 bytes
Free Heap: 163416 bytes
Used Heap: 161420 bytes
[0;32mI (325602) HTTPS_SERVER: Fin: 1, OpCode: 1 (TEXT), Mask: 1, Len: 1[0m
[HTTPS:I] WS payload: length=1
l
ssh cmd received:
l
ssh command processing finished
[0;32mI (325636) HTTPS_SERVER: Fin: 1, OpCode: 1 (TEXT), Mask: 1, Len: 1[0m
[HTTPS:I] WS payload: length=1
a
ssh cmd received:
a
ssh command processing finished
[0;32mI (325651) HTTPS_SERVER: Fin: 1, OpCode: 1 (TEXT), Mask: 1, Len: 1[0m
[HTTPS:I] WS payload: length=1
s
ssh cmd received:
s
ssh command processing finished
[0;32mI (325700) HTTPS_SERVER: Fin: 1, OpCode: 1 (TEXT), Mask: 1, Len: 1[0m
[HTTPS:I] WS payload: length=1
o
ssh cmd received:
o
ssh command processing finished
[0;32mI (325902) HTTPS_SERVER: Fin: 1, OpCode: 1 (TEXT), Mask: 1, Len: 1[0m
[HTTPS:I] WS payload: length=1
k
ssh cmd received:
k
ssh command processing finished
0
Total Heap: 324828 bytes
Free Heap: 163408 bytes
Used Heap: 161428 bytes
[0;32mI (326553) HTTPS_SERVER: Fin: 1, OpCode: 1 (TEXT), Mask: 1, Len: 1[0m
[HTTPS:I] WS payload: length=1

ssh cmd received:

ssh command processing finished
[0;32mI (326626) HTTPS_SERVER: Fin: 1, OpCode: 1 (TEXT), Mask: 1, Len: 1[0m
[HTTPS:I] WS payload: length=1

ssh cmd received:

ssh command processing finished
[0;32mI (326800) HTTPS_SERVER: Fin: 1, OpCode: 1 (TEXT), Mask: 1, Len: 1[0m
[HTTPS:I] WS payload: length=1

ssh cmd received:

ssh command processing finished
[0;32mI (326847) HTTPS_SERVER: Fin: 1, OpCode: 1 (TEXT), Mask: 1, Len: 1[0m
[HTTPS:I] WS payload: length=1

ssh cmd received:

ssh command processing finished
[0;32mI (327012) HTTPS_SERVER: Fin: 1, OpCode: 1 (TEXT), Mask: 1, Len: 1[0m
[HTTPS:I] WS payload: length=1

ssh cmd received:

ssh command processing finished
[0;32mI (327077) HTTPS_SERVER: Fin: 1, OpCode: 1 (TEXT), Mask: 1, Len: 1[0m
[HTTPS:I] WS payload: length=1

ssh cmd received:

ssh command processing finished
0
Total Heap: 324828 bytes
Free Heap: 163280 bytes
Used Heap: 161552 bytes
[0;32mI (327833) HTTPS_SERVER: Fin: 1, OpCode: 1 (TEXT), Mask: 1, Len: 1[0m
[HTTPS:I] WS payload: length=1
w
ssh cmd received:
w
ssh command processing finished
[0;32mI (327893) HTTPS_SERVER: Fin: 1, OpCode: 1 (TEXT), Mask: 1, Len: 1[0m
[HTTPS:I] WS payload: length=1
o
ssh cmd received:
o
ssh command processing finished
[0;32mI (328065) HTTPS_SERVER: Fin: 1, OpCode: 1 (TEXT), Mask: 1, Len: 1[0m
[HTTPS:I] WS payload: length=1
o
ssh cmd received:
o
ssh command processing finished
[0;32mI (328214) HTTPS_SERVER: Fin: 1, OpCode: 1 (TEXT), Mask: 1, Len: 1[0m
[HTTPS:I] WS payload: length=1
o
ssh cmd received:
o
ssh command processing finished
[0;32mI (328302) HTTPS_SERVER: Fin: 1, OpCode: 1 (TEXT), Mask: 1, Len: 1[0m
[HTTPS:I] WS payload: length=1
o
ssh cmd received:
o
ssh command processing finished
0
Total Heap: 324836 bytes
Free Heap: 163388 bytes
Used Heap: 161304 bytes
0
Total Heap: 324836 bytes
Free Heap: 163420 bytes
Used Heap: 161416 bytes
Keep Alive Check
[0;32mI (329955) HTTPS_SERVER: Fin: 1, OpCode: 1 (TEXT), Mask: 1, Len: 1[0m
[HTTPS:I] WS payload: length=1
o
ssh cmd received:
o
ssh command processing finished
[0;32mI (330218) HTTPS_SERVER: Fin: 1, OpCode: 1 (TEXT), Mask: 1, Len: 1[0m
[HTTPS:I] WS payload: length=1
o
ssh cmd received:
o
ssh command processing finished
[0;32mI (330381) HTTPS_SERVER: Fin: 1, OpCode: 1 (TEXT), Mask: 1, Len: 1[0m
[HTTPS:I] WS payload: length=1
o
ssh cmd received:
o
ssh command processing finished
0
Total Heap: 324836 bytes
Free Heap: 163304 bytes
Used Heap: 161560 bytes
[0;32mI (331152) HTTPS_SERVER: Fin: 1, OpCode: 1 (TEXT), Mask: 1, Len: 1[0m
[HTTPS:I] WS payload: length=1

ssh cmd received:

ssh command processing finished
0
Total Heap: 324832 bytes
Free Heap: 163420 bytes
Used Heap: 161532 bytes
[0;32mI (331659) HTTPS_SERVER: Fin: 1, OpCode: 1 (TEXT), Mask: 1, Len: 1[0m
[HTTPS:I] WS payload: length=1
y
ssh cmd received:
y
ssh command processing finished
[0;32mI (331820) HTTPS_SERVER: Fin: 1, OpCode: 1 (TEXT), Mask: 1, Len: 1[0m
[HTTPS:I] WS payload: length=1

ssh cmd received:

ssh command processing finished
0
Total Heap: 324836 bytes
Free Heap: 163304 bytes
Used Heap: 161528 bytes
0
Total Heap: 324832 bytes
Free Heap: 163292 bytes
Used Heap: 161572 bytes
0
Total Heap: 324832 bytes
Free Heap: 163292 bytes
Used Heap: 161540 bytes
0
Total Heap: 324832 bytes
Free Heap: 163292 bytes
Used Heap: 161572 bytes
0
Total Heap: 324832 bytes
Free Heap: 163292 bytes
Used Heap: 161540 bytes
0
Total Heap: 324836 bytes
Free Heap: 161560 bytes
Used Heap: 163240 bytes
0
Total Heap: 324828 bytes
Free Heap: 163408 bytes
Used Heap: 161428 bytes
0
Total Heap: 324832 bytes
Free Heap: 163292 bytes
Used Heap: 161420 bytes
Keep Alive Check
0
Total Heap: 324832 bytes
Free Heap: 163292 bytes
Used Heap: 161420 bytes
0
Total Heap: 324828 bytes
Free Heap: 163416 bytes
Used Heap: 161420 bytes
0
Total Heap: 324828 bytes
Free Heap: 161708 bytes
Used Heap: 161420 bytes
0
Total Heap: 324832 bytes
Free Heap: 161592 bytes
Used Heap: 164964 bytes
0
Total Heap: 324832 bytes
Free Heap: 163312 bytes
Used Heap: 161520 bytes
0
Total Heap: 324828 bytes
Free Heap: 163404 bytes
Used Heap: 161432 bytes
0
Total Heap: 324832 bytes
Free Heap: 163292 bytes
Used Heap: 161572 bytes
0
Total Heap: 324828 bytes
Free Heap: 163396 bytes
Used Heap: 161440 bytes
0
Total Heap: 324832 bytes
Free Heap: 163292 bytes
Used Heap: 161560 bytes
Keep Alive Check
0
Total Heap: 324828 bytes
Free Heap: 161832 bytes
Used Heap: 163016 bytes
0
Total Heap: 324832 bytes
Free Heap: 163260 bytes
Used Heap: 161420 bytes
0
Total Heap: 324832 bytes
Free Heap: 163292 bytes
Used Heap: 161572 bytes
0
Total Heap: 324832 bytes
Free Heap: 163292 bytes
Used Heap: 161572 bytes
0
Total Heap: 324836 bytes
Free Heap: 163288 bytes
Used Heap: 161544 bytes
0
Total Heap: 324832 bytes
Free Heap: 161532 bytes
Used Heap: 169920 bytes
0
Total Heap: 324832 bytes
Free Heap: 163408 bytes
Used Heap: 161540 bytes
0
Total Heap: 324832 bytes
Free Heap: 163292 bytes
Used Heap: 161572 bytes
0
Total Heap: 324832 bytes
Free Heap: 163292 bytes
Used Heap: 161572 bytes
0
Total Heap: 324832 bytes
Free Heap: 163292 bytes
Used Heap: 161572 bytes
Keep Alive Check
0
Total Heap: 324832 bytes
Free Heap: 163292 bytes
Used Heap: 161540 bytes
0
Total Heap: 324832 bytes
Free Heap: 163292 bytes
Used Heap: 161572 bytes
0
Total Heap: 324832 bytes
Free Heap: 163292 bytes
Used Heap: 161540 bytes
0
Total Heap: 324836 bytes
Free Heap: 163524 bytes
Used Heap: 161428 bytes
0
Total Heap: 324832 bytes
Free Heap: 163300 bytes
Used Heap: 161532 bytes
0
Total Heap: 324836 bytes
Free Heap: 163388 bytes
Used Heap: 161308 bytes
0
Total Heap: 324828 bytes
Free Heap: 163400 bytes
Used Heap: 161436 bytes
0
Total Heap: 324832 bytes
Free Heap: 163284 bytes
Used Heap: 161428 bytes
0
Total Heap: 324832 bytes
Free Heap: 163284 bytes
Used Heap: 161568 bytes
0
Total Heap: 324828 bytes
Free Heap: 163420 bytes
Used Heap: 161416 bytes
Keep Alive Check
0
Total Heap: 324816 bytes
Free Heap: 161124 bytes
Used Heap: 163228 bytes
0
Total Heap: 324832 bytes
Free Heap: 163284 bytes
Used Heap: 161428 bytes
0
Total Heap: 324828 bytes
Free Heap: 163292 bytes
Used Heap: 161540 bytes
0
Total Heap: 324832 bytes
Free Heap: 163408 bytes
Used Heap: 161428 bytes
0
Total Heap: 324832 bytes
Free Heap: 163292 bytes
Used Heap: 161572 bytes
0
Total Heap: 324832 bytes
Free Heap: 163292 bytes
Used Heap: 161572 bytes
0
Total Heap: 324832 bytes
Free Heap: 163292 bytes
Used Heap: 161408 bytes
0
Total Heap: 324832 bytes
Free Heap: 163292 bytes
Used Heap: 161540 bytes
0
Total Heap: 324840 bytes
Free Heap: 161708 bytes
Used Heap: 163172 bytes
0
Total Heap: 324832 bytes
Free Heap: 163292 bytes
Used Heap: 161572 bytes
Keep Alive Check
0
Total Heap: 324820 bytes
Free Heap: 161692 bytes
Used Heap: 163148 bytes
0
Total Heap: 324820 bytes
Free Heap: 161944 bytes
Used Heap: 162884 bytes
0
Total Heap: 324832 bytes
Free Heap: 163408 bytes
Used Heap: 161428 bytes
0
Total Heap: 324832 bytes
Free Heap: 159840 bytes
Used Heap: 161444 bytes
0
Total Heap: 324832 bytes
Free Heap: 163292 bytes
Used Heap: 161572 bytes
[0;32mI (383946) HTTPS_SERVER: Fin: 1, OpCode: 1 (TEXT), Mask: 1, Len: 1[0m
[HTTPS:I] WS payload: length=1
f
ssh cmd received:
f
ssh command processing finished
[0;32mI (384081) HTTPS_SERVER: Fin: 1, OpCode: 1 (TEXT), Mask: 1, Len: 1[0m
[HTTPS:I] WS payload: length=1
a
ssh cmd received:
a
ssh command processing finished
[0;32mI (384290) HTTPS_SERVER: Fin: 1, OpCode: 1 (TEXT), Mask: 1, Len: 1[0m
[HTTPS:I] WS payload: length=1
t
ssh cmd received:
t
ssh command processing finished
[0;32mI (384758) HTTPS_SERVER: Fin: 1, OpCode: 1 (TEXT), Mask: 1, Len: 1[0m
[HTTPS:I] WS payload: length=1

ssh cmd received:

ssh command processing finished
0
Total Heap: 324824 bytes
Free Heap: 161952 bytes
Used Heap: 162992 bytes
[0;32mI (384875) HTTPS_SERVER: Fin: 1, OpCode: 1 (TEXT), Mask: 1, Len: 1[0m
[HTTPS:I] WS payload: length=1
s
ssh cmd received:
s
ssh command processing finished
[0;32mI (384898) HTTPS_SERVER: Fin: 1, OpCode: 1 (TEXT), Mask: 1, Len: 1[0m
[HTTPS:I] WS payload: length=1
t
ssh cmd received:
t
ssh command processing finished
[0;32mI (385191) HTTPS_SERVER: Fin: 1, OpCode: 1 (TEXT), Mask: 1, Len: 1[0m
[HTTPS:I] WS payload: length=1
f
ssh cmd received:
f
ssh command processing finished
[0;32mI (385239) HTTPS_SERVER: Fin: 1, OpCode: 1 (TEXT), Mask: 1, Len: 1[0m
[HTTPS:I] WS payload: length=1
e
ssh cmd received:
e
ssh command processing finished
[0;32mI (385356) HTTPS_SERVER: Fin: 1, OpCode: 1 (TEXT), Mask: 1, Len: 1[0m
[HTTPS:I] WS payload: length=1
t
ssh cmd received:
t
ssh command processing finished
[0;32mI (385533) HTTPS_SERVER: Fin: 1, OpCode: 1 (TEXT), Mask: 1, Len: 1[0m
[HTTPS:I] WS payload: length=1
c
ssh cmd received:
c
ssh command processing finished
[0;32mI (385589) HTTPS_SERVER: Fin: 1, OpCode: 1 (TEXT), Mask: 1, Len: 1[0m
[HTTPS:I] WS payload: length=1
h
ssh cmd received:
h
ssh command processing finished
[0;32mI (385800) HTTPS_SERVER: Fin: 1, OpCode: 1 (TEXT), Mask: 1, Len: 1[0m
[HTTPS:I] WS payload: length=1

ssh cmd received:

ssh command processing finished
0
Total Heap: 324828 bytes
Free Heap: 161856 bytes
Used Heap: 163004 bytes
0
Total Heap: 324832 bytes
Free Heap: 163420 bytes
Used Heap: 161416 bytes
0
Total Heap: 324836 bytes
Free Heap: 163532 bytes
Used Heap: 161420 bytes
0
Total Heap: 324832 bytes
Free Heap: 163304 bytes
Used Heap: 161560 bytes
Keep Alive Check
0
Total Heap: 324832 bytes
Free Heap: 163304 bytes
Used Heap: 161408 bytes
0
Total Heap: 324832 bytes
Free Heap: 163416 bytes
Used Heap: 161420 bytes
0
Total Heap: 324832 bytes
Free Heap: 163420 bytes
Used Heap: 161416 bytes
0
Total Heap: 324836 bytes
Free Heap: 163536 bytes
Used Heap: 161420 bytes
0
Total Heap: 324840 bytes
Free Heap: 163420 bytes
Used Heap: 161416 bytes
0
Total Heap: 324828 bytes
Free Heap: 163312 bytes
Used Heap: 163220 bytes
0
Total Heap: 324832 bytes
Free Heap: 163304 bytes
Used Heap: 161528 bytes
0
Total Heap: 324832 bytes
Free Heap: 163304 bytes
Used Heap: 161560 bytes
0
Total Heap: 324832 bytes
Free Heap: 163420 bytes
Used Heap: 161416 bytes
0
Total Heap: 324832 bytes
Free Heap: 163420 bytes
Used Heap: 161416 bytes
Keep Alive Check
0
Total Heap: 324832 bytes
Free Heap: 163304 bytes
Used Heap: 161528 bytes
0
Total Heap: 324828 bytes
Free Heap: 163420 bytes
Used Heap: 161416 bytes
0
Total Heap: 324832 bytes
Free Heap: 163272 bytes
Used Heap: 163116 bytes
0
Total Heap: 324832 bytes
Free Heap: 163304 bytes
Used Heap: 161528 bytes
0
Total Heap: 324832 bytes
Free Heap: 163304 bytes
Used Heap: 161528 bytes
0
Total Heap: 324832 bytes
Free Heap: 163304 bytes
Used Heap: 161528 bytes
0
Total Heap: 324832 bytes
Free Heap: 163304 bytes
Used Heap: 161528 bytes
0
Total Heap: 324832 bytes
Free Heap: 163304 bytes
Used Heap: 161528 bytes
0
Total Heap: 324828 bytes
Free Heap: 163388 bytes
Used Heap: 161528 bytes
0
Total Heap: 324836 bytes
Free Heap: 163536 bytes
Used Heap: 161416 bytes
Keep Alive Check
0
Total Heap: 324832 bytes
Free Heap: 163304 bytes
Used Heap: 161528 bytes
0
Total Heap: 324832 bytes
Free Heap: 163516 bytes
Used Heap: 161436 bytes
0
Total Heap: 324832 bytes
Free Heap: 163420 bytes
Used Heap: 161416 bytes
0
Total Heap: 324836 bytes
Free Heap: 163292 bytes
Used Heap: 163276 bytes
0
Total Heap: 324840 bytes
Free Heap: 163524 bytes
Used Heap: 161316 bytes
0
Total Heap: 324832 bytes
Free Heap: 163292 bytes
Used Heap: 161560 bytes
0
Total Heap: 324832 bytes
Free Heap: 163416 bytes
Used Heap: 161420 bytes
0
Total Heap: 324832 bytes
Free Heap: 163292 bytes
Used Heap: 161560 bytes
0
Total Heap: 324832 bytes
Free Heap: 163292 bytes
Used Heap: 161560 bytes
0
Total Heap: 324836 bytes
Free Heap: 163408 bytes
Used Heap: 161428 bytes
Keep Alive Check
0
Total Heap: 324832 bytes
Free Heap: 163304 bytes
Used Heap: 161528 bytes
0
Total Heap: 324832 bytes
Free Heap: 163292 bytes
Used Heap: 161540 bytes
0
Total Heap: 324832 bytes
Free Heap: 163292 bytes
Used Heap: 161540 bytes
0
Total Heap: 324832 bytes
Free Heap: 163292 bytes
Used Heap: 161540 bytes
0
Total Heap: 324816 bytes
Free Heap: 159940 bytes
Used Heap: 164876 bytes
0
Total Heap: 324836 bytes
Free Heap: 163292 bytes
Used Heap: 161540 bytes
0
Total Heap: 324832 bytes
Free Heap: 163292 bytes
Used Heap: 161560 bytes
0
Total Heap: 324832 bytes
Free Heap: 163292 bytes
Used Heap: 161560 bytes
0
Total Heap: 324832 bytes
Free Heap: 163292 bytes
Used Heap: 161560 bytes
0
Total Heap: 324832 bytes
Free Heap: 163312 bytes
Used Heap: 161548 bytes
[0;32mI (429491) HTTPS_SERVER: Fin: 1, OpCode: 1 (TEXT), Mask: 1, Len: 1[0m
[HTTPS:I] WS payload: length=1
m
ssh cmd received:
m
ssh command processing finished
[0;32mI (429537) HTTPS_SERVER: Fin: 1, OpCode: 1 (TEXT), Mask: 1, Len: 1[0m
[HTTPS:I] WS payload: length=1
e
ssh cmd received:
e
ssh command processing finished
[0;32mI (429592) HTTPS_SERVER: Fin: 1, OpCode: 1 (TEXT), Mask: 1, Len: 1[0m
[HTTPS:I] WS payload: length=1
o
ssh cmd received:
o
ssh command processing finished
Keep Alive Check
[0;32mI (429746) HTTPS_SERVER: Fin: 1, OpCode: 1 (TEXT), Mask: 1, Len: 1[0m
[HTTPS:I] WS payload: length=1
w
ssh cmd received:
w
ssh command processing finished
[0;32mI (429757) HTTPS_SERVER: Fin: 1, OpCode: 1 (TEXT), Mask: 1, Len: 1[0m
[HTTPS:I] WS payload: length=1

ssh cmd received:

ssh command processing finished
0
Total Heap: 324788 bytes
Free Heap: 158420 bytes
Used Heap: 164660 bytes
[0;32mI (430949) HTTPS_SERVER: Fin: 1, OpCode: 1 (TEXT), Mask: 1, Len: 1[0m
[HTTPS:I] WS payload: length=1
c
ssh cmd received:
c
ssh command processing finished
[0;32mI (430968) HTTPS_SERVER: Fin: 1, OpCode: 1 (TEXT), Mask: 1, Len: 1[0m
[HTTPS:I] WS payload: length=1
l
ssh cmd received:
l
ssh command processing finished
[0;32mI (431069) HTTPS_SERVER: Fin: 1, OpCode: 1 (TEXT), Mask: 1, Len: 1[0m
[HTTPS:I] WS payload: length=1
e
ssh cmd received:
e
ssh command processing finished
[0;32mI (431100) HTTPS_SERVER: Fin: 1, OpCode: 1 (TEXT), Mask: 1, Len: 1[0m
[HTTPS:I] WS payload: length=1
a
ssh cmd received:
a
ssh command processing finished
0
Total Heap: 324792 bytes
Free Heap: 157104 bytes
Used Heap: 167692 bytes
[0;32mI (431154) HTTPS_SERVER: Fin: 1, OpCode: 1 (TEXT), Mask: 1, Len: 1[0m
[HTTPS:I] WS payload: length=1
r
ssh cmd received:
r
ssh command processing finished
[0;32mI (431259) HTTPS_SERVER: Fin: 1, OpCode: 1 (TEXT), Mask: 1, Len: 1[0m
[HTTPS:I] WS payload: length=1

ssh cmd received:

ssh command processing finished
0
Total Heap: 324832 bytes
Free Heap: 163428 bytes
Used Heap: 161524 bytes
0
Total Heap: 324828 bytes
Free Heap: 163420 bytes
Used Heap: 161416 bytes
[0;32mI (434039) HTTPS_SERVER: Fin: 1, OpCode: 1 (TEXT), Mask: 1, Len: 1[0m
[HTTPS:I] WS payload: length=1
a
ssh cmd received:
a
ssh command processing finished
[0;32mI (434061) HTTPS_SERVER: Fin: 1, OpCode: 1 (TEXT), Mask: 1, Len: 1[0m
[HTTPS:I] WS payload: length=1
p
ssh cmd received:
p
ssh command processing finished
0
Total Heap: 324804 bytes
Free Heap: 159992 bytes
Used Heap: 164848 bytes
[0;32mI (434145) HTTPS_SERVER: Fin: 1, OpCode: 1 (TEXT), Mask: 1, Len: 1[0m
[HTTPS:I] WS payload: length=1
t
ssh cmd received:
t
ssh command processing finished
[0;32mI (434314) HTTPS_SERVER: Fin: 1, OpCode: 1 (TEXT), Mask: 1, Len: 1[0m
[HTTPS:I] WS payload: length=1

ssh cmd received:

ssh command processing finished
[0;32mI (434950) HTTPS_SERVER: Fin: 1, OpCode: 1 (TEXT), Mask: 1, Len: 1[0m
[HTTPS:I] WS payload: length=1
a
ssh cmd received:
a
ssh command processing finished
[0;32mI (434962) HTTPS_SERVER: Fin: 1, OpCode: 1 (TEXT), Mask: 1, Len: 1[0m
[HTTPS:I] WS payload: length=1
p
ssh cmd received:
p
ssh command processing finished
[0;32mI (435000) HTTPS_SERVER: Fin: 1, OpCode: 1 (TEXT), Mask: 1, Len: 1[0m
[HTTPS:I] WS payload: length=1
t
ssh cmd received:
t
ssh command processing finished
[0;32mI (435106) HTTPS_SERVER: Fin: 1, OpCode: 1 (TEXT), Mask: 1, Len: 1[0m
[HTTPS:I] WS payload: length=1
 
ssh cmd received:
 
ssh command processing finished
0
Total Heap: 324820 bytes
Free Heap: 160176 bytes
Used Heap: 164576 bytes
[0;32mI (435210) HTTPS_SERVER: Fin: 1, OpCode: 1 (TEXT), Mask: 1, Len: 1[0m
[HTTPS:I] WS payload: length=1
i
ssh cmd received:
i
ssh command processing finished
[0;32mI (435229) HTTPS_SERVER: Fin: 1, OpCode: 1 (TEXT), Mask: 1, Len: 1[0m
[HTTPS:I] WS payload: length=1
n
ssh cmd received:
n
ssh command processing finished
[0;32mI (435311) HTTPS_SERVER: Fin: 1, OpCode: 1 (TEXT), Mask: 1, Len: 1[0m
[HTTPS:I] WS payload: length=1
s
ssh cmd received:
s
ssh command processing finished
[0;32mI (435424) HTTPS_SERVER: Fin: 1, OpCode: 1 (TEXT), Mask: 1, Len: 1[0m
[HTTPS:I] WS payload: length=1
t
ssh cmd received:
t
ssh command processing finished
[0;32mI (435477) HTTPS_SERVER: Fin: 1, OpCode: 1 (TEXT), Mask: 1, Len: 1[0m
[HTTPS:I] WS payload: length=1
a
ssh cmd received:
a
ssh command processing finished
0
Total Heap: 324832 bytes
Free Heap: 163408 bytes
Used Heap: 161428 bytes
[0;32mI (436326) HTTPS_SERVER: Fin: 1, OpCode: 1 (TEXT), Mask: 1, Len: 1[0m
[HTTPS:I] WS payload: length=1
l
ssh cmd received:
l
ssh command processing finished
[0;32mI (436865) HTTPS_SERVER: Fin: 1, OpCode: 1 (TEXT), Mask: 1, Len: 1[0m
[HTTPS:I] WS payload: length=1
l
ssh cmd received:
l
ssh command processing finished
[0;32mI (437090) HTTPS_SERVER: Fin: 1, OpCode: 1 (TEXT), Mask: 1, Len: 1[0m
[HTTPS:I] WS payload: length=1
 
ssh cmd received:
 
ssh command processing finished
0
Total Heap: 324824 bytes
Free Heap: 161856 bytes
Used Heap: 162972 bytes
[0;32mI (437207) HTTPS_SERVER: Fin: 1, OpCode: 1 (TEXT), Mask: 1, Len: 1[0m
[HTTPS:I] WS payload: length=1
m
ssh cmd received:
m
ssh command processing finished
[0;32mI (437346) HTTPS_SERVER: Fin: 1, OpCode: 1 (TEXT), Mask: 1, Len: 1[0m
[HTTPS:I] WS payload: length=1
e
ssh cmd received:
e
[0;32mI (437362) HTTPS_SERVER: Fin: 1, OpCode: 1 (TEXT), Mask: 1, Len: 1[0m
ssh command processing finished
[HTTPS:I] WS payload: length=1
o
ssh cmd received:
o
ssh command processing finished
[0;32mI (437497) HTTPS_SERVER: Fin: 1, OpCode: 1 (TEXT), Mask: 1, Len: 1[0m
[HTTPS:I] WS payload: length=1
w
ssh cmd received:
w
ssh command processing finished
0
Total Heap: 324840 bytes
Free Heap: 163280 bytes
Used Heap: 161552 bytes
[0;32mI (438163) HTTPS_SERVER: Fin: 1, OpCode: 1 (TEXT), Mask: 1, Len: 1[0m
[HTTPS:I] WS payload: length=1

ssh cmd received:

ssh command processing finished
[0;32mI (438431) HTTPS_SERVER: Fin: 1, OpCode: 1 (TEXT), Mask: 1, Len: 1[0m
[HTTPS:I] WS payload: length=1
c
ssh cmd received:
c
ssh command processing finished
[0;32mI (438474) HTTPS_SERVER: Fin: 1, OpCode: 1 (TEXT), Mask: 1, Len: 1[0m
[HTTPS:I] WS payload: length=1
l
ssh cmd received:
l
ssh command processing finished
[0;32mI (438548) HTTPS_SERVER: Fin: 1, OpCode: 1 (TEXT), Mask: 1, Len: 1[0m
[HTTPS:I] WS payload: length=1
e
ssh cmd received:
e
ssh command processing finished
[0;32mI (438645) HTTPS_SERVER: Fin: 1, OpCode: 1 (TEXT), Mask: 1, Len: 1[0m
[HTTPS:I] WS payload: length=1
a
ssh cmd received:
a
ssh command processing finished
[0;32mI (438657) HTTPS_SERVER: Fin: 1, OpCode: 1 (TEXT), Mask: 1, Len: 1[0m
[HTTPS:I] WS payload: length=1
r
ssh cmd received:
r
ssh command processing finished
[0;32mI (438742) HTTPS_SERVER: Fin: 1, OpCode: 1 (TEXT), Mask: 1, Len: 1[0m
[HTTPS:I] WS payload: length=1

ssh cmd received:

ssh command processing finished
0
Total Heap: 324836 bytes
Free Heap: 163400 bytes
Used Heap: 161304 bytes
Keep Alive Check
0
Total Heap: 324832 bytes
Free Heap: 163420 bytes
Used Heap: 161416 bytes
0
Total Heap: 324832 bytes
Free Heap: 163292 bytes
Used Heap: 161560 bytes
0
Total Heap: 324836 bytes
Free Heap: 163420 bytes
Used Heap: 161432 bytes
[0;32mI (443038) HTTPS_SERVER: Fin: 1, OpCode: 1 (TEXT), Mask: 1, Len: 1[0m
[HTTPS:I] WS payload: length=1
a
ssh cmd received:
a
ssh command processing finished
[0;32mI (443069) HTTPS_SERVER: Fin: 1, OpCode: 1 (TEXT), Mask: 1, Len: 1[0m
[HTTPS:I] WS payload: length=1
p
ssh cmd received:
p
ssh command processing finished
[0;32mI (443183) HTTPS_SERVER: Fin: 1, OpCode: 1 (TEXT), Mask: 1, Len: 1[0m
[HTTPS:I] WS payload: length=1
t
0
Total Heap: 324832 bytes
Free Heap: 163408 bytes
Used Heap: 161428 bytes
ssh cmd received:
t
ssh command processing finished
[0;32mI (443244) HTTPS_SERVER: Fin: 1, OpCode: 1 (TEXT), Mask: 1, Len: 1[0m
[HTTPS:I] WS payload: length=1
 
ssh cmd received:
 
ssh command processing finished
[0;32mI (443357) HTTPS_SERVER: Fin: 1, OpCode: 1 (TEXT), Mask: 1, Len: 1[0m
[HTTPS:I] WS payload: length=1
i
ssh cmd received:
i
ssh command processing finished
[0;32mI (443368) HTTPS_SERVER: Fin: 1, OpCode: 1 (TEXT), Mask: 1, Len: 1[0m
[HTTPS:I] WS payload: length=1
n
ssh cmd received:
n
ssh command processing finished
[0;32mI (443471) HTTPS_SERVER: Fin: 1, OpCode: 1 (TEXT), Mask: 1, Len: 1[0m
[HTTPS:I] WS payload: length=1
s
ssh cmd received:
s
ssh command processing finished
[0;32mI (443485) HTTPS_SERVER: Fin: 1, OpCode: 1 (TEXT), Mask: 1, Len: 1[0m
[HTTPS:I] WS payload: length=1
t
ssh cmd received:
t
ssh command processing finished
[0;32mI (443622) HTTPS_SERVER: Fin: 1, OpCode: 1 (TEXT), Mask: 1, Len: 1[0m
[HTTPS:I] WS payload: length=1
a
ssh cmd received:
a
ssh command processing finished
[0;32mI (443693) HTTPS_SERVER: Fin: 1, OpCode: 1 (TEXT), Mask: 1, Len: 1[0m
[HTTPS:I] WS payload: length=1
l
ssh cmd received:
l
ssh command processing finished
[0;32mI (443857) HTTPS_SERVER: Fin: 1, OpCode: 1 (TEXT), Mask: 1, Len: 1[0m
[HTTPS:I] WS payload: length=1
l
ssh cmd received:
l
ssh command processing finished
[0;32mI (443891) HTTPS_SERVER: Fin: 1, OpCode: 1 (TEXT), Mask: 1, Len: 1[0m
[HTTPS:I] WS payload: length=1
 
ssh cmd received:
 
ssh command processing finished
[0;32mI (444022) HTTPS_SERVER: Fin: 1, OpCode: 1 (TEXT), Mask: 1, Len: 1[0m
[HTTPS:I] WS payload: length=1
m
ssh cmd received:
m
ssh command processing finished
[0;32mI (444144) HTTPS_SERVER: Fin: 1, OpCode: 1 (TEXT), Mask: 1, Len: 1[0m
[HTTPS:I] WS payload: length=1
e
ssh cmd received:
e
ssh command processing finished
[0;32mI (444172) HTTPS_SERVER: Fin: 1, OpCode: 1 (TEXT), Mask: 1, Len: 1[0m
[HTTPS:I] WS payload: length=1
o
ssh cmd received:
o
ssh command processing finished
0
Total Heap: 324816 bytes
Free Heap: 160284 bytes
Used Heap: 164536 bytes
[0;32mI (444279) HTTPS_SERVER: Fin: 1, OpCode: 1 (TEXT), Mask: 1, Len: 1[0m
[HTTPS:I] WS payload: length=1
w
ssh cmd received:
w
ssh command processing finished
[0;32mI (444376) HTTPS_SERVER: Fin: 1, OpCode: 1 (TEXT), Mask: 1, Len: 1[0m
[HTTPS:I] WS payload: length=1

ssh cmd received:

ssh command processing finished
0
Total Heap: 324832 bytes
Free Heap: 163408 bytes
Used Heap: 161544 bytes
[0;32mI (445926) HTTPS_SERVER: Fin: 1, OpCode: 1 (TEXT), Mask: 1, Len: 1[0m
[HTTPS:I] WS payload: length=1
a
ssh cmd received:
a
ssh command processing finished
[0;32mI (446089) HTTPS_SERVER: Fin: 1, OpCode: 1 (TEXT), Mask: 1, Len: 1[0m
[HTTPS:I] WS payload: length=1
p
ssh cmd received:
p
ssh command processing finished
0
Total Heap: 324820 bytes
Free Heap: 161708 bytes
Used Heap: 162992 bytes
[0;32mI (446335) HTTPS_SERVER: Fin: 1, OpCode: 1 (TEXT), Mask: 1, Len: 1[0m
[HTTPS:I] WS payload: length=1

ssh cmd received:

ssh command processing finished
[0;32mI (446420) HTTPS_SERVER: Fin: 1, OpCode: 1 (TEXT), Mask: 1, Len: 1[0m
[HTTPS:I] WS payload: length=1

ssh cmd received:

ssh command processing finished
[0;32mI (446553) HTTPS_SERVER: Fin: 1, OpCode: 1 (TEXT), Mask: 1, Len: 1[0m
[HTTPS:I] WS payload: length=1

ssh cmd received:

ssh command processing finished
[0;32mI (446809) HTTPS_SERVER: Fin: 1, OpCode: 1 (TEXT), Mask: 1, Len: 1[0m
[HTTPS:I] WS payload: length=1
s
ssh cmd received:
s
ssh command processing finished
[0;32mI (446949) HTTPS_SERVER: Fin: 1, OpCode: 1 (TEXT), Mask: 1, Len: 1[0m
[HTTPS:I] WS payload: length=1
u
ssh cmd received:
u
ssh command processing finished
[0;32mI (446967) HTTPS_SERVER: Fin: 1, OpCode: 1 (TEXT), Mask: 1, Len: 1[0m
[HTTPS:I] WS payload: length=1
d
ssh cmd received:
d
ssh command processing finished
[0;32mI (447027) HTTPS_SERVER: Fin: 1, OpCode: 1 (TEXT), Mask: 1, Len: 1[0m
[HTTPS:I] WS payload: length=1
o
ssh cmd received:
o
ssh command processing finished
[0;32mI (447162) HTTPS_SERVER: Fin: 1, OpCode: 1 (TEXT), Mask: 1, Len: 1[0m
[HTTPS:I] WS payload: length=1
 
ssh cmd received:
 
ssh command processing finished
0
Total Heap: 324820 bytes
Free Heap: 161852 bytes
Used Heap: 164700 bytes
[0;32mI (447309) HTTPS_SERVER: Fin: 1, OpCode: 1 (TEXT), Mask: 1, Len: 1[0m
[HTTPS:I] WS payload: length=1
a
ssh cmd received:
a
ssh command processing finished
[0;32mI (447332) HTTPS_SERVER: Fin: 1, OpCode: 1 (TEXT), Mask: 1, Len: 1[0m
[HTTPS:I] WS payload: length=1
p
ssh cmd received:
p
ssh command processing finished
[0;32mI (447433) HTTPS_SERVER: Fin: 1, OpCode: 1 (TEXT), Mask: 1, Len: 1[0m
[HTTPS:I] WS payload: length=1
t
ssh cmd received:
t
ssh command processing finished
[0;32mI (447531) HTTPS_SERVER: Fin: 1, OpCode: 1 (TEXT), Mask: 1, Len: 1[0m
[HTTPS:I] WS payload: length=1
 
ssh cmd received:
 
ssh command processing finished
[0;32mI (447596) HTTPS_SERVER: Fin: 1, OpCode: 1 (TEXT), Mask: 1, Len: 1[0m
[HTTPS:I] WS payload: length=1
i
ssh cmd received:
i
ssh command processing finished
[0;32mI (447608) HTTPS_SERVER: Fin: 1, OpCode: 1 (TEXT), Mask: 1, Len: 1[0m
[HTTPS:I] WS payload: length=1
n
ssh cmd received:
n
ssh command processing finished
[0;32mI (447695) HTTPS_SERVER: Fin: 1, OpCode: 1 (TEXT), Mask: 1, Len: 1[0m
[HTTPS:I] WS payload: length=1
s
ssh cmd received:
s
ssh command processing finished
[0;32mI (447760) HTTPS_SERVER: Fin: 1, OpCode: 1 (TEXT), Mask: 1, Len: 1[0m
[HTTPS:I] WS payload: length=1
t
ssh cmd received:
t
ssh command processing finished
[0;32mI (447945) HTTPS_SERVER: Fin: 1, OpCode: 1 (TEXT), Mask: 1, Len: 1[0m
[HTTPS:I] WS payload: length=1
a
ssh cmd received:
a
[0;32mI (447954) HTTPS_SERVER: Fin: 1, OpCode: 1 (TEXT), Mask: 1, Len: 1[0m
[HTTPS:I] WS payload: length=1
ssh command processing finished
l
ssh cmd received:
l
ssh command processing finished
[0;32mI (448065) HTTPS_SERVER: Fin: 1, OpCode: 1 (TEXT), Mask: 1, Len: 1[0m
[HTTPS:I] WS payload: length=1
l
ssh cmd received:
l
ssh command processing finished
[0;32mI (448181) HTTPS_SERVER: Fin: 1, OpCode: 1 (TEXT), Mask: 1, Len: 1[0m
[HTTPS:I] WS payload: length=1
 
ssh cmd received:
 
ssh command processing finished
0
Total Heap: 324824 bytes
Free Heap: 161864 bytes
Used Heap: 162964 bytes
[0;32mI (448264) HTTPS_SERVER: Fin: 1, OpCode: 1 (TEXT), Mask: 1, Len: 1[0m
[HTTPS:I] WS payload: length=1
m
ssh cmd received:
m
ssh command processing finished
[0;32mI (448395) HTTPS_SERVER: Fin: 1, OpCode: 1 (TEXT), Mask: 1, Len: 1[0m
[HTTPS:I] WS payload: length=1
e
ssh cmd received:
e
ssh command processing finished
[0;32mI (448458) HTTPS_SERVER: Fin: 1, OpCode: 1 (TEXT), Mask: 1, Len: 1[0m
[HTTPS:I] WS payload: length=1
o
ssh cmd received:
o
ssh command processing finished
[0;32mI (448596) HTTPS_SERVER: Fin: 1, OpCode: 1 (TEXT), Mask: 1, Len: 1[0m
[HTTPS:I] WS payload: length=1
w
ssh cmd received:
w
ssh command processing finished
[0;32mI (448639) HTTPS_SERVER: Fin: 1, OpCode: 1 (TEXT), Mask: 1, Len: 1[0m
[HTTPS:I] WS payload: length=1

ssh cmd received:

ssh command processing finished
0
Total Heap: 324840 bytes
Free Heap: 163408 bytes
Used Heap: 161428 bytes
[0;32mI (449388) HTTPS_SERVER: Fin: 1, OpCode: 1 (TEXT), Mask: 1, Len: 1[0m
[HTTPS:I] WS payload: length=1
p
ssh cmd received:
p
ssh command processing finished
[0;32mI (449398) HTTPS_SERVER: Fin: 1, OpCode: 1 (TEXT), Mask: 1, Len: 1[0m
[HTTPS:I] WS payload: length=1
l
ssh cmd received:
l
ssh command processing finished
Keep Alive Check
[0;32mI (449727) HTTPS_SERVER: Fin: 1, OpCode: 1 (TEXT), Mask: 1, Len: 1[0m
[HTTPS:I] WS payload: length=1

ssh cmd received:

ssh command processing finished
[0;32mI (449850) HTTPS_SERVER: Fin: 1, OpCode: 1 (TEXT), Mask: 1, Len: 1[0m
[HTTPS:I] WS payload: length=1

ssh cmd received:

ssh command processing finished
[0;32mI (450007) HTTPS_SERVER: Fin: 1, OpCode: 1 (TEXT), Mask: 1, Len: 1[0m
[HTTPS:I] WS payload: length=1

ssh cmd received:

ssh command processing finished
[0;32mI (450151) HTTPS_SERVER: Fin: 1, OpCode: 1 (TEXT), Mask: 1, Len: 1[0m
[HTTPS:I] WS payload: length=1

ssh cmd received:

ssh command processing finished
0
Total Heap: 324828 bytes
Free Heap: 163428 bytes
Used Heap: 161408 bytes
[0;32mI (450743) HTTPS_SERVER: Fin: 1, OpCode: 1 (TEXT), Mask: 1, Len: 1[0m
[HTTPS:I] WS payload: length=1

ssh cmd received:

ssh command processing finished
[0;32mI (450790) HTTPS_SERVER: Fin: 1, OpCode: 1 (TEXT), Mask: 1, Len: 1[0m
[HTTPS:I] WS payload: length=1

ssh cmd received:

ssh command processing finished
[0;32mI (450825) HTTPS_SERVER: Fin: 1, OpCode: 1 (TEXT), Mask: 1, Len: 1[0m
[HTTPS:I] WS payload: length=1

ssh cmd received:

ssh command processing finished
[0;32mI (450861) HTTPS_SERVER: Fin: 1, OpCode: 1 (TEXT), Mask: 1, Len: 1[0m
[HTTPS:I] WS payload: length=1

ssh cmd received:

ssh command processing finished
[0;32mI (450910) HTTPS_SERVER: Fin: 1, OpCode: 1 (TEXT), Mask: 1, Len: 1[0m
[HTTPS:I] WS payload: length=1

ssh cmd received:

ssh command processing finished
[0;32mI (450949) HTTPS_SERVER: Fin: 1, OpCode: 1 (TEXT), Mask: 1, Len: 1[0m
[HTTPS:I] WS payload: length=1

ssh cmd received:

ssh command processing finished
[0;32mI (450983) HTTPS_SERVER: Fin: 1, OpCode: 1 (TEXT), Mask: 1, Len: 1[0m
[HTTPS:I] WS payload: length=1

ssh cmd received:

ssh command processing finished
[0;32mI (451026) HTTPS_SERVER: Fin: 1, OpCode: 1 (TEXT), Mask: 1, Len: 1[0m
[HTTPS:I] WS payload: length=1

ssh cmd received:

ssh command processing finished
0
Total Heap: 324832 bytes
Free Heap: 163408 bytes
Used Heap: 161544 bytes
0
Total Heap: 324824 bytes
Free Heap: 163312 bytes
Used Heap: 161400 bytes
0
Total Heap: 324832 bytes
Free Heap: 163284 bytes
Used Heap: 163108 bytes
0
Total Heap: 324832 bytes
Free Heap: 163312 bytes
Used Heap: 161548 bytes
0
Total Heap: 324832 bytes
Free Heap: 163312 bytes
Used Heap: 161520 bytes
0
Total Heap: 324828 bytes
Free Heap: 163428 bytes
Used Heap: 161408 bytes
0
Total Heap: 324832 bytes
Free Heap: 163312 bytes
Used Heap: 161548 bytes
0
Total Heap: 324828 bytes
Free Heap: 161844 bytes
Used Heap: 161524 bytes
0
Total Heap: 324836 bytes
Free Heap: 163544 bytes
Used Heap: 161408 bytes
Keep Alive Check
0
Total Heap: 324832 bytes
Free Heap: 163284 bytes
Used Heap: 161404 bytes
0
Total Heap: 324832 bytes
Free Heap: 163312 bytes
Used Heap: 161548 bytes
0
Total Heap: 324832 bytes
Free Heap: 163312 bytes
Used Heap: 161520 bytes
0
Total Heap: 324832 bytes
Free Heap: 159912 bytes
Used Heap: 161392 bytes
0
Total Heap: 324832 bytes
Free Heap: 163312 bytes
Used Heap: 161520 bytes
0
Total Heap: 324832 bytes
Free Heap: 163428 bytes
Used Heap: 161408 bytes
0
Total Heap: 324832 bytes
Free Heap: 163300 bytes
Used Heap: 161552 bytes
0
Total Heap: 324832 bytes
Free Heap: 163292 bytes
Used Heap: 161540 bytes
0
Total Heap: 324832 bytes
Free Heap: 163292 bytes
Used Heap: 161420 bytes
0
Total Heap: 324824 bytes
Free Heap: 159804 bytes
Used Heap: 161428 bytes
Keep Alive Check
0
Total Heap: 324836 bytes
Free Heap: 163408 bytes
Used Heap: 161428 bytes
0
Total Heap: 324832 bytes
Free Heap: 163300 bytes
Used Heap: 161532 bytes
0
Total Heap: 324836 bytes
Free Heap: 163524 bytes
Used Heap: 161428 bytes
0
Total Heap: 324836 bytes
Free Heap: 163420 bytes
Used Heap: 161436 bytes
0
Total Heap: 324832 bytes
Free Heap: 163312 bytes
Used Heap: 163244 bytes
0
Total Heap: 324832 bytes
Free Heap: 163312 bytes
Used Heap: 161520 bytes
0
Total Heap: 324832 bytes
Free Heap: 163312 bytes
Used Heap: 161520 bytes
0
Total Heap: 324832 bytes
Free Heap: 163312 bytes
Used Heap: 161540 bytes
0
Total Heap: 324828 bytes
Free Heap: 163400 bytes
Used Heap: 161432 bytes
0
Total Heap: 324832 bytes
Free Heap: 163412 bytes
Used Heap: 161424 bytes
Keep Alive Check
0
Total Heap: 324832 bytes
Free Heap: 163412 bytes
Used Heap: 161424 bytes
[0;32mI (480574) HTTPS_SERVER: Fin: 1, OpCode: 1 (TEXT), Mask: 1, Len: 1[0m
[HTTPS:I] WS payload: length=1
H
ssh cmd received:
H
ssh command processing finished
[0;32mI (481022) HTTPS_SERVER: Fin: 1, OpCode: 1 (TEXT), Mask: 1, Len: 1[0m
[HTTPS:I] WS payload: length=1
o
ssh cmd received:
o
ssh command processing finished
[0;32mI (481259) HTTPS_SERVER: Fin: 1, OpCode: 1 (TEXT), Mask: 1, Len: 1[0m
[HTTPS:I] WS payload: length=1
m
ssh cmd received:
m
ssh command processing finished
0
Total Heap: 324816 bytes
Free Heap: 163148 bytes
Used Heap: 161672 bytes
0
Total Heap: 324808 bytes
Free Heap: 162872 bytes
Used Heap: 161792 bytes
[0;32mI (482973) HTTPS_SERVER: Fin: 1, OpCode: 1 (TEXT), Mask: 1, Len: 1[0m
[HTTPS:I] WS payload: length=1
e
ssh cmd received:
e
ssh command processing finished
[0;32mI (482992) HTTPS_SERVER: Fin: 1, OpCode: 1 (TEXT), Mask: 1, Len: 1[0m
[HTTPS:I] WS payload: length=1
1
ssh cmd received:
1
ssh command processing finished
[0;32mI (483007) HTTPS_SERVER: Fin: 1, OpCode: 1 (TEXT), Mask: 1, Len: 1[0m
[HTTPS:I] WS payload: length=1
9
ssh cmd received:
9
ssh command processing finished
[0;32mI (483019) HTTPS_SERVER: Fin: 1, OpCode: 1 (TEXT), Mask: 1, Len: 1[0m
[HTTPS:I] WS payload: length=1
1
ssh cmd received:
1
ssh command processing finished
[0;32mI (483030) HTTPS_SERVER: Fin: 1, OpCode: 1 (TEXT), Mask: 1, Len: 1[0m
[HTTPS:I] WS payload: length=1
8
ssh cmd received:
8
ssh command processing finished
[0;32mI (483044) HTTPS_SERVER: Fin: 1, OpCode: 1 (TEXT), Mask: 1, Len: 1[0m
[HTTPS:I] WS payload: length=1

ssh cmd received:

ssh command processing finished
0
Total Heap: 324812 bytes
Free Heap: 160136 bytes
Used Heap: 164676 bytes
0
Total Heap: 324812 bytes
Free Heap: 160264 bytes
Used Heap: 164664 bytes
0
Total Heap: 324824 bytes
Free Heap: 163312 bytes
Used Heap: 163216 bytes
0
Total Heap: 324832 bytes
Free Heap: 163428 bytes
Used Heap: 161408 bytes
0
Total Heap: 324832 bytes
Free Heap: 163304 bytes
Used Heap: 161528 bytes
0
Total Heap: 324832 bytes
Free Heap: 163304 bytes
Used Heap: 161560 bytes
[0;32mI (489086) HTTPS_SERVER: Fin: 1, OpCode: 1 (TEXT), Mask: 1, Len: 1[0m
[HTTPS:I] WS payload: length=1
m
ssh cmd received:
m
ssh command processing finished
[0;32mI (489150) HTTPS_SERVER: Fin: 1, OpCode: 1 (TEXT), Mask: 1, Len: 1[0m
[HTTPS:I] WS payload: length=1
e
ssh cmd received:
e
ssh command processing finished
[0;32mI (489241) HTTPS_SERVER: Fin: 1, OpCode: 1 (TEXT), Mask: 1, Len: 1[0m
[HTTPS:I] WS payload: length=1
o
ssh cmd received:
o
ssh command processing finished
[0;32mI (489313) HTTPS_SERVER: Fin: 1, OpCode: 1 (TEXT), Mask: 1, Len: 1[0m
[HTTPS:I] WS payload: length=1
w
ssh cmd received:
w
ssh command processing finished
[0;32mI (489414) HTTPS_SERVER: Fin: 1, OpCode: 1 (TEXT), Mask: 1, Len: 1[0m
0
[HTTPS:I] WS payload: length=1
Total Heap: 324816 bytes
Free Heap: 159892 bytes
Used Heap: 165164 bytes

ssh cmd received:

ssh command processing finished
Keep Alive Check
0
Total Heap: 324832 bytes
Free Heap: 163544 bytes
Used Heap: 161528 bytes
0
Total Heap: 324832 bytes
Free Heap: 163292 bytes
Used Heap: 161540 bytes
[0;32mI (492359) HTTPS_SERVER: Fin: 1, OpCode: 1 (TEXT), Mask: 1, Len: 1[0m
[HTTPS:I] WS payload: length=1
c
ssh cmd received:
c
ssh command processing finished
[0;32mI (492435) HTTPS_SERVER: Fin: 1, OpCode: 1 (TEXT), Mask: 1, Len: 1[0m
0
Total Heap: 324812 bytes
Free Heap: 161584 bytes
Used Heap: 163228 bytes
[HTTPS:I] WS payload: length=1
l
ssh cmd received:
l
ssh command processing finished
[0;32mI (492517) HTTPS_SERVER: Fin: 1, OpCode: 1 (TEXT), Mask: 1, Len: 1[0m
[HTTPS:I] WS payload: length=1
e
ssh cmd received:
e
ssh command processing finished
[0;32mI (492612) HTTPS_SERVER: Fin: 1, OpCode: 1 (TEXT), Mask: 1, Len: 1[0m
[HTTPS:I] WS payload: length=1
a
ssh cmd received:
a
ssh command processing finished
[0;32mI (492625) HTTPS_SERVER: Fin: 1, OpCode: 1 (TEXT), Mask: 1, Len: 1[0m
[HTTPS:I] WS payload: length=1
r
ssh cmd received:
r
ssh command processing finished
[0;32mI (492735) HTTPS_SERVER: Fin: 1, OpCode: 1 (TEXT), Mask: 1, Len: 1[0m
[HTTPS:I] WS payload: length=1

ssh cmd received:

ssh command processing finished
[0;32mI (493038) HTTPS_SERVER: Fin: 1, OpCode: 1 (TEXT), Mask: 1, Len: 1[0m
[HTTPS:I] WS payload: length=1
m
ssh cmd received:
m
ssh command processing finished
[0;32mI (493112) HTTPS_SERVER: Fin: 1, OpCode: 1 (TEXT), Mask: 1, Len: 1[0m
[HTTPS:I] WS payload: length=1
e
ssh cmd received:
e
ssh command processing finished
[0;32mI (493207) HTTPS_SERVER: Fin: 1, OpCode: 1 (TEXT), Mask: 1, Len: 1[0m
[HTTPS:I] WS payload: length=1
o
ssh cmd received:
o
ssh command processing finished
[0;32mI (493314) HTTPS_SERVER: Fin: 1, OpCode: 1 (TEXT), Mask: 1, Len: 1[0m
[HTTPS:I] WS payload: length=1
w
ssh cmd received:
w
ssh command processing finished
[0;32mI (493324) HTTPS_SERVER: Fin: 1, OpCode: 1 (TEXT), Mask: 1, Len: 1[0m
[HTTPS:I] WS payload: length=1

ssh cmd received:

ssh command processing finished
0
Total Heap: 324816 bytes
Free Heap: 160164 bytes
Used Heap: 164652 bytes
[0;32mI (494327) HTTPS_SERVER: Fin: 1, OpCode: 1 (TEXT), Mask: 1, Len: 1[0m
[HTTPS:I] WS payload: length=1
m
ssh cmd received:
m
ssh command processing finished
[0;32mI (494364) HTTPS_SERVER: Fin: 1, OpCode: 1 (TEXT), Mask: 1, Len: 1[0m
[HTTPS:I] WS payload: length=1
e
ssh cmd received:
e
ssh command processing finished
[0;32mI (494431) HTTPS_SERVER: Fin: 1, OpCode: 1 (TEXT), Mask: 1, Len: 1[0m
[HTTPS:I] WS payload: length=1
0
Total Heap: 324812 bytes
Free Heap: 158180 bytes
Used Heap: 166640 bytes
o
ssh cmd received:
o
ssh command processing finished
[0;32mI (494579) HTTPS_SERVER: Fin: 1, OpCode: 1 (TEXT), Mask: 1, Len: 1[0m
[HTTPS:I] WS payload: length=1
w
ssh cmd received:
w
ssh command processing finished
[0;32mI (494604) HTTPS_SERVER: Fin: 1, OpCode: 1 (TEXT), Mask: 1, Len: 1[0m
[HTTPS:I] WS payload: length=1

ssh cmd received:

ssh command processing finished
[0;32mI (495334) HTTPS_SERVER: Fin: 1, OpCode: 1 (TEXT), Mask: 1, Len: 1[0m
[HTTPS:I] WS payload: length=1
m
ssh cmd received:
m
ssh command processing finished
[0;32mI (495424) HTTPS_SERVER: Fin: 1, OpCode: 1 (TEXT), Mask: 1, Len: 1[0m
[HTTPS:I] WS payload: length=1
e
ssh cmd received:
e
ssh command processing finished
0
Total Heap: 324816 bytes
Free Heap: 160152 bytes
Used Heap: 164544 bytes
[0;32mI (495565) HTTPS_SERVER: Fin: 1, OpCode: 1 (TEXT), Mask: 1, Len: 1[0m
[HTTPS:I] WS payload: length=1
o
ssh cmd received:
o
ssh command processing finished
[0;32mI (495616) HTTPS_SERVER: Fin: 1, OpCode: 1 (TEXT), Mask: 1, Len: 1[0m
[HTTPS:I] WS payload: length=1
w
ssh cmd received:
w
ssh command processing finished
[0;32mI (495731) HTTPS_SERVER: Fin: 1, OpCode: 1 (TEXT), Mask: 1, Len: 1[0m
[HTTPS:I] WS payload: length=1

ssh cmd received:

ssh command processing finished
[0;32mI (496135) HTTPS_SERVER: Fin: 1, OpCode: 1 (TEXT), Mask: 1, Len: 1[0m
[HTTPS:I] WS payload: length=1
m
ssh cmd received:
m
ssh command processing finished
[0;32mI (496203) HTTPS_SERVER: Fin: 1, OpCode: 1 (TEXT), Mask: 1, Len: 1[0m
[HTTPS:I] WS payload: length=1
e
ssh cmd received:
e
ssh command processing finished
[0;32mI (496255) HTTPS_SERVER: Fin: 1, OpCode: 1 (TEXT), Mask: 1, Len: 1[0m
[HTTPS:I] WS payload: length=1
o
ssh cmd received:
o
ssh command processing finished
[0;32mI (496415) HTTPS_SERVER: Fin: 1, OpCode: 1 (TEXT), Mask: 1, Len: 1[0m
[HTTPS:I] WS payload: length=1
w
ssh cmd received:
w
ssh command processing finished
[0;32mI (496446) HTTPS_SERVER: Fin: 1, OpCode: 1 (TEXT), Mask: 1, Len: 1[0m
[HTTPS:I] WS payload: length=1

ssh cmd received:

ssh command processing finished
0
Total Heap: 324812 bytes
Free Heap: 160124 bytes
Used Heap: 164548 bytes
[0;32mI (496796) HTTPS_SERVER: Fin: 1, OpCode: 1 (TEXT), Mask: 1, Len: 1[0m
[HTTPS:I] WS payload: length=1
m
ssh cmd received:
m
ssh command processing finished
[0;32mI (496834) HTTPS_SERVER: Fin: 1, OpCode: 1 (TEXT), Mask: 1, Len: 1[0m
[HTTPS:I] WS payload: length=1
e
ssh cmd received:
e
ssh command processing finished
[0;32mI (496955) HTTPS_SERVER: Fin: 1, OpCode: 1 (TEXT), Mask: 1, Len: 1[0m
[HTTPS:I] WS payload: length=1
o
ssh cmd received:
o
ssh command processing finished
[0;32mI (497009) HTTPS_SERVER: Fin: 1, OpCode: 1 (TEXT), Mask: 1, Len: 1[0m
[HTTPS:I] WS payload: length=1
w
ssh cmd received:
w
ssh command processing finished
[0;32mI (497090) HTTPS_SERVER: Fin: 1, OpCode: 1 (TEXT), Mask: 1, Len: 1[0m
[HTTPS:I] WS payload: length=1

ssh cmd received:

ssh command processing finished
[0;32mI (497351) HTTPS_SERVER: Fin: 1, OpCode: 1 (TEXT), Mask: 1, Len: 1[0m
[HTTPS:I] WS payload: length=1
m
ssh cmd received:
m
ssh command processing finished
[0;32mI (497452) HTTPS_SERVER: Fin: 1, OpCode: 1 (TEXT), Mask: 1, Len: 1[0m
[HTTPS:I] WS payload: length=1
e
ssh cmd received:
e
ssh command processing finished
0
Total Heap: 324812 bytes
Free Heap: 161660 bytes
Used Heap: 163164 bytes
[0;32mI (497473) HTTPS_SERVER: Fin: 1, OpCode: 1 (TEXT), Mask: 1, Len: 1[0m
[HTTPS:I] WS payload: length=1
o
ssh cmd received:
o
ssh command processing finished
[0;32mI (497637) HTTPS_SERVER: Fin: 1, OpCode: 1 (TEXT), Mask: 1, Len: 1[0m
[HTTPS:I] WS payload: length=1
w
ssh cmd received:
w
ssh command processing finished
[0;32mI (497727) HTTPS_SERVER: Fin: 1, OpCode: 1 (TEXT), Mask: 1, Len: 1[0m
[HTTPS:I] WS payload: length=1

ssh cmd received:

ssh command processing finished
[0;32mI (498032) HTTPS_SERVER: Fin: 1, OpCode: 1 (TEXT), Mask: 1, Len: 1[0m
[HTTPS:I] WS payload: length=1
m
ssh cmd received:
m
ssh command processing finished
[0;32mI (498152) HTTPS_SERVER: Fin: 1, OpCode: 1 (TEXT), Mask: 1, Len: 1[0m
[HTTPS:I] WS payload: length=1
e
ssh cmd received:
e
ssh command processing finished
[0;32mI (498198) HTTPS_SERVER: Fin: 1, OpCode: 1 (TEXT), Mask: 1, Len: 1[0m
[HTTPS:I] WS payload: length=1
o
ssh cmd received:
o
ssh command processing finished
[0;32mI (498350) HTTPS_SERVER: Fin: 1, OpCode: 1 (TEXT), Mask: 1, Len: 1[0m
[HTTPS:I] WS payload: length=1
w
ssh cmd received:
w
ssh command processing finished
[0;32mI (498387) HTTPS_SERVER: Fin: 1, OpCode: 1 (TEXT), Mask: 1, Len: 1[0m
[HTTPS:I] WS payload: length=1

ssh cmd received:

ssh command processing finished
0
Total Heap: 324832 bytes
Free Heap: 163420 bytes
Used Heap: 161416 bytes
[0;32mI (498776) HTTPS_SERVER: Fin: 1, OpCode: 1 (TEXT), Mask: 1, Len: 1[0m
[HTTPS:I] WS payload: length=1
m
ssh cmd received:
m
ssh command processing finished
[0;32mI (498872) HTTPS_SERVER: Fin: 1, OpCode: 1 (TEXT), Mask: 1, Len: 1[0m
[HTTPS:I] WS payload: length=1
e
ssh cmd received:
e
ssh command processing finished
[0;32mI (498896) HTTPS_SERVER: Fin: 1, OpCode: 1 (TEXT), Mask: 1, Len: 1[0m
[HTTPS:I] WS payload: length=1
o
ssh cmd received:
o
ssh command processing finished
[0;32mI (499073) HTTPS_SERVER: Fin: 1, OpCode: 1 (TEXT), Mask: 1, Len: 1[0m
[HTTPS:I] WS payload: length=1
w
ssh cmd received:
w
ssh command processing finished
[0;32mI (499123) HTTPS_SERVER: Fin: 1, OpCode: 1 (TEXT), Mask: 1, Len: 1[0m
[HTTPS:I] WS payload: length=1

ssh cmd received:

ssh command processing finished
0
Total Heap: 324816 bytes
Free Heap: 163100 bytes
Used Heap: 161708 bytes
[0;32mI (499491) HTTPS_SERVER: Fin: 1, OpCode: 1 (TEXT), Mask: 1, Len: 1[0m
[HTTPS:I] WS payload: length=1
m
ssh cmd received:
m
ssh command processing finished
[0;32mI (499578) HTTPS_SERVER: Fin: 1, OpCode: 1 (TEXT), Mask: 1, Len: 1[0m
[HTTPS:I] WS payload: length=1
e
ssh cmd received:
e
ssh command processing finished
[0;32mI (499676) HTTPS_SERVER: Fin: 1, OpCode: 1 (TEXT), Mask: 1, Len: 1[0m
[HTTPS:I] WS payload: length=1
o
ssh cmd received:
o
ssh command processing finished
Keep Alive Check
[0;32mI (499793) HTTPS_SERVER: Fin: 1, OpCode: 1 (TEXT), Mask: 1, Len: 1[0m
[HTTPS:I] WS payload: length=1
w
ssh cmd received:
w
ssh command processing finished
[0;32mI (499864) HTTPS_SERVER: Fin: 1, OpCode: 1 (TEXT), Mask: 1, Len: 1[0m
[HTTPS:I] WS payload: length=1

ssh cmd received:

ssh command processing finished
[0;32mI (500118) HTTPS_SERVER: Fin: 1, OpCode: 1 (TEXT), Mask: 1, Len: 1[0m
[HTTPS:I] WS payload: length=1
m
ssh cmd received:
m
ssh command processing finished
[0;32mI (500204) HTTPS_SERVER: Fin: 1, OpCode: 1 (TEXT), Mask: 1, Len: 1[0m
[HTTPS:I] WS payload: length=1
e
ssh cmd received:
e
ssh command processing finished
[0;32mI (500308) HTTPS_SERVER: Fin: 1, OpCode: 1 (TEXT), Mask: 1, Len: 1[0m
[HTTPS:I] WS payload: length=1
o
ssh cmd received:
o
ssh command processing finished
[0;32mI (500405) HTTPS_SERVER: Fin: 1, OpCode: 1 (TEXT), Mask: 1, Len: 1[0m
[HTTPS:I] WS payload: length=1
w
ssh cmd received:
w
ssh command processing finished
[0;32mI (500437) HTTPS_SERVER: Fin: 1, OpCode: 1 (TEXT), Mask: 1, Len: 1[0m
[HTTPS:I] WS payload: length=1

ssh cmd received:

ssh command processing finished
0
Total Heap: 324816 bytes
Free Heap: 160280 bytes
Used Heap: 169328 bytes
[0;32mI (500717) HTTPS_SERVER: Fin: 1, OpCode: 1 (TEXT), Mask: 1, Len: 1[0m
[HTTPS:I] WS payload: length=1
c
ssh cmd received:
c
ssh command processing finished
[0;32mI (500783) HTTPS_SERVER: Fin: 1, OpCode: 1 (TEXT), Mask: 1, Len: 1[0m
[HTTPS:I] WS payload: length=1
l
ssh cmd received:
l
ssh command processing finished
[0;32mI (500893) HTTPS_SERVER: Fin: 1, OpCode: 1 (TEXT), Mask: 1, Len: 1[0m
[HTTPS:I] WS payload: length=1
e
ssh cmd received:
e
ssh command processing finished
[0;32mI (500919) HTTPS_SERVER: Fin: 1, OpCode: 1 (TEXT), Mask: 1, Len: 1[0m
[HTTPS:I] WS payload: length=1
a
ssh cmd received:
a
ssh command processing finished
[0;32mI (500985) HTTPS_SERVER: Fin: 1, OpCode: 1 (TEXT), Mask: 1, Len: 1[0m
[HTTPS:I] WS payload: length=1
r
ssh cmd received:
r
ssh command processing finished
[0;32mI (501104) HTTPS_SERVER: Fin: 1, OpCode: 1 (TEXT), Mask: 1, Len: 1[0m
[HTTPS:I] WS payload: length=1

ssh cmd received:

ssh command processing finished
[0;32mI (501342) HTTPS_SERVER: Fin: 1, OpCode: 1 (TEXT), Mask: 1, Len: 1[0m
[HTTPS:I] WS payload: length=1
m
ssh cmd received:
m
ssh command processing finished
[0;32mI (501426) HTTPS_SERVER: Fin: 1, OpCode: 1 (TEXT), Mask: 1, Len: 1[0m
[HTTPS:I] WS payload: length=1
e
ssh cmd received:
e
ssh command processing finished
0
Total Heap: 324816 bytes
Free Heap: 160292 bytes
Used Heap: 164528 bytes
[0;32mI (501497) HTTPS_SERVER: Fin: 1, OpCode: 1 (TEXT), Mask: 1, Len: 1[0m
[HTTPS:I] WS payload: length=1
o
ssh cmd received:
o
ssh command processing finished
[0;32mI (501612) HTTPS_SERVER: Fin: 1, OpCode: 1 (TEXT), Mask: 1, Len: 1[0m
[HTTPS:I] WS payload: length=1
w
ssh cmd received:
w
ssh command processing finished
[0;32mI (501656) HTTPS_SERVER: Fin: 1, OpCode: 1 (TEXT), Mask: 1, Len: 1[0m
[HTTPS:I] WS payload: length=1

ssh cmd received:

ssh command processing finished
[0;32mI (502286) HTTPS_SERVER: Fin: 1, OpCode: 1 (TEXT), Mask: 1, Len: 1[0m
[HTTPS:I] WS payload: length=1
c
ssh cmd received:
c
ssh command processing finished
[0;32mI (502330) HTTPS_SERVER: Fin: 1, OpCode: 1 (TEXT), Mask: 1, Len: 1[0m
[HTTPS:I] WS payload: length=1
l
ssh cmd received:
l
ssh command processing finished
[0;32mI (502387) HTTPS_SERVER: Fin: 1, OpCode: 1 (TEXT), Mask: 1, Len: 1[0m
[HTTPS:I] WS payload: length=1
e
ssh cmd received:
e
ssh command processing finished
[0;32mI (502440) HTTPS_SERVER: Fin: 1, OpCode: 1 (TEXT), Mask: 1, Len: 1[0m
[HTTPS:I] WS payload: length=1
a
ssh cmd received:
a
ssh command processing finished
0
Total Heap: 324832 bytes
Free Heap: 163420 bytes
Used Heap: 161416 bytes
[0;32mI (502554) HTTPS_SERVER: Fin: 1, OpCode: 1 (TEXT), Mask: 1, Len: 1[0m
[HTTPS:I] WS payload: length=1
r
ssh cmd received:
r
ssh command processing finished
[0;32mI (502578) HTTPS_SERVER: Fin: 1, OpCode: 1 (TEXT), Mask: 1, Len: 1[0m
[HTTPS:I] WS payload: length=1

ssh cmd received:

ssh command processing finished
0
Total Heap: 324836 bytes
Free Heap: 163388 bytes
Used Heap: 161316 bytes
0
Total Heap: 324832 bytes
Free Heap: 163292 bytes
Used Heap: 161540 bytes
0
Total Heap: 324832 bytes
Free Heap: 163292 bytes
Used Heap: 161540 bytes
0
Total Heap: 324832 bytes
Free Heap: 163284 bytes
Used Heap: 161568 bytes
0
Total Heap: 324836 bytes
Free Heap: 163524 bytes
Used Heap: 161432 bytes
0
Total Heap: 324836 bytes
Free Heap: 163536 bytes
Used Heap: 161416 bytes
0
Total Heap: 324832 bytes
Free Heap: 163292 bytes
Used Heap: 161560 bytes
Keep Alive Check
0
Total Heap: 324832 bytes
Free Heap: 163408 bytes
Used Heap: 161428 bytes
0
Total Heap: 324828 bytes
Free Heap: 161604 bytes
Used Heap: 161528 bytes
0
Total Heap: 324832 bytes
Free Heap: 163292 bytes
Used Heap: 161560 bytes
0
Total Heap: 324832 bytes
Free Heap: 163292 bytes
Used Heap: 161560 bytes
0
Total Heap: 324836 bytes
Free Heap: 163292 bytes
Used Heap: 161540 bytes
0
Total Heap: 324832 bytes
Free Heap: 163408 bytes
Used Heap: 161428 bytes
0
Total Heap: 324836 bytes
Free Heap: 163292 bytes
Used Heap: 161540 bytes
0
Total Heap: 324832 bytes
Free Heap: 163292 bytes
Used Heap: 161540 bytes
0
Total Heap: 324836 bytes
Free Heap: 163536 bytes
Used Heap: 161416 bytes
0
Total Heap: 324832 bytes
Free Heap: 163292 bytes
Used Heap: 161560 bytes
Keep Alive Check
0
Total Heap: 324832 bytes
Free Heap: 163292 bytes
Used Heap: 161540 bytes
0
Total Heap: 324824 bytes
Free Heap: 163388 bytes
Used Heap: 161444 bytes
0
Total Heap: 324840 bytes
Free Heap: 163408 bytes
Used Heap: 161428 bytes
0
Total Heap: 324832 bytes
Free Heap: 163280 bytes
Used Heap: 161572 bytes
0
Total Heap: 324832 bytes
Free Heap: 163304 bytes
Used Heap: 161528 bytes
0
Total Heap: 324832 bytes
Free Heap: 163304 bytes
Used Heap: 161560 bytes
0
Total Heap: 324832 bytes
Free Heap: 163304 bytes
Used Heap: 161560 bytes
0
Total Heap: 324828 bytes
Free Heap: 161700 bytes
Used Heap: 164820 bytes
0
Total Heap: 324840 bytes
Free Heap: 163420 bytes
Used Heap: 161416 bytes
0
Total Heap: 324832 bytes
Free Heap: 163420 bytes
Used Heap: 161416 bytes
Keep Alive Check
0
Total Heap: 324832 bytes
Free Heap: 163304 bytes
Used Heap: 161528 bytes
0
Total Heap: 324832 bytes
Free Heap: 163408 bytes
Used Heap: 161424 bytes
0
Total Heap: 324840 bytes
Free Heap: 161824 bytes
Used Heap: 163240 bytes
0
Total Heap: 324832 bytes
Free Heap: 163292 bytes
Used Heap: 161560 bytes
0
Total Heap: 324832 bytes
Free Heap: 163292 bytes
Used Heap: 161560 bytes
0
Total Heap: 324832 bytes
Free Heap: 163292 bytes
Used Heap: 161540 bytes
0
Total Heap: 324832 bytes
Free Heap: 163292 bytes
Used Heap: 161540 bytes
0
Total Heap: 324828 bytes
Free Heap: 163292 bytes
Used Heap: 161540 bytes
0
Total Heap: 324840 bytes
Free Heap: 160124 bytes
Used Heap: 163128 bytes
0
Total Heap: 324832 bytes
Free Heap: 163292 bytes
Used Heap: 161540 bytes
Keep Alive Check
0
Total Heap: 324832 bytes
Free Heap: 163292 bytes
Used Heap: 161540 bytes
0
Total Heap: 324832 bytes
Free Heap: 163292 bytes
Used Heap: 161540 bytes
0
Total Heap: 324836 bytes
Free Heap: 163524 bytes
Used Heap: 161428 bytes
0
Total Heap: 324832 bytes
Free Heap: 163292 bytes
Used Heap: 161540 bytes
0
Total Heap: 324832 bytes
Free Heap: 163304 bytes
Used Heap: 161560 bytes
0
Total Heap: 324832 bytes
Free Heap: 163292 bytes
Used Heap: 161560 bytes
0
Total Heap: 324832 bytes
Free Heap: 163292 bytes
Used Heap: 161540 bytes
0
Total Heap: 324832 bytes
Free Heap: 163524 bytes
Used Heap: 161432 bytes
0
Total Heap: 324836 bytes
Free Heap: 163292 bytes
Used Heap: 161540 bytes
0
Total Heap: 324832 bytes
Free Heap: 163292 bytes
Used Heap: 161540 bytes
Keep Alive Check
0
Total Heap: 324832 bytes
Free Heap: 163288 bytes
Used Heap: 161544 bytes
0
Total Heap: 324832 bytes
Free Heap: 163292 bytes
Used Heap: 161560 bytes
0
Total Heap: 324836 bytes
Free Heap: 163524 bytes
Used Heap: 161428 bytes
0
Total Heap: 324828 bytes
Free Heap: 161552 bytes
Used Heap: 161412 bytes
0
Total Heap: 324832 bytes
Free Heap: 163408 bytes
Used Heap: 161428 bytes
0
Total Heap: 324832 bytes
Free Heap: 163292 bytes
Used Heap: 161420 bytes
0
Total Heap: 324832 bytes
Free Heap: 163292 bytes
Used Heap: 161540 bytes
0
Total Heap: 324832 bytes
Free Heap: 163292 bytes
Used Heap: 161540 bytes
0
Total Heap: 324836 bytes
Free Heap: 163408 bytes
Used Heap: 161544 bytes
0
Total Heap: 324832 bytes
Free Heap: 163292 bytes
Used Heap: 161540 bytes
Keep Alive Check
0
Total Heap: 324832 bytes
Free Heap: 163292 bytes
Used Heap: 161540 bytes
0
Total Heap: 324832 bytes
Free Heap: 163300 bytes
Used Heap: 161532 bytes
0
Total Heap: 324832 bytes
Free Heap: 163292 bytes
Used Heap: 161560 bytes
0
Total Heap: 324828 bytes
Free Heap: 163260 bytes
Used Heap: 161440 bytes
0
Total Heap: 324824 bytes
Free Heap: 159832 bytes
Used Heap: 165004 bytes
0
Total Heap: 324832 bytes
Free Heap: 163292 bytes
Used Heap: 161560 bytes
0
Total Heap: 324832 bytes
Free Heap: 163292 bytes
Used Heap: 161560 bytes
0
Total Heap: 324832 bytes
Free Heap: 163292 bytes
Used Heap: 161540 bytes
0
Total Heap: 324836 bytes
Free Heap: 163292 bytes
Used Heap: 161540 bytes
Keep Alive Check
0
Total Heap: 324812 bytes
Free Heap: 161844 bytes
Used Heap: 162984 bytes
0
Total Heap: 324832 bytes
Free Heap: 163304 bytes
Used Heap: 161408 bytes
0
Total Heap: 324832 bytes
Free Heap: 163296 bytes
Used Heap: 161536 bytes
0
Total Heap: 324832 bytes
Free Heap: 163296 bytes
Used Heap: 161536 bytes
0
Total Heap: 324832 bytes
Free Heap: 163284 bytes
Used Heap: 161568 bytes
0
Total Heap: 324816 bytes
Free Heap: 163292 bytes
Used Heap: 161568 bytes
0
Total Heap: 324832 bytes
Free Heap: 159864 bytes
Used Heap: 161448 bytes
0
Total Heap: 324836 bytes
Free Heap: 163528 bytes
Used Heap: 161424 bytes
0
Total Heap: 324832 bytes
Free Heap: 163284 bytes
Used Heap: 161548 bytes
0
Total Heap: 324836 bytes
Free Heap: 163528 bytes
Used Heap: 161424 bytes
Keep Alive Check
0
Total Heap: 324828 bytes
Free Heap: 161836 bytes
Used Heap: 162992 bytes
0
Total Heap: 324832 bytes
Free Heap: 163292 bytes
Used Heap: 161540 bytes
0
Total Heap: 324832 bytes
Free Heap: 163296 bytes
Used Heap: 161536 bytes
0
Total Heap: 324832 bytes
Free Heap: 163284 bytes
Used Heap: 161568 bytes
0
Total Heap: 324832 bytes
Free Heap: 163296 bytes
Used Heap: 161536 bytes
0
Total Heap: 324832 bytes
Free Heap: 163304 bytes
Used Heap: 161408 bytes
0
Total Heap: 324832 bytes
Free Heap: 163296 bytes
Used Heap: 161416 bytes
0
Total Heap: 324836 bytes
Free Heap: 163276 bytes
Used Heap: 163252 bytes
0
Total Heap: 324832 bytes
Free Heap: 163284 bytes
Used Heap: 161568 bytes
0
Total Heap: 324832 bytes
Free Heap: 163296 bytes
Used Heap: 161564 bytes
Keep Alive Check
0
Total Heap: 324832 bytes
Free Heap: 163284 bytes
Used Heap: 161428 bytes
0
Total Heap: 324832 bytes
Free Heap: 163296 bytes
Used Heap: 161536 bytes
0
Total Heap: 324816 bytes
Free Heap: 159816 bytes
Used Heap: 161564 bytes
0
Total Heap: 324832 bytes
Free Heap: 163284 bytes
Used Heap: 161568 bytes
0
Total Heap: 324832 bytes
Free Heap: 163292 bytes
Used Heap: 161540 bytes
0
Total Heap: 324832 bytes
Free Heap: 163296 bytes
Used Heap: 161536 bytes
0
Total Heap: 324832 bytes
Free Heap: 163284 bytes
Used Heap: 161548 bytes
0
Total Heap: 324832 bytes
Free Heap: 163296 bytes
Used Heap: 161568 bytes
0
Total Heap: 324832 bytes
Free Heap: 163284 bytes
Used Heap: 161568 bytes
0
Total Heap: 324832 bytes
Free Heap: 163284 bytes
Used Heap: 161568 bytes
Keep Alive Check
0
Total Heap: 324832 bytes
Free Heap: 163284 bytes
Used Heap: 161428 bytes
0
Total Heap: 324832 bytes
Free Heap: 163284 bytes
Used Heap: 161548 bytes
0
Total Heap: 324832 bytes
Free Heap: 163284 bytes
Used Heap: 161568 bytes
0
Total Heap: 324832 bytes
Free Heap: 163408 bytes
Used Heap: 161428 bytes
0
Total Heap: 324836 bytes
Free Heap: 161652 bytes
Used Heap: 164960 bytes
0
Total Heap: 324828 bytes
Free Heap: 163264 bytes
Used Heap: 161564 bytes
0
Total Heap: 324832 bytes
Free Heap: 163284 bytes
Used Heap: 161568 bytes
0
Total Heap: 324836 bytes
Free Heap: 163528 bytes
Used Heap: 161424 bytes
0
Total Heap: 324832 bytes
Free Heap: 163284 bytes
Used Heap: 161548 bytes
0
Total Heap: 324832 bytes
Free Heap: 163412 bytes
Used Heap: 161424 bytes
Keep Alive Check
0
Total Heap: 324816 bytes
Free Heap: 161704 bytes
Used Heap: 163116 bytes
0
Total Heap: 324820 bytes
Free Heap: 161920 bytes
Used Heap: 163016 bytes
0
Total Heap: 324820 bytes
Free Heap: 161716 bytes
Used Heap: 163104 bytes
0
Total Heap: 324824 bytes
Free Heap: 161940 bytes
Used Heap: 163000 bytes
0
Total Heap: 324824 bytes
Free Heap: 161712 bytes
Used Heap: 163112 bytes
0
Total Heap: 324840 bytes
Free Heap: 163296 bytes
Used Heap: 163236 bytes
0
Total Heap: 324836 bytes
Free Heap: 163284 bytes
Used Heap: 161548 bytes
0
Total Heap: 324832 bytes
Free Heap: 163284 bytes
Used Heap: 161548 bytes
0
Total Heap: 324832 bytes
Free Heap: 163284 bytes
Used Heap: 161548 bytes
0
Total Heap: 324832 bytes
Free Heap: 163284 bytes
Used Heap: 161548 bytes
Keep Alive Check
0
Total Heap: 324832 bytes
Free Heap: 163292 bytes
Used Heap: 161540 bytes
0
Total Heap: 324828 bytes
Free Heap: 163400 bytes
Used Heap: 161432 bytes
0
Total Heap: 324836 bytes
Free Heap: 163528 bytes
Used Heap: 161424 bytes
0
Total Heap: 324832 bytes
Free Heap: 163296 bytes
Used Heap: 161536 bytes
0
Total Heap: 324832 bytes
Free Heap: 163284 bytes
Used Heap: 161548 bytes
0
Total Heap: 324832 bytes
Free Heap: 163284 bytes
Used Heap: 161568 bytes
0
Total Heap: 324824 bytes
Free Heap: 161556 bytes
Used Heap: 163136 bytes
0
Total Heap: 324832 bytes
Free Heap: 163284 bytes
Used Heap: 161548 bytes
0
Total Heap: 324832 bytes
Free Heap: 163284 bytes
Used Heap: 161548 bytes
0
Total Heap: 324832 bytes
Free Heap: 163284 bytes
Used Heap: 161548 bytes
Keep Alive Check
0
Total Heap: 324832 bytes
Free Heap: 163284 bytes
Used Heap: 161428 bytes
0
Total Heap: 324832 bytes
Free Heap: 163400 bytes
Used Heap: 161436 bytes
0
Total Heap: 324832 bytes
Free Heap: 163284 bytes
Used Heap: 161548 bytes
0
Total Heap: 324832 bytes
Free Heap: 163284 bytes
Used Heap: 161568 bytes
0
Total Heap: 324832 bytes
Free Heap: 163284 bytes
Used Heap: 161568 bytes
[0;32mI (634760) HTTPS_SERVER: Fin: 1, OpCode: 1 (TEXT), Mask: 1, Len: 1[0m
[HTTPS:I] WS payload: length=1
e
ssh cmd received:
e
ssh command processing finished
[0;32mI (635000) HTTPS_SERVER: Fin: 1, OpCode: 1 (TEXT), Mask: 1, Len: 1[0m
[HTTPS:I] WS payload: length=1
c
ssh cmd received:
c
ssh command processing finished
0
Total Heap: 324816 bytes
Free Heap: 161816 bytes
Used Heap: 163004 bytes
[0;32mI (635291) HTTPS_SERVER: Fin: 1, OpCode: 1 (TEXT), Mask: 1, Len: 1[0m
[HTTPS:I] WS payload: length=1
h
ssh cmd received:
h
ssh command processing finished
[0;32mI (635369) HTTPS_SERVER: Fin: 1, OpCode: 1 (TEXT), Mask: 1, Len: 1[0m
[HTTPS:I] WS payload: length=1
o
ssh cmd received:
o
ssh command processing finished
[0;32mI (635553) HTTPS_SERVER: Fin: 1, OpCode: 1 (TEXT), Mask: 1, Len: 1[0m
[HTTPS:I] WS payload: length=1
 
ssh cmd received:
 
ssh command processing finished
[0;32mI (635732) HTTPS_SERVER: Fin: 1, OpCode: 1 (TEXT), Mask: 1, Len: 1[0m
[HTTPS:I] WS payload: length=1
"
ssh cmd received:
"
ssh command processing finished
[0;32mI (635952) HTTPS_SERVER: Fin: 1, OpCode: 1 (TEXT), Mask: 1, Len: 1[0m
[HTTPS:I] WS payload: length=1
e
ssh cmd received:
e
ssh command processing finished
0
Total Heap: 324804 bytes
Free Heap: 158560 bytes
Used Heap: 166324 bytes
[0;32mI (636162) HTTPS_SERVER: Fin: 1, OpCode: 1 (TEXT), Mask: 1, Len: 1[0m
[HTTPS:I] WS payload: length=1
"
ssh cmd received:
"
ssh command processing finished
[0;32mI (636372) HTTPS_SERVER: Fin: 1, OpCode: 1 (TEXT), Mask: 1, Len: 1[0m
[HTTPS:I] WS payload: length=1

ssh cmd received:

ssh command processing finished
0
Total Heap: 324832 bytes
Free Heap: 163284 bytes
Used Heap: 161548 bytes
[0;32mI (637942) HTTPS_SERVER: Fin: 1, OpCode: 1 (TEXT), Mask: 1, Len: 1[0m
[HTTPS:I] WS payload: length=1
c
ssh cmd received:
c
ssh command processing finished
[0;32mI (637969) HTTPS_SERVER: Fin: 1, OpCode: 1 (TEXT), Mask: 1, Len: 1[0m
[HTTPS:I] WS payload: length=1
l
ssh cmd received:
l
ssh command processing finished
[0;32mI (638063) HTTPS_SERVER: Fin: 1, OpCode: 1 (TEXT), Mask: 1, Len: 1[0m
[HTTPS:I] WS payload: length=1
e
ssh cmd received:
e
ssh command processing finished
[0;32mI (638140) HTTPS_SERVER: Fin: 1, OpCode: 1 (TEXT), Mask: 1, Len: 1[0m
[HTTPS:I] WS payload: length=1
a
ssh cmd received:
a
ssh command processing finished
0
Total Heap: 324804 bytes
Free Heap: 160104 bytes
Used Heap: 164704 bytes
[0;32mI (638170) HTTPS_SERVER: Fin: 1, OpCode: 1 (TEXT), Mask: 1, Len: 1[0m
[HTTPS:I] WS payload: length=1
r
ssh cmd received:
r
ssh command processing finished
[0;32mI (638245) HTTPS_SERVER: Fin: 1, OpCode: 1 (TEXT), Mask: 1, Len: 1[0m
[HTTPS:I] WS payload: length=1

ssh cmd received:

ssh command processing finished
0
Total Heap: 324812 bytes
Free Heap: 160100 bytes
Used Heap: 164568 bytes
Keep Alive Check
0
Total Heap: 324812 bytes
Free Heap: 160248 bytes
Used Heap: 164568 bytes
0
Total Heap: 324804 bytes
Free Heap: 159976 bytes
Used Heap: 164824 bytes
0
Total Heap: 324832 bytes
Free Heap: 163288 bytes
Used Heap: 161544 bytes
0
Total Heap: 324832 bytes
Free Heap: 163276 bytes
Used Heap: 161556 bytes
0
Total Heap: 324828 bytes
Free Heap: 163288 bytes
Used Heap: 161544 bytes
0
Total Heap: 324832 bytes
Free Heap: 163288 bytes
Used Heap: 161576 bytes
0
Total Heap: 324832 bytes
Free Heap: 163288 bytes
Used Heap: 163292 bytes
0
Total Heap: 324832 bytes
Free Heap: 163392 bytes
Used Heap: 161444 bytes
0
Total Heap: 324832 bytes
Free Heap: 163288 bytes
Used Heap: 161544 bytes
0
Total Heap: 324832 bytes
Free Heap: 163288 bytes
Used Heap: 161544 bytes
Keep Alive Check
0
Total Heap: 324832 bytes
Free Heap: 163404 bytes
Used Heap: 161432 bytes
0
Total Heap: 324832 bytes
Free Heap: 163292 bytes
Used Heap: 161584 bytes
0
Total Heap: 324836 bytes
Free Heap: 161596 bytes
Used Heap: 161600 bytes
0
Total Heap: 324832 bytes
Free Heap: 163296 bytes
Used Heap: 161568 bytes
0
Total Heap: 324832 bytes
Free Heap: 163296 bytes
Used Heap: 161568 bytes
0
Total Heap: 324832 bytes
Free Heap: 163304 bytes
Used Heap: 161528 bytes
0
Total Heap: 324832 bytes
Free Heap: 163296 bytes
Used Heap: 163284 bytes
0
Total Heap: 324832 bytes
Free Heap: 163296 bytes
Used Heap: 161568 bytes
0
Total Heap: 324832 bytes
Free Heap: 163296 bytes
Used Heap: 161536 bytes
0
Total Heap: 324836 bytes
Free Heap: 163528 bytes
Used Heap: 161316 bytes
Keep Alive Check
0
Total Heap: 324828 bytes
Free Heap: 163412 bytes
Used Heap: 161424 bytes
0
Total Heap: 324832 bytes
Free Heap: 163296 bytes
Used Heap: 161536 bytes
0
Total Heap: 324832 bytes
Free Heap: 163296 bytes
Used Heap: 161568 bytes
0
Total Heap: 324832 bytes
Free Heap: 163296 bytes
Used Heap: 161568 bytes
0
Total Heap: 324832 bytes
Free Heap: 163296 bytes
Used Heap: 161536 bytes
0
Total Heap: 324832 bytes
Free Heap: 163296 bytes
Used Heap: 161568 bytes
0
Total Heap: 324832 bytes
Free Heap: 163296 bytes
Used Heap: 161568 bytes
0
Total Heap: 324828 bytes
Free Heap: 163264 bytes
Used Heap: 161424 bytes
0
Total Heap: 324824 bytes
Free Heap: 163292 bytes
Used Heap: 161540 bytes
[0;32mI (668931) HTTPS_SERVER: Fin: 1, OpCode: 1 (TEXT), Mask: 1, Len: 1[0m
[HTTPS:I] WS payload: length=1
f
ssh cmd received:
f
ssh command processing finished
[0;32mI (668952) HTTPS_SERVER: Fin: 1, OpCode: 1 (TEXT), Mask: 1, Len: 1[0m
[HTTPS:I] WS payload: length=1
a
ssh cmd received:
a
ssh command processing finished
[0;32mI (669170) HTTPS_SERVER: Fin: 1, OpCode: 1 (TEXT), Mask: 1, Len: 1[0m
[HTTPS:I] WS payload: length=1
s
ssh cmd received:
s
ssh command processing finished
[0;32mI (669209) HTTPS_SERVER: Fin: 1, OpCode: 1 (TEXT), Mask: 1, Len: 1[0m
[HTTPS:I] WS payload: length=1
t
ssh cmd received:
t
ssh command processing finished
0
Total Heap: 324816 bytes
Free Heap: 160264 bytes
Used Heap: 164572 bytes
[0;32mI (669452) HTTPS_SERVER: Fin: 1, OpCode: 1 (TEXT), Mask: 1, Len: 1[0m
[HTTPS:I] WS payload: length=1
f
ssh cmd received:
f
ssh command processing finished
[0;32mI (669573) HTTPS_SERVER: Fin: 1, OpCode: 1 (TEXT), Mask: 1, Len: 1[0m
[HTTPS:I] WS payload: length=1
e
ssh cmd received:
e
ssh command processing finished
[0;32mI (669671) HTTPS_SERVER: Fin: 1, OpCode: 1 (TEXT), Mask: 1, Len: 1[0m
[HTTPS:I] WS payload: length=1
t
ssh cmd received:
t
ssh command processing finished
Keep Alive Check
[0;32mI (669865) HTTPS_SERVER: Fin: 1, OpCode: 1 (TEXT), Mask: 1, Len: 1[0m
[HTTPS:I] WS payload: length=1
c
ssh cmd received:
c
ssh command processing finished
[0;32mI (669897) HTTPS_SERVER: Fin: 1, OpCode: 1 (TEXT), Mask: 1, Len: 1[0m
[HTTPS:I] WS payload: length=1
h
ssh cmd received:
h
ssh command processing finished
[0;32mI (670189) HTTPS_SERVER: Fin: 1, OpCode: 1 (TEXT), Mask: 1, Len: 1[0m
[HTTPS:I] WS payload: length=1

ssh cmd received:

ssh command processing finished
0
Total Heap: 324812 bytes
Free Heap: 160156 bytes
Used Heap: 164656 bytes
0
Total Heap: 324812 bytes
Free Heap: 160272 bytes
Used Heap: 164544 bytes
0
Total Heap: 324808 bytes
Free Heap: 160244 bytes
Used Heap: 164568 bytes
[0;32mI (673082) HTTPS_SERVER: Fin: 1, OpCode: 1 (TEXT), Mask: 1, Len: 1[0m
[HTTPS:I] WS payload: length=1
f
ssh cmd received:
f
ssh command processing finished
0
Total Heap: 324800 bytes
Free Heap: 160036 bytes
Used Heap: 164648 bytes
[0;32mI (674054) HTTPS_SERVER: Fin: 1, OpCode: 1 (TEXT), Mask: 1, Len: 1[0m
[HTTPS:I] WS payload: length=1

ssh cmd received:

ssh command processing finished
[0;32mI (674271) HTTPS_SERVER: Fin: 1, OpCode: 1 (TEXT), Mask: 1, Len: 1[0m
[HTTPS:I] WS payload: length=1

ssh cmd received:

ssh command processing finished
0
Total Heap: 324812 bytes
Free Heap: 160128 bytes
Used Heap: 164652 bytes
[0;32mI (674477) HTTPS_SERVER: Fin: 1, OpCode: 1 (TEXT), Mask: 1, Len: 1[0m
[HTTPS:I] WS payload: length=1
f
ssh cmd received:
f
ssh command processing finished
[0;32mI (674579) HTTPS_SERVER: Fin: 1, OpCode: 1 (TEXT), Mask: 1, Len: 1[0m
[HTTPS:I] WS payload: length=1
a
ssh cmd received:
a
ssh command processing finished
[0;32mI (674727) HTTPS_SERVER: Fin: 1, OpCode: 1 (TEXT), Mask: 1, Len: 1[0m
[HTTPS:I] WS payload: length=1
s
ssh cmd received:
s
ssh command processing finished
[0;32mI (674796) HTTPS_SERVER: Fin: 1, OpCode: 1 (TEXT), Mask: 1, Len: 1[0m
[HTTPS:I] WS payload: length=1
t
ssh cmd received:
t
ssh command processing finished
[0;32mI (675048) HTTPS_SERVER: Fin: 1, OpCode: 1 (TEXT), Mask: 1, Len: 1[0m
[HTTPS:I] WS payload: length=1

ssh cmd received:

ssh command processing finished
[0;32mI (675198) HTTPS_SERVER: Fin: 1, OpCode: 1 (TEXT), Mask: 1, Len: 1[0m
[HTTPS:I] WS payload: length=1

ssh cmd received:

ssh command processing finished
[0;32mI (675328) HTTPS_SERVER: Fin: 1, OpCode: 1 (TEXT), Mask: 1, Len: 1[0m
0
Total Heap: 324812 bytes
Free Heap: 160276 bytes
Used Heap: 164656 bytes
[HTTPS:I] WS payload: length=1

ssh cmd received:

ssh command processing finished
[0;32mI (675464) HTTPS_SERVER: Fin: 1, OpCode: 1 (TEXT), Mask: 1, Len: 1[0m
[HTTPS:I] WS payload: length=1

ssh cmd received:

ssh command processing finished
[0;32mI (675624) HTTPS_SERVER: Fin: 1, OpCode: 1 (TEXT), Mask: 1, Len: 1[0m
[HTTPS:I] WS payload: length=1

ssh cmd received:

ssh command processing finished
[0;32mI (675701) HTTPS_SERVER: Fin: 1, OpCode: 1 (TEXT), Mask: 1, Len: 1[0m
[HTTPS:I] WS payload: length=1

ssh cmd received:

ssh command processing finished
[0;32mI (675894) HTTPS_SERVER: Fin: 1, OpCode: 1 (TEXT), Mask: 1, Len: 1[0m
[HTTPS:I] WS payload: length=1

ssh cmd received:

ssh command processing finished
[0;32mI (676061) HTTPS_SERVER: Fin: 1, OpCode: 1 (TEXT), Mask: 1, Len: 1[0m
[HTTPS:I] WS payload: length=1

ssh cmd received:

ssh command processing finished
[0;32mI (676277) HTTPS_SERVER: Fin: 1, OpCode: 1 (TEXT), Mask: 1, Len: 1[0m
[HTTPS:I] WS payload: length=1
f
ssh cmd received:
f
ssh command processing finished
0
Total Heap: 324796 bytes
Free Heap: 159872 bytes
Used Heap: 164792 bytes
[0;32mI (676642) HTTPS_SERVER: Fin: 1, OpCode: 1 (TEXT), Mask: 1, Len: 1[0m
[HTTPS:I] WS payload: length=1

ssh cmd received:

ssh command processing finished
[0;32mI (676794) HTTPS_SERVER: Fin: 1, OpCode: 1 (TEXT), Mask: 1, Len: 1[0m
[HTTPS:I] WS payload: length=1

ssh cmd received:

ssh command processing finished
[0;32mI (676958) HTTPS_SERVER: Fin: 1, OpCode: 1 (TEXT), Mask: 1, Len: 1[0m
[HTTPS:I] WS payload: length=1

ssh cmd received:

ssh command processing finished
[0;32mI (677126) HTTPS_SERVER: Fin: 1, OpCode: 1 (TEXT), Mask: 1, Len: 1[0m
[HTTPS:I] WS payload: length=1

ssh cmd received:

ssh command processing finished
[0;32mI (677256) HTTPS_SERVER: Fin: 1, OpCode: 1 (TEXT), Mask: 1, Len: 1[0m
[HTTPS:I] WS payload: length=1

ssh cmd received:

ssh command processing finished
0
Total Heap: 324800 bytes
Free Heap: 160008 bytes
Used Heap: 164792 bytes
[0;32mI (677447) HTTPS_SERVER: Fin: 1, OpCode: 1 (TEXT), Mask: 1, Len: 1[0m
[HTTPS:I] WS payload: length=1

ssh cmd received:

ssh command processing finished
[0;32mI (677685) HTTPS_SERVER: Fin: 1, OpCode: 1 (TEXT), Mask: 1, Len: 1[0m
[HTTPS:I] WS payload: length=1

ssh cmd received:

ssh command processing finished
[0;32mI (678290) HTTPS_SERVER: Fin: 1, OpCode: 1 (TEXT), Mask: 1, Len: 1[0m
[HTTPS:I] WS payload: length=1

ssh cmd received:

ssh command processing finished
[0;32mI (678325) HTTPS_SERVER: Fin: 1, OpCode: 1 (TEXT), Mask: 1, Len: 1[0m
[HTTPS:I] WS payload: length=1

ssh cmd received:

ssh command processing finished
0
Total Heap: 324796 bytes
Free Heap: 160008 bytes
Used Heap: 164792 bytes
[0;32mI (678366) HTTPS_SERVER: Fin: 1, OpCode: 1 (TEXT), Mask: 1, Len: 1[0m
[HTTPS:I] WS payload: length=1

ssh cmd received:

ssh command processing finished
[0;32mI (678401) HTTPS_SERVER: Fin: 1, OpCode: 1 (TEXT), Mask: 1, Len: 1[0m
[HTTPS:I] WS payload: length=1

ssh cmd received:

ssh command processing finished
[0;32mI (678454) HTTPS_SERVER: Fin: 1, OpCode: 1 (TEXT), Mask: 1, Len: 1[0m
[HTTPS:I] WS payload: length=1

ssh cmd received:

ssh command processing finished
[0;32mI (678489) HTTPS_SERVER: Fin: 1, OpCode: 1 (TEXT), Mask: 1, Len: 1[0m
[HTTPS:I] WS payload: length=1

ssh cmd received:

ssh command processing finished
[0;32mI (678525) HTTPS_SERVER: Fin: 1, OpCode: 1 (TEXT), Mask: 1, Len: 1[0m
[HTTPS:I] WS payload: length=1

ssh cmd received:

ssh command processing finished
[0;32mI (678566) HTTPS_SERVER: Fin: 1, OpCode: 1 (TEXT), Mask: 1, Len: 1[0m
[HTTPS:I] WS payload: length=1

ssh cmd received:

ssh command processing finished
[0;32mI (678655) HTTPS_SERVER: Fin: 1, OpCode: 1 (TEXT), Mask: 1, Len: 1[0m
[HTTPS:I] WS payload: length=1

ssh cmd received:

ssh command processing finished
[0;32mI (679085) HTTPS_SERVER: Fin: 1, OpCode: 1 (TEXT), Mask: 1, Len: 1[0m
[HTTPS:I] WS payload: length=1

ssh cmd received:

ssh command processing finished
0
Total Heap: 324820 bytes
Free Heap: 161696 bytes
Used Heap: 162980 bytes
Keep Alive Check
0
Total Heap: 324820 bytes
Free Heap: 161836 bytes
Used Heap: 162988 bytes
0
Total Heap: 324820 bytes
Free Heap: 161724 bytes
Used Heap: 163096 bytes
0
Total Heap: 324824 bytes
Free Heap: 161724 bytes
Used Heap: 163096 bytes
0
Total Heap: 324816 bytes
Free Heap: 158276 bytes
Used Heap: 163096 bytes
0
Total Heap: 324828 bytes
Free Heap: 158444 bytes
Used Heap: 163096 bytes
0
Total Heap: 324820 bytes
Free Heap: 160240 bytes
Used Heap: 163112 bytes
0
Total Heap: 324824 bytes
Free Heap: 161940 bytes
Used Heap: 163000 bytes
0
Total Heap: 324820 bytes
Free Heap: 161708 bytes
Used Heap: 163112 bytes
0
Total Heap: 324832 bytes
Free Heap: 163300 bytes
Used Heap: 161552 bytes
0
Total Heap: 324828 bytes
Free Heap: 159880 bytes
Used Heap: 161548 bytes
Keep Alive Check
0
Total Heap: 324836 bytes
Free Heap: 163420 bytes
Used Heap: 161436 bytes
0
Total Heap: 324832 bytes
Free Heap: 163420 bytes
Used Heap: 161416 bytes
0
Total Heap: 324832 bytes
Free Heap: 163292 bytes
Used Heap: 161560 bytes
0
Total Heap: 324832 bytes
Free Heap: 163292 bytes
Used Heap: 161560 bytes
0
Total Heap: 324832 bytes
Free Heap: 163420 bytes
Used Heap: 161416 bytes
0
Total Heap: 324832 bytes
Free Heap: 163304 bytes
Used Heap: 161408 bytes
0
Total Heap: 324832 bytes
Free Heap: 163292 bytes
Used Heap: 161560 bytes
0
Total Heap: 324836 bytes
Free Heap: 163536 bytes
Used Heap: 161416 bytes
0
Total Heap: 324832 bytes
Free Heap: 163292 bytes
Used Heap: 161560 bytes
0
Total Heap: 324832 bytes
Free Heap: 163292 bytes
Used Heap: 161560 bytes
Keep Alive Check
0
Total Heap: 324836 bytes
Free Heap: 163400 bytes
Used Heap: 163228 bytes
0
Total Heap: 324832 bytes
Free Heap: 163284 bytes
Used Heap: 161416 bytes
0
Total Heap: 324832 bytes
Free Heap: 163304 bytes
Used Heap: 161548 bytes
0
Total Heap: 324832 bytes
Free Heap: 163304 bytes
Used Heap: 161548 bytes
0
Total Heap: 324832 bytes
Free Heap: 163420 bytes
Used Heap: 161416 bytes
0
Total Heap: 324840 bytes
Free Heap: 163420 bytes
Used Heap: 161532 bytes
[0;32mI (706472) HTTPS_SERVER: Fin: 1, OpCode: 1 (TEXT), Mask: 1, Len: 1[0m
[HTTPS:I] WS payload: length=1
y
ssh cmd received:
y
ssh command processing finished0

Total Heap: 324832 bytes
Free Heap: 161844 bytes
Used Heap: 162984 bytes
0
Total Heap: 324828 bytes
Free Heap: 163416 bytes
Used Heap: 161420 bytes
0
Total Heap: 324832 bytes
Free Heap: 163416 bytes
Used Heap: 161420 bytes
0
Total Heap: 324832 bytes
Free Heap: 163292 bytes
Used Heap: 161564 bytes
Keep Alive Check
0
Total Heap: 324816 bytes
Free Heap: 161712 bytes
Used Heap: 164808 bytes
0
Total Heap: 324828 bytes
Free Heap: 161700 bytes
Used Heap: 163120 bytes
0
Total Heap: 324828 bytes
Free Heap: 161816 bytes
Used Heap: 163008 bytes
0
Total Heap: 324820 bytes
Free Heap: 161824 bytes
Used Heap: 163000 bytes
0
Total Heap: 324824 bytes
Free Heap: 161956 bytes
Used Heap: 162876 bytes
0
Total Heap: 324812 bytes
Free Heap: 161704 bytes
Used Heap: 163136 bytes
0
Total Heap: 324824 bytes
Free Heap: 161820 bytes
Used Heap: 163004 bytes
0
Total Heap: 324820 bytes
Free Heap: 161692 bytes
Used Heap: 163148 bytes
0
Total Heap: 324832 bytes
Free Heap: 163304 bytes
Used Heap: 161408 bytes
0
Total Heap: 324840 bytes
Free Heap: 163532 bytes
Used Heap: 161308 bytes
Keep Alive Check
0
Total Heap: 324824 bytes
Free Heap: 161828 bytes
Used Heap: 162996 bytes
0
Total Heap: 324816 bytes
Free Heap: 161828 bytes
Used Heap: 163112 bytes
0
Total Heap: 324820 bytes
Free Heap: 158308 bytes
Used Heap: 164812 bytes
0
Total Heap: 324832 bytes
Free Heap: 163280 bytes
Used Heap: 161552 bytes
0
Total Heap: 324832 bytes
Free Heap: 163292 bytes
Used Heap: 161564 bytes
0
Total Heap: 324832 bytes
Free Heap: 163304 bytes
Used Heap: 161528 bytes
0
Total Heap: 324828 bytes
Free Heap: 163416 bytes
Used Heap: 161536 bytes
0
Total Heap: 324824 bytes
Free Heap: 163272 bytes
Used Heap: 161580 bytes
0
Total Heap: 324828 bytes
Free Heap: 163300 bytes
Used Heap: 161532 bytes
0
Total Heap: 324836 bytes
Free Heap: 163404 bytes
Used Heap: 161312 bytes
Keep Alive Check
0
Total Heap: 324832 bytes
Free Heap: 163404 bytes
Used Heap: 161432 bytes
0
Total Heap: 324836 bytes
Free Heap: 163424 bytes
Used Heap: 161440 bytes
0
Total Heap: 324836 bytes
Free Heap: 163412 bytes
Used Heap: 161424 bytes
0
Total Heap: 324832 bytes
Free Heap: 163416 bytes
Used Heap: 161420 bytes
0
Total Heap: 324832 bytes
Free Heap: 163300 bytes
Used Heap: 161564 bytes
0
Total Heap: 324832 bytes
Free Heap: 163296 bytes
Used Heap: 161564 bytes
0
Total Heap: 324832 bytes
Free Heap: 163304 bytes
Used Heap: 161552 bytes
0
Total Heap: 324832 bytes
Free Heap: 163292 bytes
Used Heap: 161564 bytes
0
Total Heap: 324832 bytes
Free Heap: 163416 bytes
Used Heap: 161420 bytes
0
Total Heap: 324832 bytes
Free Heap: 163300 bytes
Used Heap: 161412 bytes
Keep Alive Check
0
Total Heap: 324828 bytes
Free Heap: 163268 bytes
Used Heap: 163312 bytes
0
Total Heap: 324832 bytes
Free Heap: 163416 bytes
Used Heap: 161420 bytes
0
Total Heap: 324832 bytes
Free Heap: 163300 bytes
Used Heap: 161412 bytes
0
Total Heap: 324832 bytes
Free Heap: 163416 bytes
Used Heap: 161420 bytes
0
Total Heap: 324832 bytes
Free Heap: 163420 bytes
Used Heap: 161416 bytes
0
Total Heap: 324828 bytes
Free Heap: 163416 bytes
Used Heap: 161420 bytes
0
Total Heap: 324832 bytes
Free Heap: 163416 bytes
Used Heap: 163120 bytes
0
Total Heap: 324832 bytes
Free Heap: 163300 bytes
Used Heap: 161564 bytes
0
Total Heap: 324836 bytes
Free Heap: 163416 bytes
Used Heap: 161420 bytes
0
Total Heap: 324832 bytes
Free Heap: 163416 bytes
Used Heap: 161420 bytes
Keep Alive Check
0
Total Heap: 324836 bytes
Free Heap: 163300 bytes
Used Heap: 161532 bytes
0
Total Heap: 324832 bytes
Free Heap: 163268 bytes
Used Heap: 163312 bytes
0
Total Heap: 324828 bytes
Free Heap: 163268 bytes
Used Heap: 163256 bytes
0
Total Heap: 324832 bytes
Free Heap: 163300 bytes
Used Heap: 161412 bytes
0
Total Heap: 324832 bytes
Free Heap: 163416 bytes
Used Heap: 161420 bytes
0
Total Heap: 324832 bytes
Free Heap: 163300 bytes
Used Heap: 161412 bytes
0
Total Heap: 324840 bytes
Free Heap: 163416 bytes
Used Heap: 161420 bytes
0
Total Heap: 324828 bytes
Free Heap: 163272 bytes
Used Heap: 161424 bytes
0
Total Heap: 324840 bytes
Free Heap: 163412 bytes
Used Heap: 161424 bytes
0
Total Heap: 324828 bytes
Free Heap: 163268 bytes
Used Heap: 161580 bytes
Keep Alive Check
0
Total Heap: 324836 bytes
Free Heap: 163520 bytes
Used Heap: 161320 bytes
0
Total Heap: 324840 bytes
Free Heap: 163532 bytes
Used Heap: 161540 bytes
0
Total Heap: 324832 bytes
Free Heap: 163300 bytes
Used Heap: 161564 bytes
0
Total Heap: 324832 bytes
Free Heap: 163268 bytes
Used Heap: 161412 bytes
0
Total Heap: 324828 bytes
Free Heap: 163408 bytes
Used Heap: 161428 bytes
0
Total Heap: 324832 bytes
Free Heap: 163312 bytes
Used Heap: 161544 bytes
0
Total Heap: 324832 bytes
Free Heap: 163416 bytes
Used Heap: 161420 bytes
0
Total Heap: 324832 bytes
Free Heap: 163416 bytes
Used Heap: 161420 bytes
0
Total Heap: 324836 bytes
Free Heap: 163412 bytes
Used Heap: 163148 bytes
0
Total Heap: 324836 bytes
Free Heap: 163416 bytes
Used Heap: 161420 bytes
Keep Alive Check
0
Total Heap: 324828 bytes
Free Heap: 163408 bytes
Used Heap: 161428 bytes
0
Total Heap: 324832 bytes
Free Heap: 163416 bytes
Used Heap: 161420 bytes
0
Total Heap: 324832 bytes
Free Heap: 163416 bytes
Used Heap: 161420 bytes
0
Total Heap: 324836 bytes
Free Heap: 163416 bytes
Used Heap: 161300 bytes
0
Total Heap: 324820 bytes
Free Heap: 161568 bytes
Used Heap: 161560 bytes
0
Total Heap: 324836 bytes
Free Heap: 163412 bytes
Used Heap: 161424 bytes
0
Total Heap: 324832 bytes
Free Heap: 163300 bytes
Used Heap: 161564 bytes
0
Total Heap: 324828 bytes
Free Heap: 163412 bytes
Used Heap: 161424 bytes
0
Total Heap: 324836 bytes
Free Heap: 163412 bytes
Used Heap: 161304 bytes
0
Total Heap: 324828 bytes
Free Heap: 163388 bytes
Used Heap: 161528 bytes
Keep Alive Check
0
Total Heap: 324832 bytes
Free Heap: 163404 bytes
Used Heap: 161432 bytes
0
Total Heap: 324832 bytes
Free Heap: 163416 bytes
Used Heap: 161420 bytes
0
Total Heap: 324832 bytes
Free Heap: 163404 bytes
Used Heap: 161432 bytes
0
Total Heap: 324828 bytes
Free Heap: 163268 bytes
Used Heap: 161580 bytes
0
Total Heap: 324832 bytes
Free Heap: 163288 bytes
Used Heap: 161564 bytes
0
Total Heap: 324828 bytes
Free Heap: 163272 bytes
Used Heap: 163116 bytes
0
Total Heap: 324832 bytes
Free Heap: 163304 bytes
Used Heap: 161548 bytes
0
Total Heap: 324836 bytes
Free Heap: 163520 bytes
Used Heap: 161320 bytes
0
Total Heap: 324828 bytes
Free Heap: 163268 bytes
Used Heap: 161580 bytes
Keep Alive Check
0
Total Heap: 324824 bytes
Free Heap: 161844 bytes
Used Heap: 162984 bytes
0
Total Heap: 324832 bytes
Free Heap: 163300 bytes
Used Heap: 161548 bytes
0
Total Heap: 324832 bytes
Free Heap: 163288 bytes
Used Heap: 161564 bytes
0
Total Heap: 324828 bytes
Free Heap: 163268 bytes
Used Heap: 161580 bytes
0
Total Heap: 324832 bytes
Free Heap: 163288 bytes
Used Heap: 161564 bytes
0
Total Heap: 324832 bytes
Free Heap: 163404 bytes
Used Heap: 161548 bytes
0
Total Heap: 324828 bytes
Free Heap: 161540 bytes
Used Heap: 163288 bytes
0
Total Heap: 324832 bytes
Free Heap: 163300 bytes
Used Heap: 161564 bytes
0
Total Heap: 324840 bytes
Free Heap: 163416 bytes
Used Heap: 161420 bytes
0
Total Heap: 324832 bytes
Free Heap: 163292 bytes
Used Heap: 161564 bytes
Keep Alive Check
0
Total Heap: 324828 bytes
Free Heap: 163248 bytes
Used Heap: 161448 bytes
0
Total Heap: 324824 bytes
Free Heap: 163248 bytes
Used Heap: 161408 bytes
0
Total Heap: 324828 bytes
Free Heap: 163404 bytes
Used Heap: 161432 bytes
0
Total Heap: 324832 bytes
Free Heap: 163288 bytes
Used Heap: 161564 bytes
0
Total Heap: 324832 bytes
Free Heap: 163404 bytes
Used Heap: 161432 bytes
0
Total Heap: 324832 bytes
Free Heap: 163416 bytes
Used Heap: 161420 bytes
0
Total Heap: 324828 bytes
Free Heap: 163268 bytes
Used Heap: 161580 bytes
0
Total Heap: 324824 bytes
Free Heap: 163408 bytes
Used Heap: 161568 bytes
0
Total Heap: 324828 bytes
Free Heap: 163268 bytes
Used Heap: 161580 bytes
0
Total Heap: 324832 bytes
Free Heap: 163288 bytes
Used Heap: 161564 bytes
Keep Alive Check
0
Total Heap: 324824 bytes
Free Heap: 161728 bytes
Used Heap: 163116 bytes
0
Total Heap: 324836 bytes
Free Heap: 163404 bytes
Used Heap: 161452 bytes
0
Total Heap: 324840 bytes
Free Heap: 163404 bytes
Used Heap: 161432 bytes
0
Total Heap: 324832 bytes
Free Heap: 163304 bytes
Used Heap: 161560 bytes
0
Total Heap: 324832 bytes
Free Heap: 163396 bytes
Used Heap: 161440 bytes
0
Total Heap: 324832 bytes
Free Heap: 163404 bytes
Used Heap: 161432 bytes
0
Total Heap: 324840 bytes
Free Heap: 163520 bytes
Used Heap: 161552 bytes
0
Total Heap: 324828 bytes
Free Heap: 163272 bytes
Used Heap: 161436 bytes
0
Total Heap: 324824 bytes
Free Heap: 163400 bytes
Used Heap: 161432 bytes
0
Total Heap: 324832 bytes
Free Heap: 163304 bytes
Used Heap: 161552 bytes
Keep Alive Check
0
Total Heap: 324836 bytes
Free Heap: 163420 bytes
Used Heap: 161448 bytes
0
Total Heap: 324832 bytes
Free Heap: 163292 bytes
Used Heap: 161560 bytes
0
Total Heap: 324828 bytes
Free Heap: 163416 bytes
Used Heap: 161420 bytes
0
Total Heap: 324836 bytes
Free Heap: 163420 bytes
Used Heap: 161416 bytes
0
Total Heap: 324832 bytes
Free Heap: 163292 bytes
Used Heap: 161560 bytes
0
Total Heap: 324832 bytes
Free Heap: 163408 bytes
Used Heap: 161428 bytes
0
Total Heap: 324828 bytes
Free Heap: 163404 bytes
Used Heap: 161432 bytes
0
Total Heap: 324832 bytes
Free Heap: 163288 bytes
Used Heap: 161420 bytes
0
Total Heap: 324832 bytes
Free Heap: 163288 bytes
Used Heap: 161544 bytes
0
Total Heap: 324828 bytes
Free Heap: 163304 bytes
Used Heap: 161552 bytes
Keep Alive Check
0
Total Heap: 324828 bytes
Free Heap: 163280 bytes
Used Heap: 161548 bytes
0
Total Heap: 324832 bytes
Free Heap: 163300 bytes
Used Heap: 161552 bytes
0
Total Heap: 324832 bytes
Free Heap: 163304 bytes
Used Heap: 161552 bytes
0
Total Heap: 324836 bytes
Free Heap: 163420 bytes
Used Heap: 161416 bytes
0
Total Heap: 324832 bytes
Free Heap: 163300 bytes
Used Heap: 161552 bytes
0
Total Heap: 324832 bytes
Free Heap: 163268 bytes
Used Heap: 161424 bytes
0
Total Heap: 324832 bytes
Free Heap: 161536 bytes
Used Heap: 161544 bytes
0
Total Heap: 324832 bytes
Free Heap: 163288 bytes
Used Heap: 161576 bytes
0
Total Heap: 324832 bytes
Free Heap: 163416 bytes
Used Heap: 161420 bytes
0
Total Heap: 324832 bytes
Free Heap: 163404 bytes
Used Heap: 161432 bytes
Keep Alive Check
0
Total Heap: 324832 bytes
Free Heap: 163404 bytes
Used Heap: 161544 bytes
0
Total Heap: 324820 bytes
Free Heap: 163292 bytes
Used Heap: 161540 bytes
0
Total Heap: 324832 bytes
Free Heap: 163268 bytes
Used Heap: 161580 bytes
0
Total Heap: 324832 bytes
Free Heap: 163404 bytes
Used Heap: 161432 bytes
0
Total Heap: 324840 bytes
Free Heap: 163404 bytes
Used Heap: 161432 bytes
0
Total Heap: 324840 bytes
Free Heap: 163404 bytes
Used Heap: 161432 bytes
0
Total Heap: 324832 bytes
Free Heap: 163288 bytes
Used Heap: 161424 bytes
0
Total Heap: 324832 bytes
Free Heap: 163284 bytes
Used Heap: 164988 bytes
0
Total Heap: 324832 bytes
Free Heap: 163256 bytes
Used Heap: 161576 bytes
0
Total Heap: 324832 bytes
Free Heap: 163520 bytes
Used Heap: 161320 bytes
Keep Alive Check
0
Total Heap: 324820 bytes
Free Heap: 161840 bytes
Used Heap: 162988 bytes
0
Total Heap: 324828 bytes
Free Heap: 161844 bytes
Used Heap: 162984 bytes
0
Total Heap: 324824 bytes
Free Heap: 161724 bytes
Used Heap: 163120 bytes
0
Total Heap: 324824 bytes
Free Heap: 161724 bytes
Used Heap: 163120 bytes
0
Total Heap: 324820 bytes
Free Heap: 161704 bytes
Used Heap: 163136 bytes
0
Total Heap: 324820 bytes
Free Heap: 161704 bytes
Used Heap: 162996 bytes
0
Total Heap: 324824 bytes
Free Heap: 161724 bytes
Used Heap: 163120 bytes
0
Total Heap: 324824 bytes
Free Heap: 161736 bytes
Used Heap: 163108 bytes
0
Total Heap: 324824 bytes
Free Heap: 161840 bytes
Used Heap: 162988 bytes
[HTTPS:I] New connection. Socket FID=57
0
Total Heap: 324624 bytes
Free Heap: 149904 bytes
Used Heap: 174524 bytes
Keep Alive Check
0
Total Heap: 324540 bytes
Free Heap: 150880 bytes
Used Heap: 173644 bytes
[HTTPS:I] Request: POST /toggle1 (FID=57)
/toggle1
session=password=Home1918
Home1918
1
0
Total Heap: 324548 bytes
Free Heap: 152832 bytes
Used Heap: 171604 bytes
0
Total Heap: 324688 bytes
Free Heap: 155856 bytes
Used Heap: 168956 bytes
0
Total Heap: 324688 bytes
Free Heap: 153976 bytes
Used Heap: 168968 bytes
0
Total Heap: 324688 bytes
Free Heap: 155848 bytes
Used Heap: 168844 bytes
0
Total Heap: 324696 bytes
Free Heap: 155964 bytes
Used Heap: 168732 bytes
0
Total Heap: 324684 bytes
Free Heap: 155828 bytes
Used Heap: 168860 bytes
0
Total Heap: 324688 bytes
Free Heap: 155828 bytes
Used Heap: 168860 bytes
0
Total Heap: 324688 bytes
Free Heap: 155704 bytes
Used Heap: 168844 bytes
0
Total Heap: 324688 bytes
Free Heap: 155704 bytes
Used Heap: 168856 bytes
Keep Alive Check
0
Total Heap: 324684 bytes
Free Heap: 154148 bytes
Used Heap: 168836 bytes
0
Total Heap: 324680 bytes
Free Heap: 155808 bytes
Used Heap: 168876 bytes
0
Total Heap: 324684 bytes
Free Heap: 155828 bytes
Used Heap: 168860 bytes
0
Total Heap: 324680 bytes
Free Heap: 155808 bytes
Used Heap: 168876 bytes
0
Total Heap: 324684 bytes
Free Heap: 155828 bytes
Used Heap: 168860 bytes
0
Total Heap: 324688 bytes
Free Heap: 155724 bytes
Used Heap: 170664 bytes
0
Total Heap: 324688 bytes
Free Heap: 155704 bytes
Used Heap: 168844 bytes
[HTTPS:I] Request: POST /toggle1 (FID=57)
/toggle1
session=password=Home1918
Home1918
1
0
Total Heap: 324548 bytes
Free Heap: 152828 bytes
Used Heap: 171588 bytes
0
Total Heap: 324688 bytes
Free Heap: 155848 bytes
Used Heap: 168996 bytes
0
Total Heap: 324688 bytes
Free Heap: 155724 bytes
Used Heap: 168996 bytes
Keep Alive Check
0
Total Heap: 324688 bytes
Free Heap: 155844 bytes
Used Heap: 168848 bytes
0
Total Heap: 324688 bytes
Free Heap: 155732 bytes
Used Heap: 168984 bytes
0
Total Heap: 324688 bytes
Free Heap: 155692 bytes
Used Heap: 168848 bytes
0
Total Heap: 324688 bytes
Free Heap: 155720 bytes
Used Heap: 168996 bytes
0
Total Heap: 324688 bytes
Free Heap: 155704 bytes
Used Heap: 168836 bytes
0
Total Heap: 324688 bytes
Free Heap: 155848 bytes
Used Heap: 168844 bytes
0
Total Heap: 324688 bytes
Free Heap: 155816 bytes
Used Heap: 168992 bytes
0
Total Heap: 324688 bytes
Free Heap: 155720 bytes
Used Heap: 168996 bytes
0
Total Heap: 324688 bytes
Free Heap: 155724 bytes
Used Heap: 168996 bytes
0
Total Heap: 324688 bytes
Free Heap: 155692 bytes
Used Heap: 168844 bytes
Keep Alive Check
0
Total Heap: 324688 bytes
Free Heap: 155692 bytes
Used Heap: 168844 bytes
0
Total Heap: 324688 bytes
Free Heap: 155692 bytes
Used Heap: 168848 bytes
0
Total Heap: 324688 bytes
Free Heap: 155720 bytes
Used Heap: 168996 bytes
[HTTPS:I] Request: POST /SSH1Status (FID=57)
/SSH1Status
session=password=Home1918
Home1918
0
Total Heap: 324524 bytes
Free Heap: 152608 bytes
Used Heap: 171916 bytes
0
Total Heap: 324532 bytes
Free Heap: 152732 bytes
Used Heap: 171800 bytes
0
Total Heap: 324528 bytes
Free Heap: 152712 bytes
Used Heap: 171816 bytes
0
Total Heap: 324528 bytes
Free Heap: 152712 bytes
Used Heap: 171816 bytes
0
Total Heap: 324528 bytes
Free Heap: 152712 bytes
Used Heap: 171816 bytes
0
Total Heap: 324528 bytes
Free Heap: 152712 bytes
Used Heap: 171816 bytes
0
Total Heap: 324532 bytes
Free Heap: 152732 bytes
Used Heap: 171800 bytes
0
Total Heap: 324532 bytes
Free Heap: 152732 bytes
Used Heap: 171800 bytes
0
Total Heap: 324524 bytes
Free Heap: 152732 bytes
Used Heap: 173500 bytes
0
Total Heap: 324532 bytes
Free Heap: 152732 bytes
Used Heap: 171800 bytes
0
Total Heap: 324532 bytes
Free Heap: 152732 bytes
Used Heap: 171800 bytes
0
Total Heap: 324532 bytes
Free Heap: 152740 bytes
Used Heap: 171792 bytes
0
Total Heap: 324532 bytes
Free Heap: 152732 bytes
Used Heap: 171800 bytes
0
Total Heap: 324524 bytes
Free Heap: 149332 bytes
Used Heap: 171800 bytes
0
Total Heap: 324532 bytes
Free Heap: 152732 bytes
Used Heap: 171800 bytes
0
Total Heap: 324532 bytes
Free Heap: 152732 bytes
Used Heap: 171800 bytes
0
Total Heap: 324532 bytes
Free Heap: 152732 bytes
Used Heap: 171800 bytes
0
Total Heap: 324532 bytes
Free Heap: 152732 bytes
Used Heap: 171800 bytes
0
Total Heap: 324532 bytes
Free Heap: 152732 bytes
Used Heap: 171800 bytes
0
Total Heap: 324532 bytes
Free Heap: 152732 bytes
Used Heap: 171800 bytes
0
Total Heap: 324532 bytes
Free Heap: 152732 bytes
Used Heap: 171800 bytes
0
Total Heap: 324532 bytes
Free Heap: 152732 bytes
Used Heap: 171800 bytes
0
Total Heap: 324532 bytes
Free Heap: 152732 bytes
Used Heap: 171800 bytes
0
Total Heap: 324532 bytes
Free Heap: 152732 bytes
Used Heap: 171800 bytes
0
Total Heap: 324532 bytes
Free Heap: 152732 bytes
Used Heap: 171800 bytes
0
Total Heap: 324532 bytes
Free Heap: 152732 bytes
Used Heap: 171800 bytes
0
Total Heap: 324532 bytes
Free Heap: 152732 bytes
Used Heap: 173524 bytes
0
Total Heap: 324524 bytes
Free Heap: 151032 bytes
Used Heap: 178588 bytes
0
Total Heap: 324532 bytes
Free Heap: 152732 bytes
Used Heap: 171800 bytes
0
Total Heap: 324532 bytes
Free Heap: 152732 bytes
Used Heap: 171800 bytes
0
Total Heap: 324532 bytes
Free Heap: 152732 bytes
Used Heap: 171800 bytes
0
Total Heap: 324532 bytes
Free Heap: 152740 bytes
Used Heap: 171792 bytes
0
Total Heap: 324524 bytes
Free Heap: 150972 bytes
Used Heap: 173520 bytes
0
Total Heap: 324532 bytes
Free Heap: 152732 bytes
Used Heap: 171800 bytes
0
Total Heap: 324532 bytes
Free Heap: 152728 bytes
Used Heap: 171804 bytes
0
Total Heap: 324532 bytes
Free Heap: 152732 bytes
Used Heap: 171800 bytes
0
Total Heap: 324532 bytes
Free Heap: 152732 bytes
Used Heap: 171800 bytes
0
Total Heap: 324532 bytes
Free Heap: 152732 bytes
Used Heap: 171800 bytes
0
Total Heap: 324532 bytes
Free Heap: 152744 bytes
Used Heap: 171788 bytes
0
Total Heap: 324532 bytes
Free Heap: 152752 bytes
Used Heap: 171780 bytes
0
Total Heap: 324532 bytes
Free Heap: 151044 bytes
Used Heap: 171784 bytes
0
Total Heap: 324532 bytes
Free Heap: 152744 bytes
Used Heap: 171788 bytes
0
Total Heap: 324532 bytes
Free Heap: 152744 bytes
Used Heap: 171804 bytes
0
Total Heap: 324532 bytes
Free Heap: 152744 bytes
Used Heap: 171788 bytes
0
Total Heap: 324532 bytes
Free Heap: 152744 bytes
Used Heap: 171788 bytes
0
Total Heap: 324532 bytes
Free Heap: 152744 bytes
Used Heap: 171788 bytes
0
Total Heap: 324524 bytes
Free Heap: 151044 bytes
Used Heap: 175232 bytes
0
Total Heap: 324532 bytes
Free Heap: 152744 bytes
Used Heap: 171788 bytes
0
Total Heap: 324532 bytes
Free Heap: 152744 bytes
Used Heap: 171788 bytes
0
Total Heap: 324532 bytes
Free Heap: 152744 bytes
Used Heap: 171788 bytes
alive
Keep Alive Check
[HTTPS:I] Connection timeout. FID=56
[HTTPS:I] Connection closed. Socket FID=56
0
Total Heap: 324836 bytes
Free Heap: 163376 bytes
Used Heap: 161460 bytes
0
Total Heap: 324832 bytes
Free Heap: 163376 bytes
Used Heap: 161460 bytes
0
Total Heap: 324832 bytes
Free Heap: 163376 bytes
Used Heap: 161460 bytes
0
Total Heap: 324832 bytes
Free Heap: 163376 bytes
Used Heap: 161460 bytes
0
Total Heap: 324832 bytes
Free Heap: 163376 bytes
Used Heap: 161460 bytes
0
Total Heap: 324832 bytes
Free Heap: 163376 bytes
Used Heap: 161460 bytes
0
Total Heap: 324824 bytes
Free Heap: 161608 bytes
Used Heap: 163224 bytes
0
Total Heap: 324836 bytes
Free Heap: 163376 bytes
Used Heap: 161460 bytes
0
Total Heap: 324832 bytes
Free Heap: 163376 bytes
Used Heap: 161460 bytes
0
Total Heap: 324832 bytes
Free Heap: 163376 bytes
Used Heap: 161460 bytes
Keep Alive Check
0
Total Heap: 324836 bytes
Free Heap: 163376 bytes
Used Heap: 161460 bytes
0
Total Heap: 324832 bytes
Free Heap: 163376 bytes
Used Heap: 161460 bytes
0
Total Heap: 324832 bytes
Free Heap: 163376 bytes
Used Heap: 161460 bytes
0
Total Heap: 324832 bytes
Free Heap: 163376 bytes
Used Heap: 161460 bytes
0
Total Heap: 324832 bytes
Free Heap: 163376 bytes
Used Heap: 161460 bytes
0
Total Heap: 324832 bytes
Free Heap: 163376 bytes
Used Heap: 161460 bytes
0
Total Heap: 324832 bytes
Free Heap: 159808 bytes
Used Heap: 161572 bytes
0
Total Heap: 324832 bytes
Free Heap: 163376 bytes
Used Heap: 161460 bytes
0
Total Heap: 324832 bytes
Free Heap: 163376 bytes
Used Heap: 161460 bytes
0
Total Heap: 324832 bytes
Free Heap: 163260 bytes
Used Heap: 161592 bytes
Keep Alive Check
[HTTPS:I] Connection timeout. FID=57
[HTTPS:I] Connection closed. Socket FID=57
0
Total Heap: 324944 bytes
Free Heap: 166136 bytes
Used Heap: 158928 bytes
0
Total Heap: 324956 bytes
Free Heap: 167604 bytes
Used Heap: 157232 bytes
0
Total Heap: 324956 bytes
Free Heap: 167604 bytes
Used Heap: 157372 bytes
0
Total Heap: 324956 bytes
Free Heap: 167604 bytes
Used Heap: 157352 bytes
0
Total Heap: 324952 bytes
Free Heap: 167584 bytes
Used Heap: 157400 bytes
0
Total Heap: 324956 bytes
Free Heap: 167604 bytes
Used Heap: 157372 bytes
0
Total Heap: 324956 bytes
Free Heap: 167720 bytes
Used Heap: 157240 bytes
0
Total Heap: 324952 bytes
Free Heap: 167584 bytes
Used Heap: 157400 bytes
0
Total Heap: 324956 bytes
Free Heap: 167592 bytes
Used Heap: 157384 bytes
0
Total Heap: 324956 bytes
Free Heap: 167592 bytes
Used Heap: 157384 bytes
Keep Alive Check
0
Total Heap: 324956 bytes
Free Heap: 167592 bytes
Used Heap: 157244 bytes
0
Total Heap: 324956 bytes
Free Heap: 167708 bytes
Used Heap: 157252 bytes
0
Total Heap: 324956 bytes
Free Heap: 167708 bytes
Used Heap: 157252 bytes
0
Total Heap: 324948 bytes
Free Heap: 165844 bytes
Used Heap: 157364 bytes
0
Total Heap: 324952 bytes
Free Heap: 167572 bytes
Used Heap: 157400 bytes
0
Total Heap: 324956 bytes
Free Heap: 167592 bytes
Used Heap: 157384 bytes
0
Total Heap: 324956 bytes
Free Heap: 167592 bytes
Used Heap: 157384 bytes
0
Total Heap: 324956 bytes
Free Heap: 167592 bytes
Used Heap: 157384 bytes
0
Total Heap: 324952 bytes
Free Heap: 167572 bytes
Used Heap: 157260 bytes
0
Total Heap: 324956 bytes
Free Heap: 165844 bytes
Used Heap: 159052 bytes
Keep Alive Check
0
Total Heap: 324956 bytes
Free Heap: 167592 bytes
Used Heap: 157244 bytes
0
Total Heap: 324952 bytes
Free Heap: 167572 bytes
Used Heap: 157400 bytes
0
Total Heap: 324952 bytes
Free Heap: 167572 bytes
Used Heap: 157400 bytes
0
Total Heap: 324956 bytes
Free Heap: 167592 bytes
Used Heap: 157384 bytes
0
Total Heap: 324964 bytes
Free Heap: 167708 bytes
Used Heap: 157252 bytes
0
Total Heap: 324956 bytes
Free Heap: 167592 bytes
Used Heap: 157384 bytes
0
Total Heap: 324952 bytes
Free Heap: 167572 bytes
Used Heap: 157400 bytes
0
Total Heap: 324956 bytes
Free Heap: 167708 bytes
Used Heap: 157252 bytes
0
Total Heap: 324960 bytes
Free Heap: 167824 bytes
Used Heap: 157256 bytes
0
Total Heap: 324964 bytes
Free Heap: 167708 bytes
Used Heap: 157252 bytes
Keep Alive Check
0
Total Heap: 324952 bytes
Free Heap: 167552 bytes
Used Heap: 157268 bytes
0
Total Heap: 324956 bytes
Free Heap: 167592 bytes
Used Heap: 157384 bytes
0
Total Heap: 324956 bytes
Free Heap: 167592 bytes
Used Heap: 157384 bytes
0
Total Heap: 324960 bytes
Free Heap: 165892 bytes
Used Heap: 157352 bytes
0
Total Heap: 324956 bytes
Free Heap: 167592 bytes
Used Heap: 157384 bytes
0
Total Heap: 324956 bytes
Free Heap: 167592 bytes
Used Heap: 157384 bytes
0
Total Heap: 324952 bytes
Free Heap: 167572 bytes
Used Heap: 157260 bytes
0
Total Heap: 324952 bytes
Free Heap: 167572 bytes
Used Heap: 157400 bytes
0
Total Heap: 324952 bytes
Free Heap: 167572 bytes
Used Heap: 157400 bytes
Keep Alive Check
0
Total Heap: 324956 bytes
Free Heap: 166144 bytes
Used Heap: 158808 bytes
0
Total Heap: 324956 bytes
Free Heap: 167592 bytes
Used Heap: 157244 bytes
0
Total Heap: 324956 bytes
Free Heap: 167584 bytes
Used Heap: 157392 bytes
0
Total Heap: 324952 bytes
Free Heap: 167572 bytes
Used Heap: 157400 bytes
0
Total Heap: 324952 bytes
Free Heap: 167572 bytes
Used Heap: 157260 bytes
0
Total Heap: 324956 bytes
Free Heap: 167708 bytes
Used Heap: 157252 bytes
0
Total Heap: 324956 bytes
Free Heap: 167592 bytes
Used Heap: 157384 bytes
0
Total Heap: 324952 bytes
Free Heap: 167572 bytes
Used Heap: 157260 bytes
0
Total Heap: 324956 bytes
Free Heap: 167700 bytes
Used Heap: 157256 bytes
0
Total Heap: 324956 bytes
Free Heap: 167604 bytes
Used Heap: 157372 bytes
Keep Alive Check
0
Total Heap: 324960 bytes
Free Heap: 167720 bytes
Used Heap: 157260 bytes
0
Total Heap: 324956 bytes
Free Heap: 167592 bytes
Used Heap: 157384 bytes
0
Total Heap: 324956 bytes
Free Heap: 167592 bytes
Used Heap: 157384 bytes
0
Total Heap: 324956 bytes
Free Heap: 167592 bytes
Used Heap: 157384 bytes
0
Total Heap: 324956 bytes
Free Heap: 167592 bytes
Used Heap: 157384 bytes
0
Total Heap: 324956 bytes
Free Heap: 167592 bytes
Used Heap: 157384 bytes
0
Total Heap: 324944 bytes
Free Heap: 167592 bytes
Used Heap: 159092 bytes
0
Total Heap: 324960 bytes
Free Heap: 165832 bytes
Used Heap: 159068 bytes
0
Total Heap: 324956 bytes
Free Heap: 167592 bytes
Used Heap: 157384 bytes
0
Total Heap: 324956 bytes
Free Heap: 167604 bytes
Used Heap: 157372 bytes
Keep Alive Check
0
Total Heap: 324956 bytes
Free Heap: 167592 bytes
Used Heap: 157244 bytes
0
Total Heap: 324956 bytes
Free Heap: 167716 bytes
Used Heap: 157244 bytes
0
Total Heap: 324964 bytes
Free Heap: 167824 bytes
Used Heap: 157140 bytes
0
Total Heap: 324956 bytes
Free Heap: 167592 bytes
Used Heap: 157384 bytes
0
Total Heap: 324956 bytes
Free Heap: 167592 bytes
Used Heap: 157384 bytes
0
Total Heap: 324956 bytes
Free Heap: 167592 bytes
Used Heap: 157384 bytes
0
Total Heap: 324956 bytes
Free Heap: 167592 bytes
Used Heap: 157384 bytes
0
Total Heap: 324964 bytes
Free Heap: 167824 bytes
Used Heap: 157140 bytes
0
Total Heap: 324948 bytes
Free Heap: 167708 bytes
Used Heap: 158984 bytes
0
Total Heap: 324956 bytes
Free Heap: 167592 bytes
Used Heap: 157384 bytes
Keep Alive Check
0
Total Heap: 324956 bytes
Free Heap: 167592 bytes
Used Heap: 157244 bytes
0
Total Heap: 324956 bytes
Free Heap: 167592 bytes
Used Heap: 157384 bytes
0
Total Heap: 324956 bytes
Free Heap: 167592 bytes
Used Heap: 157384 bytes
0
Total Heap: 324956 bytes
Free Heap: 167592 bytes
Used Heap: 157384 bytes
0
Total Heap: 324956 bytes
Free Heap: 167604 bytes
Used Heap: 157372 bytes
0
Total Heap: 324956 bytes
Free Heap: 167592 bytes
Used Heap: 157384 bytes
0
Total Heap: 324964 bytes
Free Heap: 167720 bytes
Used Heap: 157240 bytes
0
Total Heap: 324956 bytes
Free Heap: 167592 bytes
Used Heap: 157384 bytes
0
Total Heap: 324952 bytes
Free Heap: 164168 bytes
Used Heap: 162512 bytes
0
Total Heap: 324956 bytes
Free Heap: 167572 bytes
Used Heap: 159080 bytes
Keep Alive Check
0
Total Heap: 324956 bytes
Free Heap: 167592 bytes
Used Heap: 157244 bytes
0
Total Heap: 324956 bytes
Free Heap: 167592 bytes
Used Heap: 157384 bytes
0
Total Heap: 324952 bytes
Free Heap: 167572 bytes
Used Heap: 157400 bytes
0
Total Heap: 324956 bytes
Free Heap: 167592 bytes
Used Heap: 157384 bytes
0
Total Heap: 324956 bytes
Free Heap: 167592 bytes
Used Heap: 157384 bytes
0
Total Heap: 324956 bytes
Free Heap: 167592 bytes
Used Heap: 157384 bytes
0
Total Heap: 324956 bytes
Free Heap: 167592 bytes
Used Heap: 157384 bytes
0
Total Heap: 324956 bytes
Free Heap: 167592 bytes
Used Heap: 157384 bytes
0
Total Heap: 324952 bytes
Free Heap: 167572 bytes
Used Heap: 157260 bytes
0
Total Heap: 324956 bytes
Free Heap: 167572 bytes
Used Heap: 158940 bytes
Keep Alive Check
0
Total Heap: 324956 bytes
Free Heap: 167592 bytes
Used Heap: 157384 bytes
0
Total Heap: 324956 bytes
Free Heap: 167604 bytes
Used Heap: 157372 bytes
0
Total Heap: 324956 bytes
Free Heap: 167604 bytes
Used Heap: 157384 bytes
0
Total Heap: 324956 bytes
Free Heap: 167604 bytes
Used Heap: 157384 bytes
0
Total Heap: 324956 bytes
Free Heap: 167720 bytes
Used Heap: 157240 bytes
0
Total Heap: 324952 bytes
Free Heap: 167720 bytes
Used Heap: 157124 bytes
0
Total Heap: 324956 bytes
Free Heap: 167604 bytes
Used Heap: 157384 bytes
0
Total Heap: 324952 bytes
Free Heap: 167572 bytes
Used Heap: 157400 bytes
0
Total Heap: 324952 bytes
Free Heap: 167572 bytes
Used Heap: 157260 bytes
0
Total Heap: 324956 bytes
Free Heap: 167604 bytes
Used Heap: 157384 bytes
Keep Alive Check
0
Total Heap: 324952 bytes
Free Heap: 167680 bytes
Used Heap: 157256 bytes
0
Total Heap: 324956 bytes
Free Heap: 167604 bytes
Used Heap: 157384 bytes
0
Total Heap: 324956 bytes
Free Heap: 167604 bytes
Used Heap: 157384 bytes
0
Total Heap: 324952 bytes
Free Heap: 167572 bytes
Used Heap: 157260 bytes
0
Total Heap: 324956 bytes
Free Heap: 167604 bytes
Used Heap: 157384 bytes
0
Total Heap: 324952 bytes
Free Heap: 167572 bytes
Used Heap: 157400 bytes
0
Total Heap: 324952 bytes
Free Heap: 167836 bytes
Used Heap: 157240 bytes
0
Total Heap: 324952 bytes
Free Heap: 167604 bytes
Used Heap: 159052 bytes
0
Total Heap: 324956 bytes
Free Heap: 167588 bytes
Used Heap: 157352 bytes
0
Total Heap: 324956 bytes
Free Heap: 167604 bytes
Used Heap: 157384 bytes
Keep Alive Check
0
Total Heap: 324956 bytes
Free Heap: 167720 bytes
Used Heap: 157240 bytes
0
Total Heap: 324956 bytes
Free Heap: 167604 bytes
Used Heap: 157384 bytes
0
Total Heap: 324956 bytes
Free Heap: 167720 bytes
Used Heap: 157240 bytes
0
Total Heap: 324956 bytes
Free Heap: 167568 bytes
Used Heap: 157232 bytes
0
Total Heap: 324956 bytes
Free Heap: 167720 bytes
Used Heap: 157240 bytes
0
Total Heap: 324956 bytes
Free Heap: 167604 bytes
Used Heap: 157384 bytes
0
Total Heap: 324956 bytes
Free Heap: 167604 bytes
Used Heap: 157384 bytes
0
Total Heap: 324960 bytes
Free Heap: 167836 bytes
Used Heap: 157128 bytes
0
Total Heap: 324952 bytes
Free Heap: 167572 bytes
Used Heap: 157260 bytes
0
Total Heap: 324952 bytes
Free Heap: 167696 bytes
Used Heap: 158960 bytes
Keep Alive Check
0
Total Heap: 324952 bytes
Free Heap: 167688 bytes
Used Heap: 157268 bytes
0
Total Heap: 324956 bytes
Free Heap: 167604 bytes
Used Heap: 157384 bytes
0
Total Heap: 324956 bytes
Free Heap: 167604 bytes
Used Heap: 157384 bytes
0
Total Heap: 324956 bytes
Free Heap: 167604 bytes
Used Heap: 157352 bytes
0
Total Heap: 324948 bytes
Free Heap: 167716 bytes
Used Heap: 157244 bytes
0
Total Heap: 324956 bytes
Free Heap: 164204 bytes
Used Heap: 157340 bytes
0
Total Heap: 324952 bytes
Free Heap: 167552 bytes
Used Heap: 157260 bytes
0
Total Heap: 324956 bytes
Free Heap: 167604 bytes
Used Heap: 157384 bytes
0
Total Heap: 324952 bytes
Free Heap: 167572 bytes
Used Heap: 157260 bytes
0
Total Heap: 324956 bytes
Free Heap: 167592 bytes
Used Heap: 157384 bytes
Keep Alive Check
0
Total Heap: 324940 bytes
Free Heap: 162552 bytes
Used Heap: 160684 bytes
0
Total Heap: 324948 bytes
Free Heap: 166108 bytes
Used Heap: 158708 bytes
0
Total Heap: 324952 bytes
Free Heap: 167552 bytes
Used Heap: 157268 bytes
0
Total Heap: 324952 bytes
Free Heap: 167572 bytes
Used Heap: 157400 bytes
0
Total Heap: 324956 bytes
Free Heap: 167592 bytes
Used Heap: 157384 bytes
0
Total Heap: 324956 bytes
Free Heap: 165980 bytes
Used Heap: 158952 bytes
0
Total Heap: 324956 bytes
Free Heap: 167592 bytes
Used Heap: 157384 bytes
0
Total Heap: 324956 bytes
Free Heap: 167592 bytes
Used Heap: 157384 bytes
0
Total Heap: 324952 bytes
Free Heap: 167572 bytes
Used Heap: 157400 bytes
0
Total Heap: 324956 bytes
Free Heap: 167592 bytes
Used Heap: 157384 bytes
Keep Alive Check
0
Total Heap: 324956 bytes
Free Heap: 167572 bytes
Used Heap: 157252 bytes
0
Total Heap: 324956 bytes
Free Heap: 167592 bytes
Used Heap: 157384 bytes
0
Total Heap: 324964 bytes
Free Heap: 164308 bytes
Used Heap: 157240 bytes
0
Total Heap: 324952 bytes
Free Heap: 167572 bytes
Used Heap: 157400 bytes
0
Total Heap: 324956 bytes
Free Heap: 167592 bytes
Used Heap: 157384 bytes
0
Total Heap: 324956 bytes
Free Heap: 167592 bytes
Used Heap: 157384 bytes
0
Total Heap: 324956 bytes
Free Heap: 167708 bytes
Used Heap: 157252 bytes
0
Total Heap: 324964 bytes
Free Heap: 167824 bytes
Used Heap: 157140 bytes
0
Total Heap: 324956 bytes
Free Heap: 167592 bytes
Used Heap: 157384 bytes
0
Total Heap: 324956 bytes
Free Heap: 167592 bytes
Used Heap: 157384 bytes
Keep Alive Check
0
Total Heap: 324956 bytes
Free Heap: 167592 bytes
Used Heap: 157244 bytes
0
Total Heap: 324956 bytes
Free Heap: 167592 bytes
Used Heap: 157384 bytes
0
Total Heap: 324956 bytes
Free Heap: 167584 bytes
Used Heap: 157400 bytes
0
Total Heap: 324960 bytes
Free Heap: 162492 bytes
Used Heap: 157364 bytes
0
Total Heap: 324952 bytes
Free Heap: 167708 bytes
Used Heap: 157252 bytes
0
Total Heap: 324952 bytes
Free Heap: 167552 bytes
Used Heap: 157260 bytes
0
Total Heap: 324956 bytes
Free Heap: 167592 bytes
Used Heap: 157384 bytes
0
Total Heap: 324956 bytes
Free Heap: 167592 bytes
Used Heap: 157384 bytes
0
Total Heap: 324952 bytes
Free Heap: 167572 bytes
Used Heap: 157260 bytes
0
Total Heap: 324948 bytes
Free Heap: 167592 bytes
Used Heap: 157364 bytes
Keep Alive Check
0
Total Heap: 324952 bytes
Free Heap: 167552 bytes
Used Heap: 157268 bytes
0
Total Heap: 324956 bytes
Free Heap: 167592 bytes
Used Heap: 157384 bytes
0
Total Heap: 324952 bytes
Free Heap: 167572 bytes
Used Heap: 157400 bytes
0
Total Heap: 324956 bytes
Free Heap: 167708 bytes
Used Heap: 158952 bytes
0
Total Heap: 324964 bytes
Free Heap: 167708 bytes
Used Heap: 157252 bytes
0
Total Heap: 324952 bytes
Free Heap: 167556 bytes
Used Heap: 157276 bytes
0
Total Heap: 324956 bytes
Free Heap: 167592 bytes
Used Heap: 157384 bytes
0
Total Heap: 324956 bytes
Free Heap: 167592 bytes
Used Heap: 159080 bytes
0
Total Heap: 324960 bytes
Free Heap: 164308 bytes
Used Heap: 159108 bytes
0
Total Heap: 324956 bytes
Free Heap: 167592 bytes
Used Heap: 157384 bytes
Keep Alive Check
0
Total Heap: 324952 bytes
Free Heap: 167668 bytes
Used Heap: 157268 bytes
0
Total Heap: 324956 bytes
Free Heap: 167592 bytes
Used Heap: 157384 bytes
0
Total Heap: 324956 bytes
Free Heap: 167592 bytes
Used Heap: 157384 bytes
0
Total Heap: 324956 bytes
Free Heap: 167572 bytes
Used Heap: 157252 bytes
0
Total Heap: 324960 bytes
Free Heap: 167592 bytes
Used Heap: 159108 bytes
0
Total Heap: 324956 bytes
Free Heap: 167592 bytes
Used Heap: 157384 bytes
0
Total Heap: 324956 bytes
Free Heap: 167592 bytes
Used Heap: 157384 bytes
0
Total Heap: 324952 bytes
Free Heap: 167572 bytes
Used Heap: 157260 bytes
0
Total Heap: 324956 bytes
Free Heap: 167592 bytes
Used Heap: 157244 bytes
0
Total Heap: 324956 bytes
Free Heap: 167592 bytes
Used Heap: 157384 bytes
Keep Alive Check
0
Total Heap: 324960 bytes
Free Heap: 165852 bytes
Used Heap: 157364 bytes
0
Total Heap: 324956 bytes
Free Heap: 167592 bytes
Used Heap: 157384 bytes
0
Total Heap: 324956 bytes
Free Heap: 167592 bytes
Used Heap: 157384 bytes
0
Total Heap: 324956 bytes
Free Heap: 167592 bytes
Used Heap: 157384 bytes
0
Total Heap: 324964 bytes
Free Heap: 166084 bytes
Used Heap: 157356 bytes
0
Total Heap: 324956 bytes
Free Heap: 167592 bytes
Used Heap: 157364 bytes
0
Total Heap: 324956 bytes
Free Heap: 167592 bytes
Used Heap: 157384 bytes
0
Total Heap: 324952 bytes
Free Heap: 167572 bytes
Used Heap: 157260 bytes
0
Total Heap: 324956 bytes
Free Heap: 167592 bytes
Used Heap: 157384 bytes
0
Total Heap: 324956 bytes
Free Heap: 167592 bytes
Used Heap: 157384 bytes
Keep Alive Check
0
Total Heap: 324940 bytes
Free Heap: 167712 bytes
Used Heap: 157248 bytes
0
Total Heap: 324952 bytes
Free Heap: 167572 bytes
Used Heap: 157260 bytes
0
Total Heap: 324956 bytes
Free Heap: 167592 bytes
Used Heap: 157384 bytes
0
Total Heap: 324956 bytes
Free Heap: 167592 bytes
Used Heap: 157384 bytes
0
Total Heap: 324956 bytes
Free Heap: 167592 bytes
Used Heap: 157384 bytes
0
Total Heap: 324964 bytes
Free Heap: 167832 bytes
Used Heap: 157248 bytes
0
Total Heap: 324956 bytes
Free Heap: 167592 bytes
Used Heap: 157384 bytes
0
Total Heap: 324956 bytes
Free Heap: 167708 bytes
Used Heap: 157252 bytes
0
Total Heap: 324956 bytes
Free Heap: 167592 bytes
Used Heap: 157384 bytes
0
Total Heap: 324956 bytes
Free Heap: 167600 bytes
Used Heap: 157384 bytes
Keep Alive Check
0
Total Heap: 324952 bytes
Free Heap: 167548 bytes
Used Heap: 157400 bytes
0
Total Heap: 324956 bytes
Free Heap: 167592 bytes
Used Heap: 157384 bytes
0
Total Heap: 324956 bytes
Free Heap: 167600 bytes
Used Heap: 157376 bytes
0
Total Heap: 324956 bytes
Free Heap: 167592 bytes
Used Heap: 157384 bytes
0
Total Heap: 324956 bytes
Free Heap: 167572 bytes
Used Heap: 157252 bytes
0
Total Heap: 324956 bytes
Free Heap: 167592 bytes
Used Heap: 159064 bytes
0
Total Heap: 324952 bytes
Free Heap: 167580 bytes
Used Heap: 157252 bytes
0
Total Heap: 324956 bytes
Free Heap: 167592 bytes
Used Heap: 157384 bytes
0
Total Heap: 324956 bytes
Free Heap: 167728 bytes
Used Heap: 157232 bytes
0
Total Heap: 324952 bytes
Free Heap: 167584 bytes
Used Heap: 157248 bytes
Keep Alive Check
0
Total Heap: 324952 bytes
Free Heap: 167608 bytes
Used Heap: 159072 bytes
0
Total Heap: 324952 bytes
Free Heap: 167584 bytes
Used Heap: 157248 bytes
0
Total Heap: 324956 bytes
Free Heap: 167612 bytes
Used Heap: 157372 bytes
0
Total Heap: 324956 bytes
Free Heap: 167612 bytes
Used Heap: 157372 bytes
0
Total Heap: 324956 bytes
Free Heap: 167728 bytes
Used Heap: 157232 bytes
0
Total Heap: 324952 bytes
Free Heap: 164180 bytes
Used Heap: 157236 bytes
0
Total Heap: 324956 bytes
Free Heap: 167600 bytes
Used Heap: 157376 bytes
0
Total Heap: 324956 bytes
Free Heap: 167592 bytes
Used Heap: 157384 bytes
0
Total Heap: 324956 bytes
Free Heap: 167708 bytes
Used Heap: 157252 bytes
0
Total Heap: 324952 bytes
Free Heap: 167584 bytes
Used Heap: 157248 bytes
Keep Alive Check
0
Total Heap: 324956 bytes
Free Heap: 167608 bytes
Used Heap: 159048 bytes
0
Total Heap: 324956 bytes
Free Heap: 165980 bytes
Used Heap: 158928 bytes
0
Total Heap: 324956 bytes
Free Heap: 167612 bytes
Used Heap: 157364 bytes
0
Total Heap: 324956 bytes
Free Heap: 167612 bytes
Used Heap: 157364 bytes
0
Total Heap: 324952 bytes
Free Heap: 167584 bytes
Used Heap: 157248 bytes
0
Total Heap: 324956 bytes
Free Heap: 167728 bytes
Used Heap: 157232 bytes
0
Total Heap: 324940 bytes
Free Heap: 165908 bytes
Used Heap: 159072 bytes
0
Total Heap: 324952 bytes
Free Heap: 167584 bytes
Used Heap: 157248 bytes
0
Total Heap: 324956 bytes
Free Heap: 167600 bytes
Used Heap: 157376 bytes
0
Total Heap: 324956 bytes
Free Heap: 167612 bytes
Used Heap: 157372 bytes
Keep Alive Check
0
Total Heap: 324956 bytes
Free Heap: 167612 bytes
Used Heap: 157224 bytes
0
Total Heap: 324952 bytes
Free Heap: 165908 bytes
Used Heap: 157340 bytes
0
Total Heap: 324936 bytes
Free Heap: 167584 bytes
Used Heap: 157368 bytes
0
Total Heap: 324956 bytes
Free Heap: 167612 bytes
Used Heap: 157372 bytes
0
Total Heap: 324952 bytes
Free Heap: 167584 bytes
Used Heap: 157248 bytes
0
Total Heap: 324952 bytes
Free Heap: 167584 bytes
Used Heap: 157400 bytes
0
Total Heap: 324956 bytes
Free Heap: 167612 bytes
Used Heap: 157372 bytes
0
Total Heap: 324960 bytes
Free Heap: 167716 bytes
Used Heap: 157264 bytes
0
Total Heap: 324952 bytes
Free Heap: 165912 bytes
Used Heap: 157344 bytes
0
Total Heap: 324956 bytes
Free Heap: 167612 bytes
Used Heap: 157364 bytes
Keep Alive Check
0
Total Heap: 324940 bytes
Free Heap: 165984 bytes
Used Heap: 158812 bytes
0
Total Heap: 324944 bytes
Free Heap: 166032 bytes
Used Heap: 158792 bytes
0
Total Heap: 324944 bytes
Free Heap: 166148 bytes
Used Heap: 158800 bytes
0
Total Heap: 324940 bytes
Free Heap: 165972 bytes
Used Heap: 158816 bytes
0
Total Heap: 324940 bytes
Free Heap: 160884 bytes
Used Heap: 160540 bytes
0
Total Heap: 324956 bytes
Free Heap: 167612 bytes
Used Heap: 157108 bytes
0
Total Heap: 324964 bytes
Free Heap: 167728 bytes
Used Heap: 157232 bytes
0
Total Heap: 324952 bytes
Free Heap: 167584 bytes
Used Heap: 157400 bytes
0
Total Heap: 324956 bytes
Free Heap: 167604 bytes
Used Heap: 157384 bytes
0
Total Heap: 324952 bytes
Free Heap: 167604 bytes
Used Heap: 157384 bytes
Keep Alive Check
0
Total Heap: 324956 bytes
Free Heap: 167572 bytes
Used Heap: 157240 bytes
0
Total Heap: 324952 bytes
Free Heap: 167572 bytes
Used Heap: 157260 bytes
0
Total Heap: 324956 bytes
Free Heap: 167612 bytes
Used Heap: 157372 bytes
0
Total Heap: 324952 bytes
Free Heap: 167572 bytes
Used Heap: 157400 bytes
0
Total Heap: 324952 bytes
Free Heap: 167572 bytes
Used Heap: 157260 bytes
0
Total Heap: 324956 bytes
Free Heap: 167604 bytes
Used Heap: 157384 bytes
0
Total Heap: 324956 bytes
Free Heap: 167604 bytes
Used Heap: 157384 bytes
0
Total Heap: 324956 bytes
Free Heap: 167604 bytes
Used Heap: 157384 bytes
0
Total Heap: 324956 bytes
Free Heap: 167604 bytes
Used Heap: 157380 bytes
Keep Alive Check
0
Total Heap: 324944 bytes
Free Heap: 166260 bytes
Used Heap: 158808 bytes
0
Total Heap: 324956 bytes
Free Heap: 167572 bytes
Used Heap: 159080 bytes
0
Total Heap: 324956 bytes
Free Heap: 167604 bytes
Used Heap: 157384 bytes
0
Total Heap: 324952 bytes
Free Heap: 167572 bytes
Used Heap: 157260 bytes
0
Total Heap: 324956 bytes
Free Heap: 167604 bytes
Used Heap: 157384 bytes
0
Total Heap: 324952 bytes
Free Heap: 167572 bytes
Used Heap: 157260 bytes
0
Total Heap: 324956 bytes
Free Heap: 167604 bytes
Used Heap: 157384 bytes
0
Total Heap: 324952 bytes
Free Heap: 162588 bytes
Used Heap: 157248 bytes
0
Total Heap: 324952 bytes
Free Heap: 167584 bytes
Used Heap: 157248 bytes
0
Total Heap: 324956 bytes
Free Heap: 167612 bytes
Used Heap: 157372 bytes
Keep Alive Check
0
Total Heap: 324956 bytes
Free Heap: 167720 bytes
Used Heap: 157240 bytes
0
Total Heap: 324956 bytes
Free Heap: 167604 bytes
Used Heap: 157352 bytes
0
Total Heap: 324948 bytes
Free Heap: 164148 bytes
Used Heap: 159060 bytes
0
Total Heap: 324956 bytes
Free Heap: 167600 bytes
Used Heap: 157384 bytes
0
Total Heap: 324956 bytes
Free Heap: 167604 bytes
Used Heap: 157384 bytes
0
Total Heap: 324952 bytes
Free Heap: 167572 bytes
Used Heap: 157400 bytes
0
Total Heap: 324956 bytes
Free Heap: 167604 bytes
Used Heap: 157384 bytes
0
Total Heap: 324964 bytes
Free Heap: 167720 bytes
Used Heap: 157240 bytes
0
Total Heap: 324956 bytes
Free Heap: 167604 bytes
Used Heap: 157384 bytes
0
Total Heap: 324956 bytes
Free Heap: 167604 bytes
Used Heap: 157384 bytes
Keep Alive Check
0
Total Heap: 324956 bytes
Free Heap: 167604 bytes
Used Heap: 157232 bytes
0
Total Heap: 324956 bytes
Free Heap: 167604 bytes
Used Heap: 157384 bytes
0
Total Heap: 324952 bytes
Free Heap: 167568 bytes
Used Heap: 157252 bytes
0
Total Heap: 324956 bytes
Free Heap: 167612 bytes
Used Heap: 157372 bytes
0
Total Heap: 324952 bytes
Free Heap: 167592 bytes
Used Heap: 157240 bytes
0
Total Heap: 324956 bytes
Free Heap: 167604 bytes
Used Heap: 157380 bytes
0
Total Heap: 324956 bytes
Free Heap: 167604 bytes
Used Heap: 157384 bytes
0
Total Heap: 324956 bytes
Free Heap: 165868 bytes
Used Heap: 157260 bytes
0
Total Heap: 324948 bytes
Free Heap: 167700 bytes
Used Heap: 157256 bytes
0
Total Heap: 324956 bytes
Free Heap: 167608 bytes
Used Heap: 157348 bytes
Keep Alive Check
0
Total Heap: 324956 bytes
Free Heap: 167592 bytes
Used Heap: 157244 bytes
0
Total Heap: 324956 bytes
Free Heap: 167592 bytes
Used Heap: 157384 bytes
0
Total Heap: 324956 bytes
Free Heap: 167592 bytes
Used Heap: 157384 bytes
0
Total Heap: 324956 bytes
Free Heap: 167604 bytes
Used Heap: 157384 bytes
0
Total Heap: 324960 bytes
Free Heap: 167688 bytes
Used Heap: 157140 bytes
0
Total Heap: 324956 bytes
Free Heap: 167592 bytes
Used Heap: 157384 bytes
0
Total Heap: 324956 bytes
Free Heap: 167592 bytes
Used Heap: 157384 bytes
0
Total Heap: 324956 bytes
Free Heap: 167592 bytes
Used Heap: 157384 bytes
0
Total Heap: 324956 bytes
Free Heap: 167592 bytes
Used Heap: 157384 bytes
0
Total Heap: 324956 bytes
Free Heap: 167592 bytes
Used Heap: 157384 bytes
Keep Alive Check
0
Total Heap: 324952 bytes
Free Heap: 162784 bytes
Used Heap: 160408 bytes
0
Total Heap: 324944 bytes
Free Heap: 166012 bytes
Used Heap: 158952 bytes
0
Total Heap: 324960 bytes
Free Heap: 167844 bytes
Used Heap: 157120 bytes
0
Total Heap: 324956 bytes
Free Heap: 167604 bytes
Used Heap: 157384 bytes
0
Total Heap: 324956 bytes
Free Heap: 167604 bytes
Used Heap: 157384 bytes
0
Total Heap: 324964 bytes
Free Heap: 167708 bytes
Used Heap: 157252 bytes
0
Total Heap: 324956 bytes
Free Heap: 167604 bytes
Used Heap: 157352 bytes
0
Total Heap: 324952 bytes
Free Heap: 167720 bytes
Used Heap: 157240 bytes
0
Total Heap: 324952 bytes
Free Heap: 167584 bytes
Used Heap: 157400 bytes
0
Total Heap: 324952 bytes
Free Heap: 167584 bytes
Used Heap: 157248 bytes
Keep Alive Check
0
Total Heap: 324956 bytes
Free Heap: 167592 bytes
Used Heap: 157244 bytes
0
Total Heap: 324956 bytes
Free Heap: 167612 bytes
Used Heap: 157364 bytes
0
Total Heap: 324952 bytes
Free Heap: 167584 bytes
Used Heap: 157248 bytes
0
Total Heap: 324952 bytes
Free Heap: 167584 bytes
Used Heap: 157248 bytes
0
Total Heap: 324956 bytes
Free Heap: 167612 bytes
Used Heap: 157372 bytes
0
Total Heap: 324956 bytes
Free Heap: 167612 bytes
Used Heap: 157372 bytes
0
Total Heap: 324956 bytes
Free Heap: 167728 bytes
Used Heap: 157232 bytes
0
Total Heap: 324956 bytes
Free Heap: 167612 bytes
Used Heap: 157372 bytes
0
Total Heap: 324956 bytes
Free Heap: 167612 bytes
Used Heap: 157372 bytes
0
Total Heap: 324952 bytes
Free Heap: 167584 bytes
Used Heap: 157248 bytes
Keep Alive Check
0
Total Heap: 324956 bytes
Free Heap: 167572 bytes
Used Heap: 157252 bytes
0
Total Heap: 324956 bytes
Free Heap: 167592 bytes
Used Heap: 157384 bytes
0
Total Heap: 324960 bytes
Free Heap: 167824 bytes
Used Heap: 158840 bytes
0
Total Heap: 324956 bytes
Free Heap: 167720 bytes
Used Heap: 157240 bytes
0
Total Heap: 324956 bytes
Free Heap: 167592 bytes
Used Heap: 157384 bytes
0
Total Heap: 324956 bytes
Free Heap: 167592 bytes
Used Heap: 157384 bytes
0
Total Heap: 324956 bytes
Free Heap: 167592 bytes
Used Heap: 157384 bytes
0
Total Heap: 324956 bytes
Free Heap: 167708 bytes
Used Heap: 157252 bytes
0
Total Heap: 324952 bytes
Free Heap: 167556 bytes
Used Heap: 157264 bytes
0
Total Heap: 324960 bytes
Free Heap: 167832 bytes
Used Heap: 157132 bytes
Keep Alive Check
0
Total Heap: 324952 bytes
Free Heap: 167688 bytes
Used Heap: 157268 bytes
0
Total Heap: 324956 bytes
Free Heap: 167600 bytes
Used Heap: 157384 bytes
0
Total Heap: 324956 bytes
Free Heap: 167600 bytes
Used Heap: 157384 bytes
0
Total Heap: 324956 bytes
Free Heap: 164200 bytes
Used Heap: 159056 bytes
0
Total Heap: 324956 bytes
Free Heap: 167600 bytes
Used Heap: 157356 bytes
0
Total Heap: 324952 bytes
Free Heap: 167552 bytes
Used Heap: 157268 bytes
0
Total Heap: 324956 bytes
Free Heap: 167600 bytes
Used Heap: 157384 bytes
0
Total Heap: 324956 bytes
Free Heap: 167600 bytes
Used Heap: 157384 bytes
0
Total Heap: 324960 bytes
Free Heap: 165968 bytes
Used Heap: 157356 bytes
0
Total Heap: 324952 bytes
Free Heap: 164148 bytes
Used Heap: 157248 bytes
Keep Alive Check
0
Total Heap: 324956 bytes
Free Heap: 167588 bytes
Used Heap: 157368 bytes
0
Total Heap: 324956 bytes
Free Heap: 167592 bytes
Used Heap: 157384 bytes
0
Total Heap: 324956 bytes
Free Heap: 167600 bytes
Used Heap: 157384 bytes
0
Total Heap: 324952 bytes
Free Heap: 167572 bytes
Used Heap: 157400 bytes
0
Total Heap: 324952 bytes
Free Heap: 167572 bytes
Used Heap: 157400 bytes
0
Total Heap: 324956 bytes
Free Heap: 167716 bytes
Used Heap: 158980 bytes
0
Total Heap: 324952 bytes
Free Heap: 167572 bytes
Used Heap: 157400 bytes
0
Total Heap: 324956 bytes
Free Heap: 167600 bytes
Used Heap: 157384 bytes
0
Total Heap: 324952 bytes
Free Heap: 167572 bytes
Used Heap: 157260 bytes
0
Total Heap: 324960 bytes
Free Heap: 164288 bytes
Used Heap: 157356 bytes
Keep Alive Check
0
Total Heap: 324960 bytes
Free Heap: 167704 bytes
Used Heap: 157256 bytes
0
Total Heap: 324956 bytes
Free Heap: 167592 bytes
Used Heap: 157384 bytes
0
Total Heap: 324956 bytes
Free Heap: 167600 bytes
Used Heap: 157384 bytes
0
Total Heap: 324952 bytes
Free Heap: 167580 bytes
Used Heap: 157252 bytes
0
Total Heap: 324956 bytes
Free Heap: 167600 bytes
Used Heap: 157384 bytes
0
Total Heap: 324952 bytes
Free Heap: 167572 bytes
Used Heap: 157400 bytes
0
Total Heap: 324960 bytes
Free Heap: 165900 bytes
Used Heap: 157356 bytes
0
Total Heap: 324956 bytes
Free Heap: 167600 bytes
Used Heap: 157384 bytes
0
Total Heap: 324956 bytes
Free Heap: 167600 bytes
Used Heap: 157384 bytes
0
Total Heap: 324956 bytes
Free Heap: 167600 bytes
Used Heap: 157384 bytes
Keep Alive Check
0
Total Heap: 324956 bytes
Free Heap: 167600 bytes
Used Heap: 157236 bytes
0
Total Heap: 324952 bytes
Free Heap: 167572 bytes
Used Heap: 157400 bytes
0
Total Heap: 324956 bytes
Free Heap: 167712 bytes
Used Heap: 157248 bytes
0
Total Heap: 324952 bytes
Free Heap: 167572 bytes
Used Heap: 157400 bytes
0
Total Heap: 324956 bytes
Free Heap: 167600 bytes
Used Heap: 157384 bytes
0
Total Heap: 324956 bytes
Free Heap: 167600 bytes
Used Heap: 157384 bytes
0
Total Heap: 324956 bytes
Free Heap: 167600 bytes
Used Heap: 157384 bytes
0
Total Heap: 324956 bytes
Free Heap: 167600 bytes
Used Heap: 157384 bytes
0
Total Heap: 324960 bytes
Free Heap: 165988 bytes
Used Heap: 160660 bytes
0
Total Heap: 324964 bytes
Free Heap: 167716 bytes
Used Heap: 157244 bytes
Keep Alive Check
0
Total Heap: 324952 bytes
Free Heap: 167696 bytes
Used Heap: 157260 bytes
0
Total Heap: 324956 bytes
Free Heap: 167592 bytes
Used Heap: 157364 bytes
0
Total Heap: 324956 bytes
Free Heap: 167600 bytes
Used Heap: 157384 bytes
0
Total Heap: 324956 bytes
Free Heap: 167600 bytes
Used Heap: 157384 bytes
0
Total Heap: 324956 bytes
Free Heap: 165900 bytes
Used Heap: 157376 bytes
0
Total Heap: 324960 bytes
Free Heap: 167716 bytes
Used Heap: 157124 bytes
0
Total Heap: 324952 bytes
Free Heap: 167572 bytes
Used Heap: 157260 bytes
0
Total Heap: 324952 bytes
Free Heap: 167572 bytes
Used Heap: 157260 bytes
0
Total Heap: 324956 bytes
Free Heap: 167600 bytes
Used Heap: 157376 bytes
0
Total Heap: 324956 bytes
Free Heap: 167592 bytes
Used Heap: 157384 bytes
Keep Alive Check
0
Total Heap: 324956 bytes
Free Heap: 167716 bytes
Used Heap: 157244 bytes
0
Total Heap: 324956 bytes
Free Heap: 167600 bytes
Used Heap: 157384 bytes
0
Total Heap: 324956 bytes
Free Heap: 167600 bytes
Used Heap: 157384 bytes
0
Total Heap: 324952 bytes
Free Heap: 167580 bytes
Used Heap: 157392 bytes
0
Total Heap: 324952 bytes
Free Heap: 167572 bytes
Used Heap: 157400 bytes
0
Total Heap: 324960 bytes
Free Heap: 167716 bytes
Used Heap: 157244 bytes
0
Total Heap: 324956 bytes
Free Heap: 167600 bytes
Used Heap: 157384 bytes
0
Total Heap: 324952 bytes
Free Heap: 167580 bytes
Used Heap: 157252 bytes
0
Total Heap: 324952 bytes
Free Heap: 167572 bytes
Used Heap: 157400 bytes
0
Total Heap: 324956 bytes
Free Heap: 167600 bytes
Used Heap: 157384 bytes
Keep Alive Check
0
Total Heap: 324956 bytes
Free Heap: 167600 bytes
Used Heap: 157236 bytes
0
Total Heap: 324956 bytes
Free Heap: 165868 bytes
Used Heap: 157364 bytes
0
Total Heap: 324952 bytes
Free Heap: 167572 bytes
Used Heap: 157260 bytes
0
Total Heap: 324952 bytes
Free Heap: 167572 bytes
Used Heap: 157400 bytes
0
Total Heap: 324956 bytes
Free Heap: 167600 bytes
Used Heap: 157384 bytes
0
Total Heap: 324956 bytes
Free Heap: 167600 bytes
Used Heap: 157356 bytes
0
Total Heap: 324952 bytes
Free Heap: 167572 bytes
Used Heap: 159096 bytes
0
Total Heap: 324952 bytes
Free Heap: 167572 bytes
Used Heap: 157260 bytes
0
Total Heap: 324952 bytes
Free Heap: 167572 bytes
Used Heap: 157260 bytes
0
Total Heap: 324956 bytes
Free Heap: 167600 bytes
Used Heap: 157384 bytes
Keep Alive Check
0
Total Heap: 324956 bytes
Free Heap: 167600 bytes
Used Heap: 157236 bytes
0
Total Heap: 324960 bytes
Free Heap: 167716 bytes
Used Heap: 157244 bytes
0
Total Heap: 324956 bytes
Free Heap: 167568 bytes
Used Heap: 159120 bytes
0
Total Heap: 324956 bytes
Free Heap: 167600 bytes
Used Heap: 157384 bytes
0
Total Heap: 324956 bytes
Free Heap: 167600 bytes
Used Heap: 157384 bytes
0
Total Heap: 324956 bytes
Free Heap: 167600 bytes
Used Heap: 157384 bytes
0
Total Heap: 324956 bytes
Free Heap: 167716 bytes
Used Heap: 157244 bytes
0
Total Heap: 324956 bytes
Free Heap: 167596 bytes
Used Heap: 157388 bytes
0
Total Heap: 324956 bytes
Free Heap: 167600 bytes
Used Heap: 157384 bytes
0
Total Heap: 324952 bytes
Free Heap: 167572 bytes
Used Heap: 157260 bytes
Keep Alive Check
0
Total Heap: 324952 bytes
Free Heap: 167552 bytes
Used Heap: 157268 bytes
0
Total Heap: 324956 bytes
Free Heap: 167600 bytes
Used Heap: 157384 bytes
0
Total Heap: 324956 bytes
Free Heap: 167716 bytes
Used Heap: 157244 bytes
0
Total Heap: 324956 bytes
Free Heap: 167600 bytes
Used Heap: 157384 bytes
0
Total Heap: 324960 bytes
Free Heap: 167716 bytes
Used Heap: 157272 bytes
0
Total Heap: 324956 bytes
Free Heap: 167600 bytes
Used Heap: 157384 bytes
0
Total Heap: 324956 bytes
Free Heap: 167600 bytes
Used Heap: 157376 bytes
0
Total Heap: 324956 bytes
Free Heap: 167584 bytes
Used Heap: 157400 bytes
0
Total Heap: 324956 bytes
Free Heap: 167600 bytes
Used Heap: 157384 bytes
0
Total Heap: 324960 bytes
Free Heap: 167716 bytes
Used Heap: 157244 bytes
Keep Alive Check
0
Total Heap: 324948 bytes
Free Heap: 165868 bytes
Used Heap: 157260 bytes
0
Total Heap: 324956 bytes
Free Heap: 167592 bytes
Used Heap: 157384 bytes
0
Total Heap: 324956 bytes
Free Heap: 167600 bytes
Used Heap: 157384 bytes
0
Total Heap: 324956 bytes
Free Heap: 167600 bytes
Used Heap: 157384 bytes
0
Total Heap: 324956 bytes
Free Heap: 167600 bytes
Used Heap: 157384 bytes
0
Total Heap: 324956 bytes
Free Heap: 167704 bytes
Used Heap: 157256 bytes
0
Total Heap: 324956 bytes
Free Heap: 167600 bytes
Used Heap: 157356 bytes
0
Total Heap: 324952 bytes
Free Heap: 167572 bytes
Used Heap: 157260 bytes
0
Total Heap: 324952 bytes
Free Heap: 167572 bytes
Used Heap: 157400 bytes
0
Total Heap: 324956 bytes
Free Heap: 167600 bytes
Used Heap: 157384 bytes
Keep Alive Check
[HTTPS:I] New connection. Socket FID=56
0
Total Heap: 324728 bytes
Free Heap: 152992 bytes
Used Heap: 171868 bytes
0
Total Heap: 324732 bytes
Free Heap: 155452 bytes
Used Heap: 169304 bytes
0
Total Heap: 324672 bytes
Free Heap: 157892 bytes
Used Heap: 166648 bytes
[HTTPS:I] Request: POST /SSH1Status (FID=56)
/SSH1Status
session=password=Home1918
Home1918
0
Total Heap: 324648 bytes
Free Heap: 158520 bytes
Used Heap: 166128 bytes
alive
0
Total Heap: 324832 bytes
Free Heap: 163412 bytes
Used Heap: 161536 bytes
0
Total Heap: 324832 bytes
Free Heap: 163412 bytes
Used Heap: 161424 bytes
0
Total Heap: 324832 bytes
Free Heap: 161672 bytes
Used Heap: 163232 bytes
0
Total Heap: 324840 bytes
Free Heap: 163428 bytes
Used Heap: 161408 bytes
0
Total Heap: 324832 bytes
Free Heap: 163296 bytes
Used Heap: 161556 bytes
0
Total Heap: 324832 bytes
Free Heap: 163428 bytes
Used Heap: 161408 bytes
Keep Alive Check
0
Total Heap: 324836 bytes
Free Heap: 163428 bytes
Used Heap: 161408 bytes
0
Total Heap: 324832 bytes
Free Heap: 163296 bytes
Used Heap: 161556 bytes
0
Total Heap: 324832 bytes
Free Heap: 163312 bytes
Used Heap: 161520 bytes
0
Total Heap: 324832 bytes
Free Heap: 163420 bytes
Used Heap: 161416 bytes
0
Total Heap: 324832 bytes
Free Heap: 163412 bytes
Used Heap: 161424 bytes
0
Total Heap: 324832 bytes
Free Heap: 163276 bytes
Used Heap: 161424 bytes
0
Total Heap: 324828 bytes
Free Heap: 163256 bytes
Used Heap: 161428 bytes
0
Total Heap: 324836 bytes
Free Heap: 163424 bytes
Used Heap: 161432 bytes
0
Total Heap: 324832 bytes
Free Heap: 163432 bytes
Used Heap: 161404 bytes
0
Total Heap: 324832 bytes
Free Heap: 163428 bytes
Used Heap: 161408 bytes
Keep Alive Check
0
Total Heap: 324820 bytes
Free Heap: 161844 bytes
Used Heap: 162980 bytes
0
Total Heap: 324820 bytes
Free Heap: 161728 bytes
Used Heap: 163124 bytes
0
Total Heap: 324820 bytes
Free Heap: 161728 bytes
Used Heap: 162976 bytes
[HTTPS:I] Connection timeout. FID=56
[HTTPS:I] Connection closed. Socket FID=56
0
Total Heap: 324928 bytes
Free Heap: 165604 bytes
Used Heap: 160888 bytes
0
Total Heap: 324956 bytes
Free Heap: 167720 bytes
Used Heap: 157356 bytes
0
Total Heap: 324952 bytes
Free Heap: 167572 bytes
Used Heap: 157400 bytes
0
Total Heap: 324952 bytes
Free Heap: 167572 bytes
Used Heap: 157400 bytes
[HTTPS:I] New connection. Socket FID=56
0
Total Heap: 324772 bytes
Free Heap: 156236 bytes
Used Heap: 168408 bytes
0
Total Heap: 324692 bytes
Free Heap: 158520 bytes
Used Heap: 166272 bytes
[HTTPS:I] Request: POST /toggle1 (FID=56)
/toggle1
session=password=Home1918
Home1918
1
Keep Alive Check
0
Total Heap: 324688 bytes
Free Heap: 160420 bytes
Used Heap: 164268 bytes
0
Total Heap: 324852 bytes
Free Heap: 163824 bytes
Used Heap: 160904 bytes
0
Total Heap: 324852 bytes
Free Heap: 163816 bytes
Used Heap: 161036 bytes
0
Total Heap: 324852 bytes
Free Heap: 163816 bytes
Used Heap: 161036 bytes
[HTTPS:I] Request: POST /toggle1 (FID=56)
/toggle1
session=password=Home1918
Home1918
1
0
Total Heap: 324712 bytes
Free Heap: 160936 bytes
Used Heap: 163776 bytes
0
Total Heap: 324852 bytes
Free Heap: 163936 bytes
Used Heap: 162616 bytes
0
Total Heap: 324856 bytes
Free Heap: 163936 bytes
Used Heap: 160920 bytes
0
Total Heap: 324852 bytes
Free Heap: 163804 bytes
Used Heap: 161048 bytes
0
Total Heap: 324852 bytes
Free Heap: 163804 bytes
Used Heap: 161048 bytes
0
Total Heap: 324852 bytes
Free Heap: 163812 bytes
Used Heap: 161040 bytes
Keep Alive Check
0
Total Heap: 324852 bytes
Free Heap: 163812 bytes
Used Heap: 161040 bytes
0
Total Heap: 324856 bytes
Free Heap: 163936 bytes
Used Heap: 160920 bytes
0
Total Heap: 324856 bytes
Free Heap: 163928 bytes
Used Heap: 160928 bytes
0
Total Heap: 324856 bytes
Free Heap: 163936 bytes
Used Heap: 160920 bytes
0
Total Heap: 324852 bytes
Free Heap: 163812 bytes
Used Heap: 161040 bytes
0
Total Heap: 324852 bytes
Free Heap: 163804 bytes
Used Heap: 161048 bytes
0
Total Heap: 324856 bytes
Free Heap: 160528 bytes
Used Heap: 162628 bytes
0
Total Heap: 324852 bytes
Free Heap: 163820 bytes
Used Heap: 161032 bytes
0
Total Heap: 324852 bytes
Free Heap: 163804 bytes
Used Heap: 161048 bytes
0
Total Heap: 324852 bytes
Free Heap: 163812 bytes
Used Heap: 161040 bytes
Keep Alive Check
0
Total Heap: 324856 bytes
Free Heap: 163936 bytes
Used Heap: 160920 bytes
0
Total Heap: 324852 bytes
Free Heap: 163812 bytes
Used Heap: 161040 bytes
0
Total Heap: 324852 bytes
Free Heap: 160400 bytes
Used Heap: 164472 bytes
0
Total Heap: 324852 bytes
Free Heap: 163812 bytes
Used Heap: 161040 bytes
0
Total Heap: 324852 bytes
Free Heap: 163804 bytes
Used Heap: 161048 bytes
[HTTPS:I] Connection timeout. FID=56
[HTTPS:I] Connection closed. Socket FID=56
0
Total Heap: 324984 bytes
Free Heap: 168272 bytes
Used Heap: 156712 bytes
0
Total Heap: 324984 bytes
Free Heap: 168272 bytes
Used Heap: 156712 bytes
0
Total Heap: 324976 bytes
Free Heap: 164676 bytes
Used Heap: 156712 bytes
0
Total Heap: 324984 bytes
Free Heap: 168264 bytes
Used Heap: 156720 bytes
0
Total Heap: 324984 bytes
Free Heap: 168252 bytes
Used Heap: 156732 bytes
Keep Alive Check
0
Total Heap: 324984 bytes
Free Heap: 168252 bytes
Used Heap: 156732 bytes
0
Total Heap: 324984 bytes
Free Heap: 168252 bytes
Used Heap: 156732 bytes
0
Total Heap: 324984 bytes
Free Heap: 168252 bytes
Used Heap: 156732 bytes
0
Total Heap: 324984 bytes
Free Heap: 168252 bytes
Used Heap: 156732 bytes
0
Total Heap: 324984 bytes
Free Heap: 168256 bytes
Used Heap: 156728 bytes
0
Total Heap: 324984 bytes
Free Heap: 168252 bytes
Used Heap: 156732 bytes
[HTTPS:I] New connection. Socket FID=54
0
Total Heap: 324752 bytes
Free Heap: 155764 bytes
Used Heap: 169184 bytes
0
Total Heap: 324632 bytes
Free Heap: 157328 bytes
Used Heap: 167720 bytes
[HTTPS:I] Request: POST /SSH1Status (FID=54)
/SSH1Status
session=password=Home1918
Home1918
-1
HP1 Disconnect! Reconnecting...
0
Total Heap: 324760 bytes
Free Heap: 160316 bytes
Used Heap: 164444 bytes
0
Total Heap: 324700 bytes
Free Heap: 162596 bytes
Used Heap: 162104 bytes
Guru Meditation Error: Core  0 panic'ed (LoadProhibited). Exception was unhandled.

Core  0 register dump:
PC      : 0x400d6a84  PS      : 0x00060030  A0      : 0x800d49c0  A1      : 0x3ffceac0  
  #0  0x400d6a84 in httpsserver::WebsocketHandler::send(std::__cxx11::basic_string<char, std::char_traits<char>, std::allocator<char> >, unsigned char) at .pio/libdeps/esp32doit-devkit-v1/esp32_https_server/src/WebsocketHandler.cpp:204

A2      : 0x3ffe3790  A3      : 0x3ffcebf0  A4      : 0x00b83fc0  A5      : 0x00000002  
A6      : 0x00000100  A7      : 0x3ffd982c  A8      : 0x00004a81  A9      : 0x00000100  
A10     : 0x2d656d61  A11     : 0x00000000  A12     : 0x3ffde964  A13     : 0x00000000  
A14     : 0x00ff0000  A15     : 0xff000000  SAR     : 0x0000001e  EXCCAUSE: 0x0000001c  
EXCVADDR: 0x00b83fdc  LBEG    : 0x4000c2e0  LEND    : 0x4000c2f6  LCOUNT  : 0x00000000  


Backtrace: 0x400d6a81:0x3ffceac0 0x400d49bd:0x3ffceaf0 0x400d4a62:0x3ffcec40 0x4019fd61:0x3ffcec80 0x400d5504:0x3ffceca0 0x400d38bb:0x3ffcecc0
  #0  0x400d6a81 in httpsserver::WebsocketHandler::send(std::__cxx11::basic_string<char, std::char_traits<char>, std::allocator<char> >, unsigned char) at .pio/libdeps/esp32doit-devkit-v1/esp32_https_server/src/WebsocketHandler.cpp:204
  #1  0x400d49bd in ssh_conn::read() at src/main.cpp:233
  #2  0x400d4a62 in ex_main() at src/main.cpp:351 (discriminator 2)
  #3  0x4019fd61 in std::_Function_handler<int (), int (*)()>::_M_invoke(std::_Any_data const&) at /home/alext/.platformio/packages/toolchain-xtensa-esp32@8.4.0+2021r2-patch5/xtensa-esp32-elf/include/c++/8.4.0/bits/std_function.h:282
  #4  0x400d5504 in std::function<int ()>::operator()() const at /home/alext/.platformio/packages/toolchain-xtensa-esp32@8.4.0+2021r2-patch5/xtensa-esp32-elf/include/c++/8.4.0/bits/std_function.h:687
      (inlined by) wait_for_wifi_exec(std::function<int ()>) at src/ssh_functions.cpp:83
  #5  0x400d38bb in controlTask(void*) at src/main.cpp:396





ELF file SHA256: 0727717f66f3856a

Rebooting...
ets Jul 29 2019 12:21:46

rst:0xc (SW_CPU_RESET),boot:0x13 (SPI_FAST_FLASH_BOOT)
configsip: 0, SPIWP:0xee
clk_drv:0x00,q_drv:0x00,d_drv:0x00,cs0_drv:0x00,hd_drv:0x00,wp_drv:0x00
mode:DIO, clock div:2
load:0x3fff0030,len:6652
ho 0 tail 12 room 4
load:0x40078000,len:15052
load:0x40080400,len:3836
  #0  0x40080400 in _init at ??:?

entry 0x4008069c
[0;32mI (29) boot: ESP-IDF 4.4.7 2nd stage bootloader[0m
[0;32mI (29) boot: compile time 13:00:46[0m
[0;32mI (29) boot: Multicore bootloader[0m
[0;32mI (32) boot: chip revision: v3.1[0m
[0;32mI (36) boot.esp32: SPI Speed      : 40MHz[0m
[0;32mI (41) boot.esp32: SPI Mode       : DIO[0m
[0;32mI (45) boot.esp32: SPI Flash Size : 4MB[0m
[0;32mI (50) boot: Enabling RNG early entropy source...[0m
[0;32mI (55) boot: Partition Table:[0m
[0;32mI (59) boot: ## Label            Usage          Type ST Offset   Length[0m
[0;32mI (66) boot:  0 nvs              WiFi data        01 02 00009000 00004000[0m
[0;32mI (73) boot:  1 otadata          OTA data         01 00 0000d000 00002000[0m
[0;32mI (81) boot:  2 phy_init         RF data          01 01 0000f000 00001000[0m
[0;32mI (88) boot:  3 factory          factory app      00 00 00010000 00200000[0m
[0;32mI (96) boot: End of partition table[0m
[0;32mI (100) boot: Defaulting to factory image[0m
[0;32mI (105) esp_image: segment 0: paddr=00010020 vaddr=3f400020 size=392e0h (234208) map[0m
[0;32mI (198) esp_image: segment 1: paddr=00049308 vaddr=3ffb0000 size=05998h ( 22936) load[0m
[0;32mI (207) esp_image: segment 2: paddr=0004eca8 vaddr=40080000 size=01370h (  4976) load[0m
[0;32mI (210) esp_image: segment 3: paddr=00050020 vaddr=400d0020 size=d8988h (887176) map[0m
[0;32mI (536) esp_image: segment 4: paddr=001289b0 vaddr=40081370 size=1372ch ( 79660) load[0m
[0;32mI (579) boot: Loaded app from partition at offset 0x10000[0m
[0;32mI (579) boot: Disabling RNG early entropy source...[0m
[0;32mI (591) cpu_start: Multicore app[0m
[0;32mI (591) cpu_start: Pro cpu up.[0m
[0;32mI (591) cpu_start: Starting app cpu, entry point is 0x40081dd4[0m
  #0  0x40081dd4 in call_start_cpu1 at /home/alext/.platformio/packages/framework-espidf/components/esp_system/port/cpu_start.c:151

[0;32mI (579) cpu_start: App cpu up.[0m
[0;32mI (609) cpu_start: Pro cpu start user code[0m
[0;32mI (609) cpu_start: cpu freq: 160000000[0m
[0;32mI (609) cpu_start: Application information:[0m
[0;32mI (614) cpu_start: Project name:     Esp32-DIGI[0m
[0;32mI (619) cpu_start: App version:      7dd10a6-dirty[0m
[0;32mI (624) cpu_start: Compile time:     Aug 21 2026 13:00:20[0m
[0;32mI (630) cpu_start: ELF file SHA256:  0727717f66f3856a...[0m
[0;32mI (636) cpu_start: ESP-IDF:          4.4.7[0m
[0;32mI (641) cpu_start: Min chip rev:     v0.0[0m
[0;32mI (646) cpu_start: Max chip rev:     v3.99 [0m
[0;32mI (651) cpu_start: Chip rev:         v3.1[0m
[0;32mI (656) heap_init: Initializing. RAM available for dynamic allocation:[0m
[0;32mI (663) heap_init: At 3FFAE6E0 len 00001920 (6 KiB): DRAM[0m
[0;32mI (669) heap_init: At 3FFBBC38 len 000243C8 (144 KiB): DRAM[0m
[0;32mI (675) heap_init: At 3FFE0440 len 00003AE0 (14 KiB): D/IRAM[0m
[0;32mI (681) heap_init: At 3FFE4350 len 0001BCB0 (111 KiB): D/IRAM[0m
[0;32mI (688) heap_init: At 40094A9C len 0000B564 (45 KiB): IRAM[0m
[0;32mI (695) spi_flash: detected chip: generic[0m
[0;32mI (699) spi_flash: flash io: dio[0m
[0;32mI (710) cpu_start: Starting scheduler on PRO CPU.[0m
[0;32mI (0) cpu_start: Starting scheduler on APP CPU.[0m
[0;32mI (774) gpio: GPIO[33]| InputEn: 1| OutputEn: 1| OpenDrain: 0| Pullup: 0| Pulldown: 0| Intr:0 [0m
[0;32mI (775) gpio: GPIO[32]| InputEn: 1| OutputEn: 1| OpenDrain: 0| Pullup: 0| Pulldown: 0| Intr:0 [0m
[0;32mI (782) gpio: GPIO[12]| InputEn: 1| OutputEn: 1| OpenDrain: 0| Pullup: 0| Pulldown: 0| Intr:0 [0m
[0;32mI (791) gpio: GPIO[27]| InputEn: 1| OutputEn: 1| OpenDrain: 0| Pullup: 0| Pulldown: 0| Intr:0 [0m
[0;32mI (800) gpio: GPIO[26]| InputEn: 1| OutputEn: 1| OpenDrain: 0| Pullup: 0| Pulldown: 0| Intr:0 [0m
[0;32mI (810) gpio: GPIO[25]| InputEn: 1| OutputEn: 1| OpenDrain: 0| Pullup: 0| Pulldown: 0| Intr:0 [0m
[0;32mI (820) gpio: GPIO[22]| In[0;32mI (834) gpio: GPIO[17]| InputEn: 1| OutputEn: 1| OpenDrain: 0| Pullup: 0| Pulldown: 0| Intr:0 [0m
[0;32mI (834) gpio: GPIO[16]| InputEn: 1| OutputEn: 0| OpenDrain: 0| Pullup: 0| Pulldown: 0| Intr:0 [0m
[0;32mI (841) gpio: GPIO[18]| InputEn: 1| OutputEn: 1| OpenDrain: 0| Pullup: 0| Pulldown: 0| Intr:0 [0m
[0;32mI (851) gpio: GPIO[19]| InputEn: 1| OutputEn: 1| OpenDrain: 0| Pullup: 0| Pulldown: 0| Intr:0 [0m
SD mount successful
Creating a new self-signed certificate.
This may take up to a minute, so be patient ;-)
I (888) wifi:wifi driver task: 3ffd29e0, prio:23, stack:6656, core=0
I (907) wifi:wifi firmware version: 1fd20f4
I (908) wifi:wifi certification version: v7.0
I (908) wifi:config NVS flash: enabled
I (908) wifi:config nano formating: disabled
I (912) wifi:Init data frame dynamic rx buffer num: 32
I (917) wifi:Init static rx mgmt buffer num: 5
I (921) wifi:Init management short buffer num: 32
I (925) wifi:Init dynamic tx buffer num: 32
I (930) wifi:Init static rx buffer size: 1600
I (934) wifi:Init static rx buffer num: 4
I (937) wifi:Init dynamic rx buffer num: 32
[0;32mI (942) wifi_init: rx ba win: 6[0m
[0;32mI (945) wifi_init: tcpip mbox: 32[0m
[0;32mI (949) wifi_init: udp mbox: 6[0m
[0;32mI (953) wifi_init: tcp mbox: 6[0m
[0;32mI (956) wifi_init: tcp tx win: 5760[0m
[0;32mI (961) wifi_init: tcp rx win: 5760[0m
[0;32mI (965) wifi_init: tcp mss: 1440[0m
[0;32mI (969) wifi_init: WiFi IRAM OP enabled[0m
[0;32mI (973) wifi_init: WiFi RX IRAM OP enabled[0m
[0;32mI (980) phy_init: phy_version 4791,2c4672b,Dec 20 2023,16:06:06[0m
I (1073) wifi:mode : sta (00:4b:12:3b:c6:f4)
I (1074) wifi:enable tsf
Connecting to wifi...
I (1075) wifi:Set ps type: 0

0
Total Heap: 325696 bytes
Free Heap: 201224 bytes
Used Heap: 124472 bytes
0
Total Heap: 325640 bytes
Free Heap: 199624 bytes
Used Heap: 126016 bytes
0
Total Heap: 325632 bytes
Free Heap: 198684 bytes
Used Heap: 126948 bytes
0
Total Heap: 325664 bytes
Free Heap: 200404 bytes
Used Heap: 125260 bytes
0
Total Heap: 325632 bytes
Free Heap: 198672 bytes
Used Heap: 126960 bytes
0
Total Heap: 325636 bytes
Free Heap: 199472 bytes
Used Heap: 126164 bytes
I (7103) wifi:new:<11,0>, old:<1,0>, ap:<255,255>, sta:<11,0>, prof:1
I (7105) wifi:state: init -> auth (b0)
I (7164) wifi:state: auth -> assoc (0)
I (7173) wifi:state: assoc -> run (10)
I (7451) wifi:connected with WC Devices, aid = 1, channel 11, BW20, bssid = c8:a6:08:55:ea:ec
I (7452) wifi:security: WPA2-PSK, phy: bgn, rssi: -64
I (7459) wifi:pm start, type: 0

% WiFi connected
I (7526) wifi:AP's beacon interval = 102400 us, DTIM period = 1
0
Total Heap: 325648 bytes
Free Heap: 196504 bytes
Used Heap: 127416 bytes
I (7971) wifi:<ba-add>idx:0 (ifx:0, c8:a6:08:55:ea:ec), tid:0, ssn:0, winSize:64
I (7984) wifi:<ba-add>idx:1 (ifx:0, c8:a6:08:55:ea:ec), tid:5, ssn:0, winSize:64
0
Total Heap: 325640 bytes
Free Heap: 199780 bytes
Used Heap: 125860 bytes
% IPv4 Address: 10.47.2.245
[0;32mI (8969) esp_netif_handlers: sta ip: 10.47.2.245, mask: 255.255.240.0, gw: 10.47.15.254[0m
Wifi run finished

[SNIP STDOUT START]
Exec main begin
0
Total Heap: 325232 bytes
Free Heap: 176032 bytes
Used Heap: 149200 bytes
Creating the certificate was successful
Starting server...
Server ready.
0
Total Heap: 324996 bytes
Free Heap: 168492 bytes
Used Heap: 156504 bytes
% IPv6 Address: fe80:0000:0000:0000:024b:12ff:fe3b:c6f4
loop begin
0
Total Heap: 324984 bytes
Free Heap: 170876 bytes
Used Heap: 154224 bytes
0
Total Heap: 324984 bytes
Free Heap: 170760 bytes
Used Heap: 154244 bytes
0
Total Heap: 324980 bytes
Free Heap: 167448 bytes
Used Heap: 155936 bytes
0
Total Heap: 324984 bytes
Free Heap: 170760 bytes
Used Heap: 154244 bytes
0
Total Heap: 324984 bytes
Free Heap: 170760 bytes
Used Heap: 154244 bytes
0
Total Heap: 324984 bytes
Free Heap: 170768 bytes
Used Heap: 154244 bytes
0
Total Heap: 324984 bytes
Free Heap: 170768 bytes
Used Heap: 154244 bytes
0
Total Heap: 324988 bytes
Free Heap: 170896 bytes
Used Heap: 153976 bytes
Keep Alive Check
0
Total Heap: 324976 bytes
Free Heap: 169180 bytes
Used Heap: 157508 bytes
0
Total Heap: 324976 bytes
Free Heap: 167368 bytes
Used Heap: 155916 bytes
0
Total Heap: 324984 bytes
Free Heap: 170768 bytes
Used Heap: 154236 bytes
0
Total Heap: 324984 bytes
Free Heap: 170768 bytes
Used Heap: 154244 bytes
0
Total Heap: 324984 bytes
Free Heap: 170760 bytes
Used Heap: 154244 bytes
0
Total Heap: 324984 bytes
Free Heap: 170768 bytes
Used Heap: 154244 bytes
0
Total Heap: 324988 bytes
Free Heap: 170868 bytes
Used Heap: 155840 bytes
0
Total Heap: 324984 bytes
Free Heap: 170876 bytes
Used Heap: 155852 bytes
0
Total Heap: 324988 bytes
Free Heap: 170896 bytes
Used Heap: 153976 bytes
0
Total Heap: 324988 bytes
Free Heap: 170868 bytes
Used Heap: 153984 bytes
Keep Alive Check
0
Total Heap: 324988 bytes
Free Heap: 170868 bytes
Used Heap: 153980 bytes
0
Total Heap: 324984 bytes
Free Heap: 170768 bytes
Used Heap: 154244 bytes
0
Total Heap: 324972 bytes
Free Heap: 170760 bytes
Used Heap: 154244 bytes
0
Total Heap: 324964 bytes
Free Heap: 168992 bytes
Used Heap: 157676 bytes
0
Total Heap: 324988 bytes
Free Heap: 170896 bytes
Used Heap: 154120 bytes
0
Total Heap: 324984 bytes
Free Heap: 170768 bytes
Used Heap: 154244 bytes
0
Total Heap: 324988 bytes
Free Heap: 170896 bytes
Used Heap: 153976 bytes
0
Total Heap: 324984 bytes
Free Heap: 170768 bytes
Used Heap: 154244 bytes
0
Total Heap: 324984 bytes
Free Heap: 170768 bytes
Used Heap: 154244 bytes
0
Total Heap: 324988 bytes
Free Heap: 169196 bytes
Used Heap: 157512 bytes
Keep Alive Check
0
Total Heap: 324984 bytes
Free Heap: 170768 bytes
Used Heap: 154244 bytes
0
Total Heap: 324988 bytes
Free Heap: 170896 bytes
Used Heap: 154120 bytes
0
Total Heap: 324984 bytes
Free Heap: 170884 bytes
Used Heap: 154104 bytes
0
Total Heap: 324984 bytes
Free Heap: 170768 bytes
Used Heap: 154244 bytes
0
Total Heap: 324984 bytes
Free Heap: 170768 bytes
Used Heap: 154236 bytes
0
Total Heap: 324988 bytes
Free Heap: 170896 bytes
Used Heap: 153976 bytes
0
Total Heap: 324984 bytes
Free Heap: 170768 bytes
Used Heap: 154244 bytes
0
Total Heap: 324984 bytes
Free Heap: 170768 bytes
Used Heap: 154236 bytes
0
Total Heap: 324988 bytes
Free Heap: 170896 bytes
Used Heap: 153976 bytes
Keep Alive Check
0
Total Heap: 324988 bytes
Free Heap: 170896 bytes
Used Heap: 154092 bytes
0
Total Heap: 324984 bytes
Free Heap: 167368 bytes
Used Heap: 154208 bytes
[HTTPS:I] New connection. Socket FID=56
0
Total Heap: 324732 bytes
Free Heap: 158100 bytes
Used Heap: 166636 bytes
[HTTPS:E] SSL_accept failed. Aborting handshake. FID=56
[HTTPS:I] Connection closed. Socket FID=56
0
Total Heap: 324960 bytes
Free Heap: 169500 bytes
Used Heap: 155464 bytes
[HTTPS:I] New connection. Socket FID=56
0
Total Heap: 324804 bytes
Free Heap: 158628 bytes
Used Heap: 166308 bytes
0
Total Heap: 324708 bytes
Free Heap: 154472 bytes
Used Heap: 170240 bytes
[HTTPS:I] Request: GET /terminal (FID=56)
/terminal
session=password=Home1918
Home1918
0
Total Heap: 324672 bytes
Free Heap: 155976 bytes
Used Heap: 170408 bytes
[HTTPS:I] Connection closed. Socket FID=56
[HTTPS:I] New connection. Socket FID=56
0
Total Heap: 324732 bytes
Free Heap: 154552 bytes
Used Heap: 170300 bytes
0
Total Heap: 324636 bytes
Free Heap: 158676 bytes
Used Heap: 165700 bytes
[HTTPS:I] Request: GET /style.css (FID=56)
/style.css
session=password=Home1918
Home1918
[HTTPS:I] Connection closed. Socket FID=56
[HTTPS:I] New connection. Socket FID=56
0
Total Heap: 324736 bytes
Free Heap: 156852 bytes
Used Heap: 167688 bytes
Keep Alive Check
0
Total Heap: 324632 bytes
Free Heap: 158624 bytes
Used Heap: 165928 bytes
[HTTPS:I] Request: GET /ssh (FID=56)
[HTTPS:I] Upgrading to WS, FID=56
/ssh
session=password=Home1918
Home1918
Creating new chat client!
0
Total Heap: 324832 bytes
Free Heap: 164860 bytes
Used Heap: 160088 bytes
0
Total Heap: 324828 bytes
Free Heap: 164744 bytes
Used Heap: 161812 bytes
[0;32mI (61618) HTTPS_SERVER: Fin: 1, OpCode: 1 (TEXT), Mask: 1, Len: 1[0m
[HTTPS:I] WS payload: length=1
l
ssh cmd received:
l
ssh command processing finished
[0;32mI (62072) HTTPS_SERVER: Fin: 1, OpCode: 1 (TEXT), Mask: 1, Len: 1[0m
[HTTPS:I] WS payload: length=1
s
ssh cmd received:
s
ssh command processing finished
0
Total Heap: 324812 bytes
Free Heap: 161720 bytes
Used Heap: 163096 bytes
[0;32mI (63067) HTTPS_SERVER: Fin: 1, OpCode: 1 (TEXT), Mask: 1, Len: 1[0m
[HTTPS:I] WS payload: length=1

ssh cmd received:

ssh command processing finished
0
Total Heap: 324828 bytes
Free Heap: 164732 bytes
Used Heap: 160096 bytes
0
Total Heap: 324832 bytes
Free Heap: 164740 bytes
Used Heap: 160112 bytes
[0;32mI (64657) HTTPS_SERVER: Fin: 1, OpCode: 1 (TEXT), Mask: 1, Len: 1[0m
[HTTPS:I] WS payload: length=1
f
ssh cmd received:
f
ssh command processing finished
[0;32mI (64817) HTTPS_SERVER: Fin: 1, OpCode: 1 (TEXT), Mask: 1, Len: 1[0m
[HTTPS:I] WS payload: length=1
a
ssh cmd received:
a
ssh command processing finished
[0;32mI (65034) HTTPS_SERVER: Fin: 1, OpCode: 1 (TEXT), Mask: 1, Len: 1[0m
[HTTPS:I] WS payload: length=1
s
ssh cmd received:
s
ssh command processing finished
0
Total Heap: 324812 bytes
Free Heap: 161720 bytes
Used Heap: 163096 bytes
[0;32mI (65342) HTTPS_SERVER: Fin: 1, OpCode: 1 (TEXT), Mask: 1, Len: 1[0m
[HTTPS:I] WS payload: length=1
t
ssh cmd received:
t
ssh command processing finished
[0;32mI (65647) HTTPS_SERVER: Fin: 1, OpCode: 1 (TEXT), Mask: 1, Len: 1[0m
[HTTPS:I] WS payload: length=1
f
ssh cmd received:
f
ssh command processing finished
[0;32mI (65842) HTTPS_SERVER: Fin: 1, OpCode: 1 (TEXT), Mask: 1, Len: 1[0m
[HTTPS:I] WS payload: length=1
e
ssh cmd received:
e
ssh command processing finished
[0;32mI (66089) HTTPS_SERVER: Fin: 1, OpCode: 1 (TEXT), Mask: 1, Len: 1[0m
[HTTPS:I] WS payload: length=1
t
ssh cmd received:
t
ssh command processing finished
0
Total Heap: 324804 bytes
Free Heap: 161568 bytes
Used Heap: 163240 bytes
[0;32mI (66370) HTTPS_SERVER: Fin: 1, OpCode: 1 (TEXT), Mask: 1, Len: 1[0m
[HTTPS:I] WS payload: length=1
c
ssh cmd received:
c
ssh command processing finished
[0;32mI (66471) HTTPS_SERVER: Fin: 1, OpCode: 1 (TEXT), Mask: 1, Len: 1[0m
[HTTPS:I] WS payload: length=1
h
ssh cmd received:
h
ssh command processing finished
0
Total Heap: 324824 bytes
Free Heap: 159776 bytes
Used Heap: 165076 bytes
[0;32mI (67791) HTTPS_SERVER: Fin: 1, OpCode: 1 (TEXT), Mask: 1, Len: 1[0m
[HTTPS:I] WS payload: length=1

ssh cmd received:

ssh command processing finished
0
Total Heap: 324836 bytes
Free Heap: 164356 bytes
Used Heap: 160592 bytes
Keep Alive Check
0
Total Heap: 324832 bytes
Free Heap: 164220 bytes
Used Heap: 160476 bytes
0
Total Heap: 324836 bytes
Free Heap: 164356 bytes
Used Heap: 160480 bytes
0
Total Heap: 324832 bytes
Free Heap: 164240 bytes
Used Heap: 160612 bytes
0
Total Heap: 324832 bytes
Free Heap: 164336 bytes
Used Heap: 160496 bytes
0
Total Heap: 324836 bytes
Free Heap: 164356 bytes
Used Heap: 160480 bytes
0
Total Heap: 324836 bytes
Free Heap: 164356 bytes
Used Heap: 160480 bytes
0
Total Heap: 324836 bytes
Free Heap: 164356 bytes
Used Heap: 160480 bytes
0
Total Heap: 324832 bytes
Free Heap: 164240 bytes
Used Heap: 160612 bytes
0
Total Heap: 324836 bytes
Free Heap: 164356 bytes
Used Heap: 160480 bytes
0
Total Heap: 324836 bytes
Free Heap: 164356 bytes
Used Heap: 162180 bytes
Keep Alive Check
0
Total Heap: 324832 bytes
Free Heap: 164220 bytes
Used Heap: 160480 bytes
[HTTPS:I] New connection. Socket FID=57
0
Total Heap: 324616 bytes
Free Heap: 152216 bytes
Used Heap: 173064 bytes
0
Total Heap: 324492 bytes
Free Heap: 153676 bytes
Used Heap: 171600 bytes
[HTTPS:I] Request: POST /SSH1Status (FID=57)
/SSH1Status
session=password=Home1918
Home1918
alive
0
Total Heap: 324704 bytes
Free Heap: 159984 bytes
Used Heap: 164836 bytes
0
Total Heap: 324708 bytes
Free Heap: 159868 bytes
Used Heap: 166576 bytes
0
Total Heap: 324708 bytes
Free Heap: 159984 bytes
Used Heap: 164724 bytes
0
Total Heap: 324704 bytes
Free Heap: 159860 bytes
Used Heap: 164844 bytes
0
Total Heap: 324708 bytes
Free Heap: 159984 bytes
Used Heap: 164724 bytes
0
Total Heap: 324704 bytes
Free Heap: 159868 bytes
Used Heap: 164836 bytes
0
Total Heap: 324700 bytes
Free Heap: 159840 bytes
Used Heap: 164880 bytes
Keep Alive Check
0
Total Heap: 324700 bytes
Free Heap: 159956 bytes
Used Heap: 164748 bytes
0
Total Heap: 324704 bytes
Free Heap: 159860 bytes
Used Heap: 164844 bytes
0
Total Heap: 324704 bytes
Free Heap: 159860 bytes
Used Heap: 164844 bytes
0
Total Heap: 324704 bytes
Free Heap: 159868 bytes
Used Heap: 164836 bytes
0
Total Heap: 324704 bytes
Free Heap: 159868 bytes
Used Heap: 164856 bytes
0
Total Heap: 324704 bytes
Free Heap: 159868 bytes
Used Heap: 168232 bytes
0
Total Heap: 324704 bytes
Free Heap: 159868 bytes
Used Heap: 164856 bytes
0
Total Heap: 324704 bytes
Free Heap: 159984 bytes
Used Heap: 164724 bytes
0
Total Heap: 324704 bytes
Free Heap: 159984 bytes
Used Heap: 164724 bytes
0
Total Heap: 324704 bytes
Free Heap: 159984 bytes
Used Heap: 164724 bytes
Keep Alive Check
0
Total Heap: 324700 bytes
Free Heap: 159868 bytes
Used Heap: 164720 bytes
0
Total Heap: 324704 bytes
Free Heap: 159984 bytes
Used Heap: 164724 bytes
0
Total Heap: 324704 bytes
Free Heap: 159868 bytes
Used Heap: 164856 bytes
[HTTPS:I] Connection timeout. FID=57
[HTTPS:I] Connection closed. Socket FID=57
0
Total Heap: 324828 bytes
Free Heap: 164148 bytes
Used Heap: 160680 bytes
0
Total Heap: 324832 bytes
Free Heap: 164264 bytes
Used Heap: 160568 bytes
0
Total Heap: 324832 bytes
Free Heap: 164264 bytes
Used Heap: 160588 bytes
0
Total Heap: 324824 bytes
Free Heap: 164128 bytes
Used Heap: 160716 bytes
0
Total Heap: 324828 bytes
Free Heap: 164128 bytes
Used Heap: 160564 bytes
0
Total Heap: 324832 bytes
Free Heap: 164264 bytes
Used Heap: 160568 bytes
0
Total Heap: 324828 bytes
Free Heap: 164128 bytes
Used Heap: 160568 bytes
Keep Alive Check
0
Total Heap: 324828 bytes
Free Heap: 164244 bytes
Used Heap: 160584 bytes
[0;32mI (109893) HTTPS_SERVER: Fin: 1, OpCode: 1 (TEXT), Mask: 1, Len: 1[0m
[HTTPS:I] WS payload: length=1
l
ssh cmd received:
l
ssh command processing finished
[0;32mI (110020) HTTPS_SERVER: Fin: 1, OpCode: 1 (TEXT), Mask: 1, Len: 1[0m
[HTTPS:I] WS payload: length=1
d
ssh cmd received:
d
ssh command processing finished
0
Total Heap: 324816 bytes
Free Heap: 162448 bytes
Used Heap: 160680 bytes
[0;32mI (111095) HTTPS_SERVER: Fin: 1, OpCode: 1 (TEXT), Mask: 1, Len: 1[0m
[HTTPS:I] WS payload: length=1

ssh cmd received:

ssh command processing finished
[0;32mI (111335) HTTPS_SERVER: Fin: 1, OpCode: 1 (TEXT), Mask: 1, Len: 1[0m
[HTTPS:I] WS payload: length=1
s
ssh cmd received:
s
ssh command processing finished
0
Total Heap: 324824 bytes
Free Heap: 164128 bytes
Used Heap: 160564 bytes
0
Total Heap: 324828 bytes
Free Heap: 164128 bytes
Used Heap: 160568 bytes
[0;32mI (112973) HTTPS_SERVER: Fin: 1, OpCode: 1 (TEXT), Mask: 1, Len: 1[0m
[HTTPS:I] WS payload: length=1

ssh cmd received:

ssh command processing finished
0
Total Heap: 324828 bytes
Free Heap: 164264 bytes
Used Heap: 160568 bytes
0
Total Heap: 324828 bytes
Free Heap: 164148 bytes
Used Heap: 160700 bytes
0
Total Heap: 324828 bytes
Free Heap: 164264 bytes
Used Heap: 160568 bytes
0
Total Heap: 324828 bytes
Free Heap: 164148 bytes
Used Heap: 160716 bytes
[0;32mI (117209) HTTPS_SERVER: Fin: 1, OpCode: 1 (TEXT), Mask: 1, Len: 1[0m
[HTTPS:I] WS payload: length=1
c
ssh cmd received:
c
ssh command processing finished
0
Total Heap: 324828 bytes
Free Heap: 164264 bytes
Used Heap: 160568 bytes
[0;32mI (118017) HTTPS_SERVER: Fin: 1, OpCode: 1 (TEXT), Mask: 1, Len: 1[0m
[HTTPS:I] WS payload: length=1
d
ssh cmd received:
d
ssh command processing finished
0
Total Heap: 324832 bytes
Free Heap: 164264 bytes
Used Heap: 160680 bytes
[0;32mI (118756) HTTPS_SERVER: Fin: 1, OpCode: 1 (TEXT), Mask: 1, Len: 1[0m
[HTTPS:I] WS payload: length=1
 
ssh cmd received:
 
ssh command processing finished
[0;32mI (119118) HTTPS_SERVER: Fin: 1, OpCode: 1 (TEXT), Mask: 1, Len: 1[0m
[HTTPS:I] WS payload: length=1
.
ssh cmd received:
.
ssh command processing finished
Keep Alive Check
[0;32mI (119276) HTTPS_SERVER: Fin: 1, OpCode: 1 (TEXT), Mask: 1, Len: 1[0m
[HTTPS:I] WS payload: length=1
.
ssh cmd received:
.
ssh command processing finished
0
Total Heap: 324832 bytes
Free Heap: 163896 bytes
Used Heap: 160804 bytes
[0;32mI (119510) HTTPS_SERVER: Fin: 1, OpCode: 1 (TEXT), Mask: 1, Len: 1[0m
[HTTPS:I] WS payload: length=1
/
ssh cmd received:
/
ssh command processing finished
[0;32mI (120321) HTTPS_SERVER: Fin: 1, OpCode: 1 (TEXT), Mask: 1, Len: 1[0m
[HTTPS:I] WS payload: length=1

ssh cmd received:

ssh command processing finished
0
Total Heap: 324832 bytes
Free Heap: 164264 bytes
Used Heap: 160680 bytes
0
Total Heap: 324824 bytes
Free Heap: 164264 bytes
Used Heap: 160568 bytes
0
Total Heap: 324828 bytes
Free Heap: 164264 bytes
Used Heap: 160568 bytes
0
Total Heap: 324828 bytes
Free Heap: 164264 bytes
Used Heap: 160568 bytes
0
Total Heap: 324836 bytes
Free Heap: 164264 bytes
Used Heap: 160568 bytes
0
Total Heap: 324832 bytes
Free Heap: 164264 bytes
Used Heap: 160588 bytes
0
Total Heap: 324828 bytes
Free Heap: 164264 bytes
Used Heap: 160680 bytes
0
Total Heap: 324828 bytes
Free Heap: 164264 bytes
Used Heap: 160568 bytes
0
Total Heap: 324828 bytes
Free Heap: 164264 bytes
Used Heap: 160568 bytes
Keep Alive Check
0
Total Heap: 324824 bytes
Free Heap: 162680 bytes
Used Heap: 162140 bytes
0
Total Heap: 324816 bytes
Free Heap: 162680 bytes
Used Heap: 162140 bytes
0
Total Heap: 324820 bytes
Free Heap: 162564 bytes
Used Heap: 162252 bytes
0
Total Heap: 324832 bytes
Free Heap: 164264 bytes
Used Heap: 160568 bytes
[0;32mI (133202) HTTPS_SERVER: Fin: 1, OpCode: 1 (TEXT), Mask: 1, Len: 1[0m
[HTTPS:I] WS payload: length=1
e
ssh cmd received:
e
ssh command processing finished
[0;32mI (133508) HTTPS_SERVER: Fin: 1, OpCode: 1 (TEXT), Mask: 1, Len: 1[0m
[HTTPS:I] WS payload: length=1
c
ssh cmd received:
c
ssh command processing finished
0
Total Heap: 324820 bytes
Free Heap: 162584 bytes
Used Heap: 162124 bytes
[0;32mI (134487) HTTPS_SERVER: Fin: 1, OpCode: 1 (TEXT), Mask: 1, Len: 1[0m
[HTTPS:I] WS payload: length=1
h
ssh cmd received:
h
ssh command processing finished
0
Total Heap: 324824 bytes
Free Heap: 162700 bytes
Used Heap: 162124 bytes
[0;32mI (135464) HTTPS_SERVER: Fin: 1, OpCode: 1 (TEXT), Mask: 1, Len: 1[0m
[HTTPS:I] WS payload: length=1

ssh cmd received:

ssh command processing finished
0
Total Heap: 324816 bytes
Free Heap: 162680 bytes
Used Heap: 162140 bytes
[0;32mI (135608) HTTPS_SERVER: Fin: 1, OpCode: 1 (TEXT), Mask: 1, Len: 1[0m
[HTTPS:I] WS payload: length=1

ssh cmd received:

ssh command processing finished
[0;32mI (135811) HTTPS_SERVER: Fin: 1, OpCode: 1 (TEXT), Mask: 1, Len: 1[0m
[HTTPS:I] WS payload: length=1

ssh cmd received:

ssh command processing finished
0
Total Heap: 324832 bytes
Free Heap: 164244 bytes
Used Heap: 160456 bytes
[0;32mI (136789) HTTPS_SERVER: Fin: 1, OpCode: 1 (TEXT), Mask: 1, Len: 1[0m
[HTTPS:I] WS payload: length=1
l
ssh cmd received:
l
ssh command processing finished
[0;32mI (137265) HTTPS_SERVER: Fin: 1, OpCode: 1 (TEXT), Mask: 1, Len: 1[0m
[HTTPS:I] WS payload: length=1
s
ssh cmd received:
s
ssh command processing finished
0
Total Heap: 324828 bytes
Free Heap: 164264 bytes
Used Heap: 160680 bytes
[0;32mI (137921) HTTPS_SERVER: Fin: 1, OpCode: 1 (TEXT), Mask: 1, Len: 1[0m
[HTTPS:I] WS payload: length=1

ssh cmd received:

ssh command processing finished
0
Total Heap: 324828 bytes
Free Heap: 164264 bytes
Used Heap: 160680 bytes
Keep Alive Check
0
Total Heap: 324832 bytes
Free Heap: 164264 bytes
Used Heap: 160568 bytes
0
Total Heap: 324828 bytes
Free Heap: 164148 bytes
Used Heap: 160700 bytes
[0;32mI (141344) HTTPS_SERVER: Fin: 1, OpCode: 1 (TEXT), Mask: 1, Len: 1[0m
[HTTPS:I] WS payload: length=1
e
ssh cmd received:
e
ssh command processing finished
0
Total Heap: 324828 bytes
Free Heap: 164264 bytes
Used Heap: 160680 bytes
[0;32mI (141609) HTTPS_SERVER: Fin: 1, OpCode: 1 (TEXT), Mask: 1, Len: 1[0m
[HTTPS:I] WS payload: length=1
c
ssh cmd received:
c
ssh command processing finished
[0;32mI (141701) HTTPS_SERVER: Fin: 1, OpCode: 1 (TEXT), Mask: 1, Len: 1[0m
[HTTPS:I] WS payload: length=1
h
ssh cmd received:
h
ssh command processing finished
[0;32mI (142042) HTTPS_SERVER: Fin: 1, OpCode: 1 (TEXT), Mask: 1, Len: 1[0m
[HTTPS:I] WS payload: length=1
p
ssh cmd received:
p
ssh command processing finished
[0;32mI (142240) HTTPS_SERVER: Fin: 1, OpCode: 1 (TEXT), Mask: 1, Len: 1[0m
[HTTPS:I] WS payload: length=1
 
ssh cmd received:
 
ssh command processing finished
0
Total Heap: 324828 bytes
Free Heap: 164264 bytes
Used Heap: 160568 bytes
[0;32mI (142877) HTTPS_SERVER: Fin: 1, OpCode: 1 (TEXT), Mask: 1, Len: 1[0m
[HTTPS:I] WS payload: length=1

ssh cmd received:

ssh command processing finished
[0;32mI (143042) HTTPS_SERVER: Fin: 1, OpCode: 1 (TEXT), Mask: 1, Len: 1[0m
[HTTPS:I] WS payload: length=1

ssh cmd received:

ssh command processing finished
0
Total Heap: 324828 bytes
Free Heap: 164148 bytes
Used Heap: 160680 bytes
[0;32mI (143693) HTTPS_SERVER: Fin: 1, OpCode: 1 (TEXT), Mask: 1, Len: 1[0m
[HTTPS:I] WS payload: length=1
o
ssh cmd received:
o
ssh command processing finished
[0;32mI (143860) HTTPS_SERVER: Fin: 1, OpCode: 1 (TEXT), Mask: 1, Len: 1[0m
[HTTPS:I] WS payload: length=1
 
ssh cmd received:
 
ssh command processing finished
0
Total Heap: 324824 bytes
Free Heap: 164244 bytes
Used Heap: 160584 bytes
0
Total Heap: 324828 bytes
Free Heap: 164148 bytes
Used Heap: 160700 bytes
0
Total Heap: 324828 bytes
Free Heap: 164264 bytes
Used Heap: 160568 bytes
0
Total Heap: 324836 bytes
Free Heap: 164264 bytes
Used Heap: 160568 bytes
0
Total Heap: 324828 bytes
Free Heap: 164128 bytes
Used Heap: 160568 bytes
Keep Alive Check
0
Total Heap: 324828 bytes
Free Heap: 164148 bytes
Used Heap: 160564 bytes
[0;32mI (150189) HTTPS_SERVER: Fin: 1, OpCode: 1 (TEXT), Mask: 1, Len: 1[0m
[HTTPS:I] WS payload: length=1
m
ssh cmd received:
m
ssh command processing finished
[0;32mI (150399) HTTPS_SERVER: Fin: 1, OpCode: 1 (TEXT), Mask: 1, Len: 1[0m
[HTTPS:I] WS payload: length=1
e
ssh cmd received:
e
ssh command processing finished
0
Total Heap: 324828 bytes
Free Heap: 164264 bytes
Used Heap: 160684 bytes
0
Total Heap: 324832 bytes
Free Heap: 164244 bytes
Used Heap: 160456 bytes
[0;32mI (151651) HTTPS_SERVER: Fin: 1, OpCode: 1 (TEXT), Mask: 1, Len: 1[0m
[HTTPS:I] WS payload: length=1
p
ssh cmd received:
p
ssh command processing finished
0
Total Heap: 324828 bytes
Free Heap: 164148 bytes
Used Heap: 160680 bytes
[0;32mI (153173) HTTPS_SERVER: Fin: 1, OpCode: 1 (TEXT), Mask: 1, Len: 1[0m
[HTTPS:I] WS payload: length=1

ssh cmd received:

ssh command processing finished
0
Total Heap: 324828 bytes
Free Heap: 162400 bytes
Used Heap: 162380 bytes
0
Total Heap: 324828 bytes
Free Heap: 164264 bytes
Used Heap: 160568 bytes
0
Total Heap: 324828 bytes
Free Heap: 164148 bytes
Used Heap: 160700 bytes
0
Total Heap: 324824 bytes
Free Heap: 164128 bytes
Used Heap: 160584 bytes
0
Total Heap: 324836 bytes
Free Heap: 164264 bytes
Used Heap: 160568 bytes
[0;32mI (158157) HTTPS_SERVER: Fin: 1, OpCode: 1 (TEXT), Mask: 1, Len: 1[0m
[HTTPS:I] WS payload: length=1
m
ssh cmd received:
m
ssh command processing finished
[0;32mI (158304) HTTPS_SERVER: Fin: 1, OpCode: 1 (TEXT), Mask: 1, Len: 1[0m
[HTTPS:I] WS payload: length=1
s
ssh cmd received:
s
ssh command processing finished
0
Total Heap: 324832 bytes
Free Heap: 164264 bytes
Used Heap: 160568 bytes
Keep Alive Check
[0;32mI (159263) HTTPS_SERVER: Fin: 1, OpCode: 1 (TEXT), Mask: 1, Len: 1[0m
[HTTPS:I] WS payload: length=1

ssh cmd received:

ssh command processing finished
[0;32mI (159561) HTTPS_SERVER: Fin: 1, OpCode: 1 (TEXT), Mask: 1, Len: 1[0m
[HTTPS:I] WS payload: length=1
a
ssh cmd received:
a
ssh command processing finished
0
Total Heap: 324820 bytes
Free Heap: 162536 bytes
Used Heap: 160588 bytes
[0;32mI (159963) HTTPS_SERVER: Fin: 1, OpCode: 1 (TEXT), Mask: 1, Len: 1[0m
[HTTPS:I] WS payload: length=1
m
ssh cmd received:
m
ssh command processing finished
[0;32mI (160535) HTTPS_SERVER: Fin: 1, OpCode: 1 (TEXT), Mask: 1, Len: 1[0m
[HTTPS:I] WS payload: length=1

ssh cmd received:

ssh command processing finished
[0;32mI (160637) HTTPS_SERVER: Fin: 1, OpCode: 1 (TEXT), Mask: 1, Len: 1[0m
[HTTPS:I] WS payload: length=1
n
ssh cmd received:
n
ssh command processing finished
0
Total Heap: 324832 bytes
Free Heap: 164264 bytes
Used Heap: 160568 bytes
[0;32mI (160914) HTTPS_SERVER: Fin: 1, OpCode: 1 (TEXT), Mask: 1, Len: 1[0m
[HTTPS:I] WS payload: length=1
 
ssh cmd received:
 
ssh command processing finished
[0;32mI (161423) HTTPS_SERVER: Fin: 1, OpCode: 1 (TEXT), Mask: 1, Len: 1[0m
[HTTPS:I] WS payload: length=1
e
ssh cmd received:
e
ssh command processing finished
[0;32mI (161686) HTTPS_SERVER: Fin: 1, OpCode: 1 (TEXT), Mask: 1, Len: 1[0m
[HTTPS:I] WS payload: length=1
c
ssh cmd received:
c
ssh command processing finished
0
Total Heap: 324820 bytes
Free Heap: 162584 bytes
Used Heap: 162124 bytes
[0;32mI (161881) HTTPS_SERVER: Fin: 1, OpCode: 1 (TEXT), Mask: 1, Len: 1[0m
[HTTPS:I] WS payload: length=1
h
ssh cmd received:
h
ssh command processing finished
0
Total Heap: 324824 bytes
Free Heap: 164244 bytes
Used Heap: 160584 bytes
[0;32mI (163439) HTTPS_SERVER: Fin: 1, OpCode: 1 (TEXT), Mask: 1, Len: 1[0m
[HTTPS:I] WS payload: length=1
o
ssh cmd received:
o
ssh command processing finished
0
Total Heap: 324828 bytes
Free Heap: 164264 bytes
Used Heap: 160568 bytes
[0;32mI (163774) HTTPS_SERVER: Fin: 1, OpCode: 1 (TEXT), Mask: 1, Len: 1[0m
[HTTPS:I] WS payload: length=1

ssh cmd received:

ssh command processing finished
0
Total Heap: 324816 bytes
Free Heap: 164128 bytes
Used Heap: 160584 bytes
0
Total Heap: 324828 bytes
Free Heap: 164128 bytes
Used Heap: 160564 bytes
0
Total Heap: 324828 bytes
Free Heap: 164148 bytes
Used Heap: 160700 bytes
0
Total Heap: 324824 bytes
Free Heap: 164128 bytes
Used Heap: 160584 bytes
0
Total Heap: 324824 bytes
Free Heap: 164108 bytes
Used Heap: 160584 bytes
Keep Alive Check
0
Total Heap: 324828 bytes
Free Heap: 164148 bytes
Used Heap: 160564 bytes
0
Total Heap: 324832 bytes
Free Heap: 164264 bytes
Used Heap: 160588 bytes
0
Total Heap: 324836 bytes
Free Heap: 164264 bytes
Used Heap: 160568 bytes
0
Total Heap: 324828 bytes
Free Heap: 164148 bytes
Used Heap: 160700 bytes
0
Total Heap: 324828 bytes
Free Heap: 164264 bytes
Used Heap: 160568 bytes
0
Total Heap: 324828 bytes
Free Heap: 164128 bytes
Used Heap: 160568 bytes
0
Total Heap: 324828 bytes
Free Heap: 164148 bytes
Used Heap: 160700 bytes
0
Total Heap: 324828 bytes
Free Heap: 164252 bytes
Used Heap: 160580 bytes
0
Total Heap: 324824 bytes
Free Heap: 164108 bytes
Used Heap: 160584 bytes
0
Total Heap: 324828 bytes
Free Heap: 164148 bytes
Used Heap: 160700 bytes
Keep Alive Check
0
Total Heap: 324824 bytes
Free Heap: 160680 bytes
Used Heap: 162396 bytes
0
Total Heap: 324828 bytes
Free Heap: 164128 bytes
Used Heap: 160568 bytes
0
Total Heap: 324828 bytes
Free Heap: 164264 bytes
Used Heap: 160568 bytes
0
Total Heap: 324828 bytes
Free Heap: 164264 bytes
Used Heap: 160568 bytes
0
Total Heap: 324828 bytes
Free Heap: 164148 bytes
Used Heap: 162396 bytes
0
Total Heap: 324828 bytes
Free Heap: 164128 bytes
Used Heap: 160564 bytes
0
Total Heap: 324820 bytes
Free Heap: 164148 bytes
Used Heap: 162376 bytes
0
Total Heap: 324828 bytes
Free Heap: 164148 bytes
Used Heap: 160700 bytes
0
Total Heap: 324828 bytes
Free Heap: 164264 bytes
Used Heap: 160568 bytes
0
Total Heap: 324828 bytes
Free Heap: 164128 bytes
Used Heap: 160564 bytes
Keep Alive Check
0
Total Heap: 324812 bytes
Free Heap: 162568 bytes
Used Heap: 162280 bytes
0
Total Heap: 324828 bytes
Free Heap: 164128 bytes
Used Heap: 162268 bytes
0
Total Heap: 324828 bytes
Free Heap: 164148 bytes
Used Heap: 160700 bytes
0
Total Heap: 324828 bytes
Free Heap: 164264 bytes
Used Heap: 160568 bytes
0
Total Heap: 324828 bytes
Free Heap: 164128 bytes
Used Heap: 160568 bytes
0
Total Heap: 324824 bytes
Free Heap: 164108 bytes
Used Heap: 160584 bytes
0
Total Heap: 324836 bytes
Free Heap: 164264 bytes
Used Heap: 160568 bytes
0
Total Heap: 324824 bytes
Free Heap: 164244 bytes
Used Heap: 160584 bytes
[0;32mI (197157) HTTPS_SERVER: Fin: 1, OpCode: 1 (TEXT), Mask: 1, Len: 3[0m
[HTTPS:I] WS payload: length=3
OB
ssh cmd received:
OB
[0;32mI (197176) HTTPS_SERVER: Fin: 1, OpCode: 1 (TEXT), Mask: 1, Len: 6[0m
[HTTPS:I] ssh command processing finished
WS payload: length=6
OBOB
ssh cmd received:
OBOB
[0;32mI (197191) HTTPS_SERVER: Fin: 1, OpCode: 1 (TEXT), Mask: 1, Len: 3[0m
ssh command processing finished
[HTTPS:I] WS payload: length=3
OB
ssh cmd received:
OB
ssh command processing finished
[0;32mI (197217) HTTPS_SERVER: Fin: 1, OpCode: 1 (TEXT), Mask: 1, Len: 3[0m
[HTTPS:I] WS payload: length=3
OB
ssh cmd received:
OB
ssh command processing finished
[0;32mI (197233) HTTPS_SERVER: Fin: 1, OpCode: 1 (TEXT), Mask: 1, Len: 3[0m
[HTTPS:I] WS payload: length=3
OB
ssh cmd received:
OB
ssh command processing finished
[0;32mI (197248) HTTPS_SERVER: Fin: 1, OpCode: 1 (TEXT), Mask: 1, Len: 3[0m
[HTTPS:I] WS payload: length=3
OB
ssh cmd received:
OB
ssh command processing finished
[0;32mI (197264) HTTPS_SERVER: Fin: 1, OpCode: 1 (TEXT), Mask: 1, Len: 3[0m
[HTTPS:I] WS payload: length=3
OB
ssh cmd received:
OB
ssh command processing finished
[0;32mI (197283) HTTPS_SERVER: Fin: 1, OpCode: 1 (TEXT), Mask: 1, Len: 3[0m
[HTTPS:I] WS payload: length=3
OB
ssh cmd received:
OB
ssh command processing finished
0
Total Heap: 324828 bytes
Free Heap: 164264 bytes
Used Heap: 160680 bytes
0
Total Heap: 324824 bytes
Free Heap: 164108 bytes
Used Heap: 160584 bytes
Keep Alive Check
0
Total Heap: 324828 bytes
Free Heap: 164128 bytes
Used Heap: 160564 bytes
[0;32mI (199967) HTTPS_SERVER: Fin: 1, OpCode: 1 (TEXT), Mask: 1, Len: 3[0m
[HTTPS:I] WS payload: length=3
OB
ssh cmd received:
OB
ssh command processing finished[0;32mI (199986) HTTPS_SERVER: Fin: 1, OpCode: 1 (TEXT), Mask: 1, Len: 3[0m

[HTTPS:I] WS payload: length=3
OB
ssh cmd received:
OB
ssh command processing finished
[0;32mI (199999) HTTPS_SERVER: Fin: 1, OpCode: 1 (TEXT), Mask: 1, Len: 3[0m
[HTTPS:I] WS payload: length=3
OB
ssh cmd received:
OB
ssh command processing finished
[0;32mI (200023) HTTPS_SERVER: Fin: 1, OpCode: 1 (TEXT), Mask: 1, Len: 3[0m
[HTTPS:I] WS payload: length=3
OB
ssh cmd received:
OB
ssh command processing finished
[0;32mI (200082) HTTPS_SERVER: Fin: 1, OpCode: 1 (TEXT), Mask: 1, Len: 3[0m
[HTTPS:I] WS payload: length=3
OB
ssh cmd received:
OB
ssh command processing finished
[0;32mI (200663) HTTPS_SERVER: Fin: 1, OpCode: 1 (TEXT), Mask: 1, Len: 3[0m
[HTTPS:I] WS payload: length=3
OB
ssh cmd received:
OB
ssh command processing finished
[0;32mI (200683) HTTPS_SERVER: Fin: 1, OpCode: 1 (TEXT), Mask: 1, Len: 3[0m
[HTTPS:I] WS payload: length=3
OB
ssh cmd received:
OB
ssh command processing finished
[0;32mI (200704) HTTPS_SERVER: Fin: 1, OpCode: 1 (TEXT), Mask: 1, Len: 3[0m
[HTTPS:I] WS payload: length=3
OB
ssh cmd received:
OB
ssh command processing finished
[0;32mI (200720) HTTPS_SERVER: Fin: 1, OpCode: 1 (TEXT), Mask: 1, Len: 3[0m
[HTTPS:I] WS payload: length=3
OB
ssh cmd received:
OB
ssh command processing finished
[0;32mI (200733) HTTPS_SERVER: Fin: 1, OpCode: 1 (TEXT), Mask: 1, Len: 3[0m
[HTTPS:I] WS payload: length=3
OB
ssh cmd received:
OB
ssh command processing finished
[0;32mI (200744) HTTPS_SERVER: Fin: 1, OpCode: 1 (TEXT), Mask: 1, Len: 3[0m
[HTTPS:I] WS payload: length=3
OB
ssh cmd received:
OB
ssh command processing finished
0
Total Heap: 324808 bytes
Free Heap: 161104 bytes
Used Heap: 163708 bytes
[0;32mI (201564) HTTPS_SERVER: Fin: 1, OpCode: 1 (TEXT), Mask: 1, Len: 3[0m
[HTTPS:I] WS payload: length=3
OB
ssh cmd received:
OB
ssh command processing finished
[0;32mI (201582) HTTPS_SERVER: Fin: 1, OpCode: 1 (TEXT), Mask: 1, Len: 3[0m
[HTTPS:I] WS payload: length=3
OB
ssh cmd received:
OB
ssh command processing finished
[0;32mI (201621) HTTPS_SERVER: Fin: 1, OpCode: 1 (TEXT), Mask: 1, Len: 3[0m
[HTTPS:I] WS payload: length=3
OB
ssh cmd received:
OB
ssh command processing finished
[0;32mI (201635) HTTPS_SERVER: Fin: 1, OpCode: 1 (TEXT), Mask: 1, Len: 3[0m
[HTTPS:I] WS payload: length=3
OB
ssh cmd received:
OB
ssh command processing finished
0
Total Heap: 324828 bytes
Free Heap: 161400 bytes
Used Heap: 163476 bytes
0
Total Heap: 324828 bytes
Free Heap: 163240 bytes
Used Heap: 161592 bytes
[0;32mI (202948) HTTPS_SERVER: Fin: 1, OpCode: 1 (TEXT), Mask: 1, Len: 3[0m
[HTTPS:I] WS payload: length=3
OB
ssh cmd received:
OB
ssh command processing finished
[0;32mI (202960) HTTPS_SERVER: Fin: 1, OpCode: 1 (TEXT), Mask: 1, Len: 3[0m
[HTTPS:I] WS payload: length=3
OB
ssh cmd received:
OB
ssh command processing finished
[0;32mI (202983) HTTPS_SERVER: Fin: 1, OpCode: 1 (TEXT), Mask: 1, Len: 3[0m
[HTTPS:I] WS payload: length=3
OB
ssh cmd received:
OB
ssh command processing finished
[0;32mI (202998) HTTPS_SERVER: Fin: 1, OpCode: 1 (TEXT), Mask: 1, Len: 3[0m
[HTTPS:I] WS payload: length=3
OB
ssh cmd received:
OB
ssh command processing finished
[0;32mI (203011) HTTPS_SERVER: Fin: 1, OpCode: 1 (TEXT), Mask: 1, Len: 3[0m
[HTTPS:I] WS payload: length=3
OB
ssh cmd received:
OB
[0;32mI (203026) HTTPS_SERVER: Fin: 1, OpCode: 1 (TEXT), Mask: 1, Len: 3[0m
ssh command processing finished
[HTTPS:I] WS payload: length=3
OB
ssh cmd received:
OB
ssh command processing finished
[0;32mI (203040) HTTPS_SERVER: Fin: 1, OpCode: 1 (TEXT), Mask: 1, Len: 3[0m
[HTTPS:I] WS payload: length=3
OB
ssh cmd received:
OB
ssh command processing finished
[0;32mI (203583) HTTPS_SERVER: Fin: 1, OpCode: 1 (TEXT), Mask: 1, Len: 6[0m
[HTTPS:I] WS payload: length=6
OBOB
ssh cmd received:
OBOB
ssh command processing finished
[0;32mI (203602) HTTPS_SERVER: Fin: 1, OpCode: 1 (TEXT), Mask: 1, Len: 3[0m
[HTTPS:I] WS payload: length=3
OB
ssh cmd received:
OB
ssh command processing finished
[0;32mI (203618) HTTPS_SERVER: Fin: 1, OpCode: 1 (TEXT), Mask: 1, Len: 3[0m
[HTTPS:I] WS payload: length=3
OB
[0;32mI (203633) HTTPS_SERVER: Fin: 1, OpCode: 1 (TEXT), Mask: 1, Len: 3[0m
ssh cmd received:
OB
[HTTPS:I] WS payload: length=3
OB
ssh command processing finished
0
Total Heap: 324832 bytes
Free Heap: 163228 bytes
Used Heap: 161716 bytes
[0;32mI (204144) HTTPS_SERVER: Fin: 1, OpCode: 1 (TEXT), Mask: 1, Len: 6[0m
[HTTPS:I] WS payload: length=6
OBOB
ssh cmd received:
OBOB
ssh command processing finished
[0;32mI (204167) HTTPS_SERVER: Fin: 1, OpCode: 1 (TEXT), Mask: 1, Len: 3[0m
[HTTPS:I] WS payload: length=3
OB
ssh cmd received:
OB
ssh command processing finished
[0;32mI (204183) HTTPS_SERVER: Fin: 1, OpCode: 1 (TEXT), Mask: 1, Len: 3[0m
[HTTPS:I] WS payload: length=3
OB
ssh cmd received:
OB
ssh command processing finished
[0;32mI (204199) HTTPS_SERVER: Fin: 1, OpCode: 1 (TEXT), Mask: 1, Len: 3[0m
[HTTPS:I] WS payload: length=3
OB
ssh cmd received:
OB
ssh command processing finished
[0;32mI (204211) HTTPS_SERVER: Fin: 1, OpCode: 1 (TEXT), Mask: 1, Len: 3[0m
[HTTPS:I] WS payload: length=3
OB
ssh cmd received:
OB
ssh command processing finished
[0;32mI (204224) HTTPS_SERVER: Fin: 1, OpCode: 1 (TEXT), Mask: 1, Len: 3[0m
[HTTPS:I] WS payload: length=3
OB
ssh cmd received:
OB
ssh command processing finished
[0;32mI (204520) HTTPS_SERVER: Fin: 1, OpCode: 1 (TEXT), Mask: 1, Len: 6[0m
[HTTPS:I] WS payload: length=6
OBOB
ssh cmd received:
OBOB
ssh command processing finished
[0;32mI (204540) HTTPS_SERVER: Fin: 1, OpCode: 1 (TEXT), Mask: 1, Len: 6[0m
[HTTPS:I] WS payload: length=6
OBOB
ssh cmd received:
OBOB
[0;32mI (204555) HTTPS_SERVER: Fin: 1, OpCode: 1 (TEXT), Mask: 1, Len: 3[0m
ssh command processing finished
[HTTPS:I] WS payload: length=3
OB
ssh cmd received:
OB
ssh command processing finished
[0;32mI (204574) HTTPS_SERVER: Fin: 1, OpCode: 1 (TEXT), Mask: 1, Len: 6[0m
[HTTPS:I] WS payload: length=6
OBOB
[0;32mI (204586) HTTPS_SERVER: Fin: 1, OpCode: 1 (TEXT), Mask: 1, Len: 3[0m
[HTTPS:I] WS payload: length=3
ssh cmd received:
OBOB
OB
ssh command processing finished
[0;32mI (204601) HTTPS_SERVER: Fin: 1, OpCode: 1 (TEXT), Mask: 1, Len: 3[0m
[HTTPS:I] WS payload: length=3
OB
[0;32mI (204610) HTTPS_SERVER: Fin: 1, OpCode: 1 (TEXT), Mask: 1, Len: 3[0m
[HTTPS:I] WS payload: length=3
ssh cmd received:
OB
OB
ssh command processing finished
[0;32mI (204879) HTTPS_SERVER: Fin: 1, OpCode: 1 (TEXT), Mask: 1, Len: 3[0m
[HTTPS:I] WS payload: length=3
OB
ssh cmd received:
OB
ssh command processing finished
[0;32mI (204899) HTTPS_SERVER: Fin: 1, OpCode: 1 (TEXT), Mask: 1, Len: 6[0m
[HTTPS:I] WS payload: length=6
OBOB
ssh cmd received:
OBOB
ssh command processing finished
0
Total Heap: 324816 bytes
Free Heap: 160104 bytes
Used Heap: 164712 bytes
[0;32mI (204919) HTTPS_SERVER: Fin: 1, OpCode: 1 (TEXT), Mask: 1, Len: 3[0m
[HTTPS:I] WS payload: length=3
OB
ssh cmd received:
OB
ssh command processing finished
[0;32mI (204936) HTTPS_SERVER: Fin: 1, OpCode: 1 (TEXT), Mask: 1, Len: 3[0m
[HTTPS:I] WS payload: length=3
OB
ssh cmd received:
OB
ssh command processing finished
[0;32mI (204947) HTTPS_SERVER: Fin: 1, OpCode: 1 (TEXT), Mask: 1, Len: 6[0m
[HTTPS:I] WS payload: length=6
OBOB
ssh cmd received:
OBOB
[0;32mI (204973) HTTPS_SERVER: Fin: 1, OpCode: 1 (TEXT), Mask: 1, Len: 3[0m
[HTTPS:I] WS payload: length=3
ssh command processing finished
OB
ssh cmd received:
OB
[0;32mI (204985) HTTPS_SERVER: Fin: 1, OpCode: 1 (TEXT), Mask: 1, Len: 3[0m
ssh command processing finished[HTTPS:I] 
WS payload: length=3
OB
[0;32mI (205008) HTTPS_SERVER: Fin: 1, OpCode: 1 (TEXT), Mask: 1, Len: 3[0m
ssh cmd received:
OB
[HTTPS:I] WS payload: length=3
OB
ssh command processing finished
[0;32mI (205240) HTTPS_SERVER: Fin: 1, OpCode: 1 (TEXT), Mask: 1, Len: 3[0m
[HTTPS:I] WS payload: length=3
OB
ssh cmd received:
OB
ssh command processing finished
[0;32mI (205265) HTTPS_SERVER: Fin: 1, OpCode: 1 (TEXT), Mask: 1, Len: 6[0m
[HTTPS:I] WS payload: length=6
OBOB
ssh cmd received:
OBOB
ssh command processing finished
[0;32mI (205289) HTTPS_SERVER: Fin: 1, OpCode: 1 (TEXT), Mask: 1, Len: 3[0m
[HTTPS:I] WS payload: length=3
OB
[0;32mI (205299) HTTPS_SERVER: Fin: 1, OpCode: 1 (TEXT), Mask: 1, Len: 3[0m
ssh cmd received:
[HTTPS:I] OB
WS payload: length=3
OB
ssh command processing finished
[0;32mI (205311) HTTPS_SERVER: Fin: 1, OpCode: 1 (TEXT), Mask: 1, Len: 6[0m
[HTTPS:I] WS payload: length=6
OBOB
ssh cmd received:
OBOB
ssh command processing finished
[0;32mI (205325) HTTPS_SERVER: Fin: 1, OpCode: 1 (TEXT), Mask: 1, Len: 3[0m
[HTTPS:I] WS payload: length=3
OB
ssh cmd received:
OB
ssh command processing finished
[0;32mI (205347) HTTPS_SERVER: Fin: 1, OpCode: 1 (TEXT), Mask: 1, Len: 3[0m
[HTTPS:I] WS payload: length=3
OB
ssh cmd received:
OB
ssh command processing finished
0
Total Heap: 324828 bytes
Free Heap: 163240 bytes
Used Heap: 161592 bytes
[0;32mI (205941) HTTPS_SERVER: Fin: 1, OpCode: 1 (TEXT), Mask: 1, Len: 6[0m
[HTTPS:I] WS payload: length=6
OBOB
ssh cmd received:
OBOB
ssh command processing finished
[0;32mI (205959) HTTPS_SERVER: Fin: 1, OpCode: 1 (TEXT), Mask: 1, Len: 3[0m
[HTTPS:I] WS payload: length=3
OB
ssh cmd received:
OB
ssh command processing finished
[0;32mI (205980) HTTPS_SERVER: Fin: 1, OpCode: 1 (TEXT), Mask: 1, Len: 6[0m
[HTTPS:I] WS payload: length=6
OBOB
ssh cmd received:
OBOB
ssh command processing finished
[0;32mI (206000) HTTPS_SERVER: Fin: 1, OpCode: 1 (TEXT), Mask: 1, Len: 3[0m
[HTTPS:I] WS payload: length=3
OB
[0;32mI (206011) HTTPS_SERVER: Fin: 1, OpCode: 1 (TEXT), Mask: 1, Len: 3[0m
[HTTPS:I] WS payload: length=3
OB
ssh cmd received:
OB
[0;32mI (206023) HTTPS_SERVER: Fin: 1, OpCode: 1 (TEXT), Mask: 1, Len: 3[0m
[HTTPS:I] WS payload: length=3
ssh command processing finished
OB
[0;32mI (206032) HTTPS_SERVER: Fin: 1, OpCode: 1 (TEXT), Mask: 1, Len: 3[0m
[HTTPS:I] WS payload: length=3ssh cmd received:

OB
OB
ssh command processing finished
0
Total Heap: 324832 bytes
Free Heap: 163240 bytes
Used Heap: 163292 bytes
[0;32mI (207279) HTTPS_SERVER: Fin: 1, OpCode: 1 (TEXT), Mask: 1, Len: 6[0m
[HTTPS:I] WS payload: length=6
OBOB
ssh cmd received:
OBOB
ssh command processing finished
[0;32mI (207297) HTTPS_SERVER: Fin: 1, OpCode: 1 (TEXT), Mask: 1, Len: 3[0m
[HTTPS:I] WS payload: length=3
OB
ssh cmd received:
OB
ssh command processing finished
[0;32mI (207314) HTTPS_SERVER: Fin: 1, OpCode: 1 (TEXT), Mask: 1, Len: 6[0m
[HTTPS:I] WS payload: length=6
OBOB
ssh cmd received:
OBOB
[0;32mI (207329) HTTPS_SERVER: Fin: 1, OpCode: 1 (TEXT), Mask: 1, Len: 3[0m
ssh command processing finished
[HTTPS:I] WS payload: length=3
OB
ssh cmd received:
OB
[0;32mI (207343) HTTPS_SERVER: Fin: 1, OpCode: 1 (TEXT), Mask: 1, Len: 3[0m
ssh command processing finished
[HTTPS:I] WS payload: length=3
OB
ssh cmd received:
OB
ssh command processing finished
[0;32mI (207362) HTTPS_SERVER: Fin: 1, OpCode: 1 (TEXT), Mask: 1, Len: 6[0m
[HTTPS:I] WS payload: length=6
OBOB
ssh cmd received:
OBOB
[0;32mI (207376) HTTPS_SERVER: Fin: 1, OpCode: 1 (TEXT), Mask: 1, Len: 3[0m
[HTTPS:I] ssh command processing finishedWS payload: length=3

OB
[0;32mI (207386) HTTPS_SERVER: Fin: 1, OpCode: 1 (TEXT), Mask: 1, Len: 3[0m
[HTTPS:I] WS payload: length=3ssh cmd received:

OB
OB
ssh command processing finished
[0;32mI (207898) HTTPS_SERVER: Fin: 1, OpCode: 1 (TEXT), Mask: 1, Len: 3[0m
[HTTPS:I] WS payload: length=3
OB
ssh cmd received:
OB
ssh command processing finished
[0;32mI (207917) HTTPS_SERVER: Fin: 1, OpCode: 1 (TEXT), Mask: 1, Len: 6[0m
[HTTPS:I] WS payload: length=6
0
OBOB
Total Heap: 324804 bytes
Free Heap: 159188 bytes
Used Heap: 168632 bytes
ssh cmd received:
OBOB
[0;32mI (207938) HTTPS_SERVER: Fin: 1, OpCode: 1 (TEXT), Mask: 1, Len: 3[0m
ssh command processing finished
[HTTPS:I] WS payload: length=3
OB
ssh cmd received:
OB
ssh command processing finish[0;32mI (207948) HTTPS_SERVER: Fin: 1, OpCode: 1 (TEXT), Mask: 1, Len: 6[0m
ed
[HTTPS:I] WS payload: length=6
OBOB
ssh cmd received:
OBOB
ssh command processing finished
[0;32mI (207973) HTTPS_SERVER: Fin: 1, OpCode: 1 (TEXT), Mask: 1, Len: 3[0m
[HTTPS:I] WS payload: length=3
OB
ssh cmd received:
OB
ssh command processing finished
[0;32mI (207986) HTTPS_SERVER: Fin: 1, OpCode: 1 (TEXT), Mask: 1, Len: 3[0m
[HTTPS:I] WS payload: length=3
OB
ssh cmd received:
OB
ssh command processing finished
[0;32mI (208001) HTTPS_SERVER: Fin: 1, OpCode: 1 (TEXT), Mask: 1, Len: 3[0m
[HTTPS:I] WS payload: length=3
OB
ssh cmd received:
OB
ssh command processing finished
[0;32mI (208471) HTTPS_SERVER: Fin: 1, OpCode: 1 (TEXT), Mask: 1, Len: 3[0m
[HTTPS:I] WS payload: length=3
OB
ssh cmd received:
OB
ssh command processing finished
[0;32mI (208483) HTTPS_SERVER: Fin: 1, OpCode: 1 (TEXT), Mask: 1, Len: 3[0m
[HTTPS:I] WS payload: length=3
OB
ssh cmd received:
OB
ssh command processing finished
[0;32mI (208501) HTTPS_SERVER: Fin: 1, OpCode: 1 (TEXT), Mask: 1, Len: 3[0m
[HTTPS:I] WS payload: length=3
OB
ssh cmd received:
OB
ssh command processing finished
[0;32mI (208515) HTTPS_SERVER: Fin: 1, OpCode: 1 (TEXT), Mask: 1, Len: 3[0m
[HTTPS:I] WS payload: length=3
OB
ssh cmd received:
OB
ssh command processing finished
0
Total Heap: 324832 bytes
Free Heap: 163220 bytes
Used Heap: 161480 bytes
Keep Alive Check
[0;32mI (209676) HTTPS_SERVER: Fin: 1, OpCode: 1 (TEXT), Mask: 1, Len: 3[0m
[HTTPS:I] WS payload: length=3
OB
ssh cmd received:
OB
ssh command processing finished
0
Total Heap: 324828 bytes
Free Heap: 163240 bytes
Used Heap: 161704 bytes
[0;32mI (210269) HTTPS_SERVER: Fin: 1, OpCode: 1 (TEXT), Mask: 1, Len: 3[0m
[HTTPS:I] WS payload: length=3
OB
ssh cmd received:
OB
[0;32mI (210279) HTTPS_SERVER: Fin: 1, OpCode: 1 (TEXT), Mask: 1, Len: 3[0m
ssh command processing finished[HTTPS:I] 
WS payload: length=3
OB
ssh cmd received:
OB
ssh command processing finished
[0;32mI (210311) HTTPS_SERVER: Fin: 1, OpCode: 1 (TEXT), Mask: 1, Len: 3[0m
[HTTPS:I] WS payload: length=3
OB
ssh cmd received:
OB
ssh command processing finished
[0;32mI (210352) HTTPS_SERVER: Fin: 1, OpCode: 1 (TEXT), Mask: 1, Len: 3[0m
[HTTPS:I] WS payload: length=3
OB
ssh cmd received:
OB
ssh command processing finished
[0;32mI (210395) HTTPS_SERVER: Fin: 1, OpCode: 1 (TEXT), Mask: 1, Len: 3[0m
[HTTPS:I] WS payload: length=3
OB
ssh cmd received:
OB
ssh command processing finished
[0;32mI (210428) HTTPS_SERVER: Fin: 1, OpCode: 1 (TEXT), Mask: 1, Len: 3[0m
[HTTPS:I] WS payload: length=3
OB
ssh cmd received:
OB
ssh command processing finished
[0;32mI (210505) HTTPS_SERVER: Fin: 1, OpCode: 1 (TEXT), Mask: 1, Len: 3[0m
[HTTPS:I] WS payload: length=3
OB
ssh cmd received:
OB
ssh command processing finished
[0;32mI (210521) HTTPS_SERVER: Fin: 1, OpCode: 1 (TEXT), Mask: 1, Len: 3[0m
[HTTPS:I] WS payload: length=3
OB
ssh cmd received:
OB
ssh command processing finished
[0;32mI (210587) HTTPS_SERVER: Fin: 1, OpCode: 1 (TEXT), Mask: 1, Len: 3[0m
[HTTPS:I] WS payload: length=3
OB
ssh cmd received:
OB
ssh command processing finished
[0;32mI (210605) HTTPS_SERVER: Fin: 1, OpCode: 1 (TEXT), Mask: 1, Len: 3[0m
[HTTPS:I] WS payload: length=3
OB
ssh cmd received:
OB
ssh command processing finished
[0;32mI (210662) HTTPS_SERVER: Fin: 1, OpCode: 1 (TEXT), Mask: 1, Len: 3[0m
[HTTPS:I] WS payload: length=3
OB
ssh cmd received:
OB
ssh command processing finished
[0;32mI (210678) HTTPS_SERVER: Fin: 1, OpCode: 1 (TEXT), Mask: 1, Len: 3[0m
[HTTPS:I] WS payload: length=3
OB
ssh cmd received:
OB
ssh command processing finished
[0;32mI (210744) HTTPS_SERVER: Fin: 1, OpCode: 1 (TEXT), Mask: 1, Len: 3[0m
[HTTPS:I] WS payload: length=3
OB
ssh cmd received:
OB
ssh command processing finished
[0;32mI (210761) HTTPS_SERVER: Fin: 1, OpCode: 1 (TEXT), Mask: 1, Len: 3[0m
[HTTPS:I] WS payload: length=3
OB
ssh cmd received:
OB
ssh command processing finished
[0;32mI (210822) HTTPS_SERVER: Fin: 1, OpCode: 1 (TEXT), Mask: 1, Len: 3[0m
[HTTPS:I] WS payload: length=3
OB
ssh cmd received:
OB
ssh command processing finished
[0;32mI (210839) HTTPS_SERVER: Fin: 1, OpCode: 1 (TEXT), Mask: 1, Len: 3[0m
[HTTPS:I] WS payload: length=3
OB
ssh cmd received:
OB
ssh command processing finished
0
Total Heap: 324824 bytes
Free Heap: 163212 bytes
Used Heap: 161616 bytes
0
Total Heap: 324828 bytes
Free Heap: 163124 bytes
Used Heap: 161724 bytes
[0;32mI (212810) HTTPS_SERVER: Fin: 1, OpCode: 1 (TEXT), Mask: 1, Len: 3[0m
[HTTPS:I] WS payload: length=3
OB
ssh cmd received:
OB
ssh command processing finished
0
Total Heap: 324828 bytes
Free Heap: 163228 bytes
Used Heap: 161716 bytes
[0;32mI (213144) HTTPS_SERVER: Fin: 1, OpCode: 1 (TEXT), Mask: 1, Len: 3[0m
[HTTPS:I] WS payload: length=3
OB
ssh cmd received:
OB
ssh command processing finished
[0;32mI (213293) HTTPS_SERVER: Fin: 1, OpCode: 1 (TEXT), Mask: 1, Len: 3[0m
[HTTPS:I] WS payload: length=3
OB
ssh cmd received:
OB
ssh command processing finished
[0;32mI (213492) HTTPS_SERVER: Fin: 1, OpCode: 1 (TEXT), Mask: 1, Len: 3[0m
[HTTPS:I] WS payload: length=3
OB
ssh cmd received:
OB
ssh command processing finished
[0;32mI (213603) HTTPS_SERVER: Fin: 1, OpCode: 1 (TEXT), Mask: 1, Len: 3[0m
[HTTPS:I] WS payload: length=3
OB
ssh cmd received:
OB
ssh command processing finished
[0;32mI (213700) HTTPS_SERVER: Fin: 1, OpCode: 1 (TEXT), Mask: 1, Len: 3[0m
[HTTPS:I] WS payload: length=3
OB
ssh cmd received:
OB
ssh command processing finished
[0;32mI (213872) HTTPS_SERVER: Fin: 1, OpCode: 1 (TEXT), Mask: 1, Len: 3[0m
[HTTPS:I] WS payload: length=3
OB
ssh cmd received:
OB
ssh command processing finished
0
Total Heap: 324820 bytes
Free Heap: 161560 bytes
Used Heap: 163260 bytes
0
Total Heap: 324828 bytes
Free Heap: 163104 bytes
Used Heap: 161708 bytes
0
Total Heap: 324832 bytes
Free Heap: 163124 bytes
Used Heap: 161704 bytes
[0;32mI (216872) HTTPS_SERVER: Fin: 1, OpCode: 1 (TEXT), Mask: 1, Len: 1[0m
[HTTPS:I] WS payload: length=1

ssh cmd received:

ssh command processing finished
0
Total Heap: 324820 bytes
Free Heap: 159860 bytes
Used Heap: 165336 bytes
0
Total Heap: 324828 bytes
Free Heap: 163240 bytes
Used Heap: 161592 bytes
0
Total Heap: 324808 bytes
Free Heap: 163104 bytes
Used Heap: 161720 bytes
Keep Alive Check
[0;32mI (219669) HTTPS_SERVER: Fin: 1, OpCode: 1 (TEXT), Mask: 1, Len: 1[0m
[HTTPS:I] WS payload: length=1

ssh cmd received:

ssh command processing finished
0
Total Heap: 324824 bytes
Free Heap: 163220 bytes
Used Heap: 161608 bytes
[0;32mI (220186) HTTPS_SERVER: Fin: 1, OpCode: 1 (TEXT), Mask: 1, Len: 3[0m
[HTTPS:I] WS payload: length=3
OB
ssh cmd received:
OB
ssh command processing finished
[0;32mI (220210) HTTPS_SERVER: Fin: 1, OpCode: 1 (TEXT), Mask: 1, Len: 3[0m
[HTTPS:I] WS payload: length=3
OB
ssh cmd received:
OB
ssh command processing finished
[0;32mI (220233) HTTPS_SERVER: Fin: 1, OpCode: 1 (TEXT), Mask: 1, Len: 3[0m
[HTTPS:I] WS payload: length=3
OB
ssh cmd received:
OB
ssh command processing finished
[0;32mI (220253) HTTPS_SERVER: Fin: 1, OpCode: 1 (TEXT), Mask: 1, Len: 3[0m
[HTTPS:I] WS payload: length=3
OB
ssh cmd received:
OB
[0;32mI (220267) HTTPS_SERVER: Fin: 1, OpCode: 1 (TEXT), Mask: 1, Len: 3[0m
ssh command processing finished
[HTTPS:I] WS payload: length=3
OB
ssh cmd received:
OB
ssh command processing finished
[0;32mI (220279) HTTPS_SERVER: Fin: 1, OpCode: 1 (TEXT), Mask: 1, Len: 3[0m
[HTTPS:I] WS payload: length=3
OB
ssh cmd received:
OB
ssh command processing finished
[0;32mI (220301) HTTPS_SERVER: Fin: 1, OpCode: 1 (TEXT), Mask: 1, Len: 3[0m
[HTTPS:I] WS payload: length=3
OB
ssh cmd received:
OB
[0;32mI (220314) HTTPS_SERVER: Fin: 1, OpCode: 1 (TEXT), Mask: 1, Len: 3[0m
[HTTPS:I] WS payload: length=3
OB
ssh command processing finished
[0;32mI (220328) HTTPS_SERVER: Fin: 1, OpCode: 1 (TEXT), Mask: 1, Len: 3[0m
[HTTPS:I] WS payload: length=3
OB
ssh cmd received:
OB
ssh command processing finished
[0;32mI (220339) HTTPS_SERVER: Fin: 1, OpCode: 1 (TEXT), Mask: 1, Len: 3[0m
[HTTPS:I] WS payload: length=3
OB
ssh cmd received:
OB
[0;32mI (220362) HTTPS_SERVER: Fin: 1, OpCode: 1 (TEXT), Mask: 1, Len: 3[0m
ssh command processing finished[HTTPS:I] 
WS payload: length=3
OB
ssh cmd received:
OB
ssh command processing finished
[0;32mI (220477) HTTPS_SERVER: Fin: 1, OpCode: 1 (TEXT), Mask: 1, Len: 3[0m
[HTTPS:I] WS payload: length=3
OA
ssh cmd received:
OA
[0;32mI (220491) HTTPS_SERVER: Fin: 1, OpCode: 1 (TEXT), Mask: 1, Len: 3[0m
ssh command processing finished
[HTTPS:I] WS payload: length=3
OA
ssh cmd received:
OA
ssh command processing finished
[0;32mI (220507) HTTPS_SERVER: Fin: 1, OpCode: 1 (TEXT), Mask: 1, Len: 3[0m
[HTTPS:I] WS payload: length=3
OA
ssh cmd received:
OA
ssh command processing finished
[0;32mI (220528) HTTPS_SERVER: Fin: 1, OpCode: 1 (TEXT), Mask: 1, Len: 3[0m
[HTTPS:I] WS payload: length=3
OA
[0;32mI (220542) HTTPS_SERVER: Fin: 1, OpCode: 1 (TEXT), Mask: 1, Len: 3[0m
[HTTPS:I] WS payload: length=3
OA
ssh cmd received:
OA
ssh command processing finished
[0;32mI (220563) HTTPS_SERVER: Fin: 1, OpCode: 1 (TEXT), Mask: 1, Len: 3[0m
[HTTPS:I] WS payload: length=3
OA
ssh cmd received:
OA
ssh command processing finished
[0;32mI (220580) HTTPS_SERVER: Fin: 1, OpCode: 1 (TEXT), Mask: 1, Len: 3[0m
[HTTPS:I] WS payload: length=3
OA
ssh cmd received:
OA
[0;32mI (220592) HTTPS_SERVER: Fin: 1, OpCode: 1 (TEXT), Mask: 1, Len: 3[0m
[HTTPS:I] WS payload: length=3
ssh command processing finished
OA
[0;32mI (220606) HTTPS_SERVER: Fin: 1, OpCode: 1 (TEXT), Mask: 1, Len: 3[0m
[HTTPS:I] ssh cmd received:WS payload: length=3

OA
OA
ssh command processing finished
[0;32mI (220617) HTTPS_SERVER: Fin: 1, OpCode: 1 (TEXT), Mask: 1, Len: 3[0m
[HTTPS:I] WS payload: length=3
OA
ssh cmd received:
OA
[0;32mI (220637) HTTPS_SERVER: Fin: 1, OpCode: 1 (TEXT), Mask: 1, Len: 3[0m
ssh command processing finished
[HTTPS:I] WS payload: length=3
OA
ssh cmd received:
OA
ssh command processing finished
[0;32mI (220660) HTTPS_SERVER: Fin: 1, OpCode: 1 (TEXT), Mask: 1, Len: 3[0m
[HTTPS:I] WS payload: length=3
OA
ssh cmd received:
OA
ssh command processing finished
[0;32mI (220903) HTTPS_SERVER: Fin: 1, OpCode: 1 (TEXT), Mask: 1, Len: 3[0m
[HTTPS:I] WS payload: length=3
OB
ssh cmd received:
OB
ssh command processing finished
[0;32mI (220916) HTTPS_SERVER: Fin: 1, OpCode: 1 (TEXT), Mask: 1, Len: 3[0m
[HTTPS:I] WS payload: length=3
OB
ssh cmd received:
OB
ssh command processing finished
[0;32mI (220936) HTTPS_SERVER: Fin: 1, OpCode: 1 (TEXT), Mask: 1, Len: 3[0m
[HTTPS:I] WS payload: length=3
OB
ssh cmd received:
OB
[0;32mI (220953) HTTPS_SERVER: Fin: 1, OpCode: 1 (TEXT), Mask: 1, Len: 3[0m
ssh command processing finished
[HTTPS:I] WS payload: length=3
OB
ssh cmd received:
OB
ssh command processing finished
[0;32mI (220974) HTTPS_SERVER: Fin: 1, OpCode: 1 (TEXT), Mask: 1, Len: 3[0m
[HTTPS:I] WS payload: length=3
OB
0
Total Heap: 324800 bytes
Free Heap: 158500 bytes
ssh cmd received:
OB
[0;32mI (220999) HTTPS_SERVER: Fin: 1, OpCode: 1 (TEXT), Mask: 1, Len:U 3[0m
sed Heap: 166312 bytes
ssh command processing finished[HTTPS:I] 
WS payload: length=3
OB
ssh cmd received:
[0;32mI (221028) HTTPS_SERVER: Fin: 1, OpCode: 1 (TEXT), Mask: 1, LenOB: 3[0m

[HTTPS:I] WS payload: length=3
OB
ssh command processing finished
[0;32mI (221041) HTTPS_SERVER: Fin: 1, OpCode: 1 (TEXT), Mask: 1, Len: 3[0m
[HTTPS:I] WS payload: length=3
OB
ssh cmd received:
OB
ssh command processing finished
[0;32mI (221054) HTTPS_SERVER: Fin: 1, OpCode: 1 (TEXT), Mask: 1, Len: 3[0m
[HTTPS:I] WS payload: length=3
OB
[0;32mI (221073) HTTPS_SERVER: Fin: 1, OpCode: 1 (TEXT), Mask: 1, Len: 3[0m
ssh cmd received:
OB
[HTTPS:I] WS payload: length=3
ssh command processing finishedOB

[0;32mI (221096) HTTPS_SERVER: Fin: 1, OpCode: 1 (TEXT), Mask: 1, Len: 3[0m
[HTTPS:I] WS payload: length=3
OB
ssh cmd received:
OB
ssh command processing finished
[0;32mI (221108) HTTPS_SERVER: Fin: 1, OpCode: 1 (TEXT), Mask: 1, Len: 3[0m
[HTTPS:I] WS payload: length=3
OB
ssh cmd received:
OB
[0;32mI (221119) HTTPS_SERVER: Fin: 1, OpCode: 1 (TEXT), Mask: 1, Len: 3[0m
[HTTPS:I] WS payload: length=3ssh command processing finished

OB
[0;32mI (221146) HTTPS_SERVER: Fin: 1, OpCode: 1 (TEXT), Mask: 1, Len: 3[0m
[HTTPS:I] WS payload: length=3
OB
ssh cmd received:
OB
[0;32mI (221159) HTTPS_SERVER: Fin: 1, OpCode: 1 (TEXT), Mask: 1, Len: 3[0m
[HTTPS:I] WS payload: length=3
ssh command processing finished
OB
ssh cmd received:
OB
ssh command processing finished
[0;32mI (221173) HTTPS_SERVER: Fin: 1, OpCode: 1 (TEXT), Mask: 1, Len: 3[0m
[HTTPS:I] WS payload: length=3
OB
ssh cmd received:
OB
ssh command processing finished
[0;32mI (221198) HTTPS_SERVER: Fin: 1, OpCode: 1 (TEXT), Mask: 1, Len: 3[0m
[HTTPS:I] WS payload: length=3
OB
ssh cmd received:
OB
ssh command processing finished
[0;32mI (221211) HTTPS_SERVER: Fin: 1, OpCode: 1 (TEXT), Mask: 1, Len: 3[0m
[HTTPS:I] WS payload: length=3
OB
ssh cmd received:
OB
[0;32mI (221221) HTTPS_SERVER: Fin: 1, OpCode: 1 (TEXT), Mask: 1, Len: 3[0m
[HTTPS:I] ssh command processing finished
WS payload: length=3
OB
[0;32mI (221249) HTTPS_SERVER: Fin: 1, OpCode: 1 (TEXT), Mask: 1, Len: 3[0m
[HTTPS:I] WS payload: length=3
OB
ssh cmd received:
OB
[0;32mI (221259) HTTPS_SERVER: Fin: 1, OpCode: 1 (TEXT), Mask: 1, Len: 3[0m
ssh command processing finished[HTTPS:I] 
WS payload: length=3
OB
ssh cmd received:
OB
ssh command processing finished
[0;32mI (221293) HTTPS_SERVER: Fin: 1, OpCode: 1 (TEXT), Mask: 1, Len: 3[0m
[HTTPS:I] WS payload: length=3
OB
ssh cmd received:
OB
ssh command processing finished
[0;32mI (221329) HTTPS_SERVER: Fin: 1, OpCode: 1 (TEXT), Mask: 1, Len: 3[0m
[HTTPS:I] WS payload: length=3
OB
ssh cmd received:
OB
ssh command processing finished
[0;32mI (221412) HTTPS_SERVER: Fin: 1, OpCode: 1 (TEXT), Mask: 1, Len: 3[0m
[HTTPS:I] WS payload: length=3
OB
ssh cmd received:
OB
ssh command processing finished
[0;32mI (221783) HTTPS_SERVER: Fin: 1, OpCode: 1 (TEXT), Mask: 1, Len: 3[0m
[HTTPS:I] WS payload: length=3
OA
ssh cmd received:
OA
ssh command processing finished
[0;32mI (221810) HTTPS_SERVER: Fin: 1, OpCode: 1 (TEXT), Mask: 1, Len: 3[0m
[HTTPS:I] WS payload: length=3
OA
ssh cmd received:
OA
ssh command processing finished
[0;32mI (221838) HTTPS_SERVER: Fin: 1, OpCode: 1 (TEXT), Mask: 1, Len: 3[0m
[HTTPS:I] WS payload: length=3
OA
ssh cmd received:
OA
[0;32mI (221853) HTTPS_SERVER: Fin: 1, OpCode: 1 (TEXT), Mask: 1, Len: 3[0m
ssh command processing finished
[HTTPS:I] WS payload: length=3
OA
ssh cmd received:
OA
ssh command processing finished
[0;32mI (221876) HTTPS_SERVER: Fin: 1, OpCode: 1 (TEXT), Mask: 1, Len: 3[0m
[HTTPS:I] WS payload: length=3
OA
ssh cmd received:
OA
ssh command processing finished
[0;32mI (221901) HTTPS_SERVER: Fin: 1, OpCode: 1 (TEXT), Mask: 1, Len: 3[0m
[HTTPS:I] WS payload: length=3
OA
ssh cmd received:
OA
ssh command processing finished
[0;32mI (221919) HTTPS_SERVER: Fin: 1, OpCode: 1 (TEXT), Mask: 1, Len: 3[0m
[HTTPS:I] WS payload: length=3
OA
ssh cmd received:
OA
ssh command processing finished
[0;32mI (221948) HTTPS_SERVER: Fin: 1, OpCode: 1 (TEXT), Mask: 1, Len: 3[0m
[HTTPS:I] WS payload: length=3
OA
ssh cmd received:
OA
ssh command processing finished
[0;32mI (221978) HTTPS_SERVER: Fin: 1, OpCode: 1 (TEXT), Mask: 1, Len: 3[0m
[HTTPS:I] WS payload: length=3
OA
ssh cmd received:
OA
ssh command processing finished
0
[0;32mI (222007) HTTPS_SERVER: Fin: 1, OpCode: 1 (TEXT), Mask: 1, Len: 3[0m
Total Heap: 324808 bytes
Free Heap: 158416 bytes
Used Heap: 166388 bytes
[HTTPS:I] WS payload: length=3
OA
ssh cmd received:
OA
ssh command processing finished
[0;32mI (222045) HTTPS_SERVER: Fin: 1, OpCode: 1 (TEXT), Mask: 1, Len: 3[0m
[HTTPS:I] WS payload: length=3
OA
ssh cmd received:
OA
ssh command processing finished
[0;32mI (222074) HTTPS_SERVER: Fin: 1, OpCode: 1 (TEXT), Mask: 1, Len: 3[0m
[HTTPS:I] WS payload: length=3
OA
ssh cmd received:
OA
ssh command processing finished
[0;32mI (222091) HTTPS_SERVER: Fin: 1, OpCode: 1 (TEXT), Mask: 1, Len: 3[0m
[HTTPS:I] WS payload: length=3
OA
ssh cmd received:
OA
ssh command processing finished
[0;32mI (222109) HTTPS_SERVER: Fin: 1, OpCode: 1 (TEXT), Mask: 1, Len: 3[0m
[HTTPS:I] WS payload: length=3
OA
ssh cmd received:
OA
ssh command processing finished
[0;32mI (222126) HTTPS_SERVER: Fin: 1, OpCode: 1 (TEXT), Mask: 1, Len: 3[0m
[HTTPS:I] WS payload: length=3
OA
ssh cmd received:
OA
ssh command processing finished
[0;32mI (222142) HTTPS_SERVER: Fin: 1, OpCode: 1 (TEXT), Mask: 1, Len: 3[0m
[HTTPS:I] WS payload: length=3
OA
ssh cmd received:
OA
[0;32mI (222156) HTTPS_SERVER: Fin: 1, OpCode: 1 (TEXT), Mask: 1, Len: 3[0m
[HTTPS:I] WS payload: length=3
OA
ssh command processing finished
[0;32mI (222178) HTTPS_SERVER: Fin: 1, OpCode: 1 (TEXT), Mask: 1, Len: 3[0m
[HTTPS:I] WS payload: length=3
OA
ssh cmd received:
OA
ssh command processing finished
[0;32mI (222200) HTTPS_SERVER: Fin: 1, OpCode: 1 (TEXT), Mask: 1, Len: 3[0m
[HTTPS:I] WS payload: length=3
OA
ssh cmd received:
OA
ssh command processing finished
[0;32mI (222223) HTTPS_SERVER: Fin: 1, OpCode: 1 (TEXT), Mask: 1, Len: 3[0m
[HTTPS:I] WS payload: length=3
OA
ssh cmd received:
OA
ssh command processing finished
[0;32mI (222253) HTTPS_SERVER: Fin: 1, OpCode: 1 (TEXT), Mask: 1, Len: 3[0m
[HTTPS:I] WS payload: length=3
OA
ssh cmd received:
OA
ssh command processing finished
[0;32mI (222319) HTTPS_SERVER: Fin: 1, OpCode: 1 (TEXT), Mask: 1, Len: 3[0m
[HTTPS:I] WS payload: length=3
OA
ssh cmd received:
OA
ssh command processing finished
[0;32mI (222349) HTTPS_SERVER: Fin: 1, OpCode: 1 (TEXT), Mask: 1, Len: 3[0m
[HTTPS:I] WS payload: length=3
OA
ssh cmd received:
OA
ssh command processing finished
[0;32mI (222365) HTTPS_SERVER: Fin: 1, OpCode: 1 (TEXT), Mask: 1, Len: 3[0m
[HTTPS:I] WS payload: length=3
OA
ssh cmd received:
OA
ssh command processing finished
[0;32mI (222389) HTTPS_SERVER: Fin: 1, OpCode: 1 (TEXT), Mask: 1, Len: 3[0m
[HTTPS:I] WS payload: length=3
OA
ssh cmd received:
OA
ssh command processing finished
[0;32mI (222423) HTTPS_SERVER: Fin: 1, OpCode: 1 (TEXT), Mask: 1, Len: 3[0m
[HTTPS:I] WS payload: length=3
OA
ssh cmd received:
OA
ssh command processing finished
[0;32mI (222468) HTTPS_SERVER: Fin: 1, OpCode: 1 (TEXT), Mask: 1, Len: 3[0m
[HTTPS:I] WS payload: length=3
OA
ssh cmd received:
OA
ssh command processing finished
[0;32mI (222663) HTTPS_SERVER: Fin: 1, OpCode: 1 (TEXT), Mask: 1, Len: 3[0m
[HTTPS:I] WS payload: length=3
OB
ssh cmd received:
OB
[0;32mI (222680) HTTPS_SERVER: Fin: 1, OpCode: 1 (TEXT), Mask: 1, Len: 3[0m
[HTTPS:I] ssh command processing finished
WS payload: length=3
OB
ssh cmd received:
OB
ssh command processing finished
[0;32mI (222718) HTTPS_SERVER: Fin: 1, OpCode: 1 (TEXT), Mask: 1, Len: 3[0m
[HTTPS:I] WS payload: length=3
OB
ssh cmd received:
OB
ssh command processing finished
[0;32mI (222732) HTTPS_SERVER: Fin: 1, OpCode: 1 (TEXT), Mask: 1, Len: 3[0m
[HTTPS:I] WS payload: length=3
OB
ssh cmd received:
OB
ssh command processing finished
[0;32mI (222748) HTTPS_SERVER: Fin: 1, OpCode: 1 (TEXT), Mask: 1, Len: 3[0m
[HTTPS:I] WS payload: length=3
OB
ssh cmd received:
OB
ssh command processing finished
[0;32mI (222815) HTTPS_SERVER: Fin: 1, OpCode: 1 (TEXT), Mask: 1, Len: 3[0m
[HTTPS:I] WS payload: length=3
OB
ssh cmd received:
OB
ssh command processing finished
[0;32mI (222829) HTTPS_SERVER: Fin: 1, OpCode: 1 (TEXT), Mask: 1, Len: 3[0m
[HTTPS:I] WS payload: length=3
OB
ssh cmd received:
OB
[0;32mI (222847) HTTPS_SERVER: Fin: 1, OpCode: 1 (TEXT), Mask: 1, Len: 3[0m
[HTTPS:I] WS payload: length=3
ssh command processing finished
OB
ssh cmd received:
OB
[0;32mI (222868) HTTPS_SERVER: Fin: 1, OpCode: 1 (TEXT), Mask: 1, Len: 3[0m
[HTTPS:I] ssh command processing finished
WS payload: length=3
OB
ssh cmd received:
OB
ssh command processing finished
[0;32mI (222906) HTTPS_SERVER: Fin: 1, OpCode: 1 (TEXT), Mask: 1, Len: 3[0m
[HTTPS:I] WS payload: length=3
OB
ssh cmd received:
OB
[0;32mI (222920) HTTPS_SERVER: Fin: 1, OpCode: 1 (TEXT), Mask: 1, Len: 3[0m
ssh command processing finished
[HTTPS:I] WS payload: length=3
OB
ssh cmd received:
OB
ssh command processing finished
[0;32mI (222936) HTTPS_SERVER: Fin: 1, OpCode: 1 (TEXT), Mask: 1, Len: 3[0m
[HTTPS:I] WS payload: length=3
OB
ssh cmd received:
OB
[0;32mI (222953) HTTPS_SERVER: Fin: 1, OpCode: 1 (TEXT), Mask: 1, Len: 3[0m
ssh command processing finished
[HTTPS:I] WS payload: length=3
OB
ssh cmd received:
OB
ssh command processing finished
[0;32mI (222968) HTTPS_SERVER: Fin: 1, OpCode: 1 (TEXT), Mask: 1, Len: 3[0m
[HTTPS:I] WS payload: length=3
OB
ssh cmd received:
OB
ssh command processing finished
[0;32mI (222983) HTTPS_SERVER: Fin: 1, OpCode: 1 (TEXT), Mask: 1, Len: 3[0m
[HTTPS:I] WS payload: length=3
OB
ssh cmd received:
OB
ssh command processing finished
0
Total Heap: 324824 bytes
Free Heap: 161596 bytes
Used Heap: 163040 bytes
[0;32mI (223018) HTTPS_SERVER: Fin: 1, OpCode: 1 (TEXT), Mask: 1, Len: 3[0m
[HTTPS:I] WS payload: length=3
OB
ssh cmd received:
OB
[0;32mI (223036) HTTPS_SERVER: Fin: 1, OpCode: 1 (TEXT), Mask: 1, Len: 3[0m
ssh command processing finished
[HTTPS:I] WS payload: length=3
OB
ssh cmd received:
OB
ssh command processing finished
[0;32mI (223052) HTTPS_SERVER: Fin: 1, OpCode: 1 (TEXT), Mask: 1, Len: 3[0m
[HTTPS:I] WS payload: length=3
OB
ssh cmd received:
OB
ssh command processing finished
[0;32mI (223070) HTTPS_SERVER: Fin: 1, OpCode: 1 (TEXT), Mask: 1, Len: 3[0m
[HTTPS:I] WS payload: length=3
OB
[0;32mI (223088) HTTPS_SERVER: Fin: 1, OpCode: 1 (TEXT), Mask: 1, Len: 3[0m
[HTTPS:I] WS payload: length=3
OB
ssh cmd received:
OB
ssh command processing finished
[0;32mI (223104) HTTPS_SERVER: Fin: 1, OpCode: 1 (TEXT), Mask: 1, Len: 3[0m
[HTTPS:I] WS payload: length=3
OB
ssh cmd received:
OB
ssh command processing finished
[0;32mI (223119) HTTPS_SERVER: Fin: 1, OpCode: 1 (TEXT), Mask: 1, Len: 3[0m
[HTTPS:I] WS payload: length=3
OB
ssh cmd received:
OB
[0;32mI (223135) HTTPS_SERVER: Fin: 1, OpCode: 1 (TEXT), Mask: 1, Len: 3[0m
ssh command processing finished
[HTTPS:I] WS payload: length=3
OB
ssh cmd received:
OB
[0;32mI (223150) HTTPS_SERVER: Fin: 1, OpCode: 1 (TEXT), Mask: 1, Len: 3[0m
[HTTPS:I] ssh command processing finished
WS payload: length=3
OB
ssh cmd received:
OB
[0;32mI (223166) HTTPS_SERVER: Fin: 1, OpCode: 1 (TEXT), Mask: 1, Len: 3[0m
[HTTPS:I] WS payload: length=3
OB
ssh command processing finished
[0;32mI (223180) HTTPS_SERVER: Fin: 1, OpCode: 1 (TEXT), Mask: 1, Len: 3[0m
[HTTPS:I] WS payload: length=3
OB
[0;32mI (223194) HTTPS_SERVER: Fin: 1, OpCode: 1 (TEXT), Mask: 1, Len: 3[0m
[HTTPS:I] WS payload: length=3
ssh cmd received:
OB
OB
ssh command processing finished
[0;32mI (223211) HTTPS_SERVER: Fin: 1, OpCode: 1 (TEXT), Mask: 1, Len: 3[0m
[HTTPS:I] WS payload: length=3
OB
ssh cmd received:
OB
ssh command processing finished
[0;32mI (223223) HTTPS_SERVER: Fin: 1, OpCode: 1 (TEXT), Mask: 1, Len: 3[0m
[HTTPS:I] WS payload: length=3
OB
ssh cmd received:
OB
ssh command processing finished
[0;32mI (223236) HTTPS_SERVER: Fin: 1, OpCode: 1 (TEXT), Mask: 1, Len: 3[0m
[HTTPS:I] WS payload: length=3
OB
ssh cmd received:
OB
[0;32mI (223258) HTTPS_SERVER: Fin: 1, OpCode: 1 (TEXT), Mask: 1, Len: 3[0m
ssh command processing finished
[HTTPS:I] WS payload: length=3
OB
ssh cmd received:
OB
ssh command processing finished
[0;32mI (223530) HTTPS_SERVER: Fin: 1, OpCode: 1 (TEXT), Mask: 1, Len: 3[0m
[HTTPS:I] WS payload: length=3
OB
ssh cmd received:
OB
[0;32mI (223546) HTTPS_SERVER: Fin: 1, OpCode: 1 (TEXT), Mask: 1, Len: 3[0m
ssh command processing finished
[HTTPS:I] WS payload: length=3
OB
ssh cmd received:
OB
[0;32mI (223563) HTTPS_SERVER: Fin: 1, OpCode: 1 (TEXT), Mask: 1, Len: 3[0m
ssh command processing finished
[HTTPS:I] WS payload: length=3
OB
ssh cmd received:
OB
ssh command processing finished
[0;32mI (223577) HTTPS_SERVER: Fin: 1, OpCode: 1 (TEXT), Mask: 1, Len: 3[0m
[HTTPS:I] WS payload: length=3
OB
ssh cmd received:
OB
[0;32mI (223598) HTTPS_SERVER: Fin: 1, OpCode: 1 (TEXT), Mask: 1, Len: 3[0m
[HTTPS:I] ssh command processing finished
WS payload: length=3
OB
[0;32mI (223612) HTTPS_SERVER: Fin: 1, OpCode: 1 (TEXT), Mask: 1, Len: 3[0m
[HTTPS:I] WS payload: length=3
OB
ssh cmd received:
OB
ssh command processing finished
[0;32mI (223632) HTTPS_SERVER: Fin: 1, OpCode: 1 (TEXT), Mask: 1, Len: 3[0m
[HTTPS:I] WS payload: length=3
OB
ssh cmd received:
OB
[0;32mI (223645) HTTPS_SERVER: Fin: 1, OpCode: 1 (TEXT), Mask: 1, Len: 3[0m
[HTTPS:I] WS payload: length=3
ssh command processing finished
OB
ssh cmd received:
OB
[0;32mI (223659) HTTPS_SERVER: Fin: 1, OpCode: 1 (TEXT), Mask: 1, Len: 3[0m
[HTTPS:I] WS payload: length=3
ssh command processing finished
OB
ssh cmd received:
OB
[0;32mI (223671) HTTPS_SERVER: Fin: 1, OpCode: 1 (TEXT), Mask: 1, Len: 3[0m
[HTTPS:I] WS payload: length=3
ssh command processing finished
OB
[0;32mI (223693) HTTPS_SERVER: Fin: 1, OpCode: 1 (TEXT), Mask: 1, Len: 3[0m
ssh cmd received:
OB
[HTTPS:I] WS payload: length=3
OB
ssh command processing finished
[0;32mI (223707) HTTPS_SERVER: Fin: 1, OpCode: 1 (TEXT), Mask: 1, Len: 3[0m
[HTTPS:I] WS payload: length=3
OB
ssh cmd received:
OB
[0;32mI (223725) HTTPS_SERVER: Fin: 1, OpCode: 1 (TEXT), Mask: 1, Len: 3[0m
[HTTPS:I] WS payload: length=3
ssh command processing finished
OB
ssh cmd received:
OB
ssh command processing finished
[0;32mI (223747) HTTPS_SERVER: Fin: 1, OpCode: 1 (TEXT), Mask: 1, Len: 3[0m
[HTTPS:I] WS payload: length=3
OB
ssh cmd received:
OB
ssh command processing finished
0
Total Heap: 324832 bytes
Free Heap: 163356 bytes
Used Heap: 161480 bytes
0
Total Heap: 324832 bytes
Free Heap: 161540 bytes
Used Heap: 163316 bytes
[0;32mI (225643) HTTPS_SERVER: Fin: 1, OpCode: 1 (TEXT), Mask: 1, Len: 1[0m
[HTTPS:I] WS payload: length=1

ssh cmd received:

ssh command processing finished
[0;32mI (225881) HTTPS_SERVER: Fin: 1, OpCode: 1 (TEXT), Mask: 1, Len: 1[0m
[HTTPS:I] WS payload: length=1

ssh cmd received:

ssh command processing finished
[0;32mI (225973) HTTPS_SERVER: Fin: 1, OpCode: 1 (TEXT), Mask: 1, Len: 1[0m
[HTTPS:I] WS payload: length=1

ssh cmd received:

ssh command processing finished
0
Total Heap: 324804 bytes
Free Heap: 159352 bytes
Used Heap: 165460 bytes
[0;32mI (226610) HTTPS_SERVER: Fin: 1, OpCode: 1 (TEXT), Mask: 1, Len: 1[0m
[HTTPS:I] WS payload: length=1

ssh cmd received:

ssh command processing finished
[0;32mI (226802) HTTPS_SERVER: Fin: 1, OpCode: 1 (TEXT), Mask: 1, Len: 1[0m
[HTTPS:I] WS payload: length=1

ssh cmd received:

ssh command processing finished
[0;32mI (226944) HTTPS_SERVER: Fin: 1, OpCode: 1 (TEXT), Mask: 1, Len: 1[0m
[HTTPS:I] WS payload: length=1

ssh cmd received:

ssh command processing finished
0
Total Heap: 324816 bytes
Free Heap: 159600 bytes
Used Heap: 165336 bytes
[0;32mI (227094) HTTPS_SERVER: Fin: 1, OpCode: 1 (TEXT), Mask: 1, Len: 1[0m
[HTTPS:I] WS payload: length=1

ssh cmd received:

ssh command processing finished
[0;32mI (227318) HTTPS_SERVER: Fin: 1, OpCode: 1 (TEXT), Mask: 1, Len: 1[0m
[HTTPS:I] WS payload: length=1

ssh cmd received:

ssh command processing finished
[0;32mI (227451) HTTPS_SERVER: Fin: 1, OpCode: 1 (TEXT), Mask: 1, Len: 1[0m
[HTTPS:I] WS payload: length=1

ssh cmd received:

ssh command processing finished
[0;32mI (227541) HTTPS_SERVER: Fin: 1, OpCode: 1 (TEXT), Mask: 1, Len: 1[0m
[HTTPS:I] WS payload: length=1

ssh cmd received:

ssh command processing finished
[0;32mI (227657) HTTPS_SERVER: Fin: 1, OpCode: 1 (TEXT), Mask: 1, Len: 1[0m
[HTTPS:I] WS payload: length=1

ssh cmd received:

ssh command processing finished
[0;32mI (227822) HTTPS_SERVER: Fin: 1, OpCode: 1 (TEXT), Mask: 1, Len: 1[0m
[HTTPS:I] WS payload: length=1

ssh cmd received:

ssh command processing finished
[0;32mI (227949) HTTPS_SERVER: Fin: 1, OpCode: 1 (TEXT), Mask: 1, Len: 1[0m
[HTTPS:I] WS payload: length=1

ssh cmd received:

ssh command processing finished
0
Total Heap: 324816 bytes
Free Heap: 158052 bytes
Used Heap: 166764 bytes
[0;32mI (228630) HTTPS_SERVER: Fin: 1, OpCode: 1 (TEXT), Mask: 1, Len: 1[0m
[HTTPS:I] WS payload: length=1
c
ssh cmd received:
c
ssh command processing finished
[0;32mI (228744) HTTPS_SERVER: Fin: 1, OpCode: 1 (TEXT), Mask: 1, Len: 1[0m
[HTTPS:I] WS payload: length=1
l
ssh cmd received:
l
ssh command processing finished
[0;32mI (228859) HTTPS_SERVER: Fin: 1, OpCode: 1 (TEXT), Mask: 1, Len: 1[0m
[HTTPS:I] WS payload: length=1
e
ssh cmd received:
e
ssh command processing finished
[0;32mI (228992) HTTPS_SERVER: Fin: 1, OpCode: 1 (TEXT), Mask: 1, Len: 1[0m
[HTTPS:I] WS payload: length=1
a
ssh cmd received:
a
ssh command processing finished
0
Total Heap: 324828 bytes
Free Heap: 161192 bytes
Used Heap: 163640 bytes
[0;32mI (229229) HTTPS_SERVER: Fin: 1, OpCode: 1 (TEXT), Mask: 1, Len: 1[0m
[HTTPS:I] WS payload: length=1
r
ssh cmd received:
r
ssh command processing finished
Keep Alive Check
[0;32mI (229333) HTTPS_SERVER: Fin: 1, OpCode: 1 (TEXT), Mask: 1, Len: 1[0m
[HTTPS:I] WS payload: length=1

ssh cmd received:

ssh command processing finished
0
Total Heap: 324828 bytes
Free Heap: 161192 bytes
Used Heap: 163640 bytes
[0;32mI (230312) HTTPS_SERVER: Fin: 1, OpCode: 1 (TEXT), Mask: 1, Len: 1[0m
[HTTPS:I] WS payload: length=1
e
ssh cmd received:
e
ssh command processing finished
[0;32mI (230365) HTTPS_SERVER: Fin: 1, OpCode: 1 (TEXT), Mask: 1, Len: 1[0m
[HTTPS:I] WS payload: length=1
x
ssh cmd received:
x
ssh command processing finished
[0;32mI (230519) HTTPS_SERVER: Fin: 1, OpCode: 1 (TEXT), Mask: 1, Len: 1[0m
[HTTPS:I] WS payload: length=1
i
ssh cmd received:
i
ssh command processing finished
0
Total Heap: 324832 bytes
Free Heap: 161076 bytes
Used Heap: 163752 bytes
0
Total Heap: 324828 bytes
Free Heap: 161076 bytes
Used Heap: 163772 bytes
[0;32mI (232250) HTTPS_SERVER: Fin: 1, OpCode: 1 (TEXT), Mask: 1, Len: 1[0m
[HTTPS:I] WS payload: length=1
o
ssh cmd received:
o
ssh command processing finished
[0;32mI (232282) HTTPS_SERVER: Fin: 1, OpCode: 1 (TEXT), Mask: 1, Len: 1[0m
[HTTPS:I] WS payload: length=1
t
ssh cmd received:
t
ssh command processing finished
[0;32mI (232597) HTTPS_SERVER: Fin: 1, OpCode: 1 (TEXT), Mask: 1, Len: 1[0m
[HTTPS:I] WS payload: length=1

ssh cmd received:

ssh command processing finished
0
Total Heap: 324832 bytes
Free Heap: 161192 bytes
Used Heap: 163640 bytes
0
Total Heap: 324824 bytes
Free Heap: 161172 bytes
Used Heap: 163656 bytes
[0;32mI (234804) HTTPS_SERVER: Fin: 1, OpCode: 1 (TEXT), Mask: 1, Len: 1[0m
[HTTPS:I] WS payload: length=1

ssh cmd received:

ssh command processing finished
0
Total Heap: 324832 bytes
Free Heap: 161172 bytes
Used Heap: 163528 bytes
[0;32mI (235268) HTTPS_SERVER: Fin: 1, OpCode: 1 (TEXT), Mask: 1, Len: 1[0m
[HTTPS:I] WS payload: length=1

ssh cmd received:

ssh command processing finished
[0;32mI (235391) HTTPS_SERVER: Fin: 1, OpCode: 1 (TEXT), Mask: 1, Len: 1[0m
[HTTPS:I] WS payload: length=1

ssh cmd received:

ssh command processing finished
[0;32mI (236003) HTTPS_SERVER: Fin: 1, OpCode: 1 (TEXT), Mask: 1, Len: 1[0m
[HTTPS:I] WS payload: length=1
e
ssh cmd received:
e
ssh command processing finished
[0;32mI (236040) HTTPS_SERVER: Fin: 1, OpCode: 1 (TEXT), Mask: 1, Len: 1[0m
[HTTPS:I] WS payload: length=1
x
ssh cmd received:
x
ssh command processing finished
0
Total Heap: 324816 bytes
Free Heap: 157948 bytes
Used Heap: 168588 bytes
[0;32mI (236252) HTTPS_SERVER: Fin: 1, OpCode: 1 (TEXT), Mask: 1, Len: 1[0m
[HTTPS:I] WS payload: length=1
i
ssh cmd received:
i
ssh command processing finished
[0;32mI (236353) HTTPS_SERVER: Fin: 1, OpCode: 1 (TEXT), Mask: 1, Len: 1[0m
[HTTPS:I] WS payload: length=1
t
ssh cmd received:
t
ssh command processing finished
[0;32mI (236544) HTTPS_SERVER: Fin: 1, OpCode: 1 (TEXT), Mask: 1, Len: 1[0m
[HTTPS:I] WS payload: length=1

ssh cmd received:

ssh command processing finished
0
Total Heap: 324828 bytes
Free Heap: 161056 bytes
Used Heap: 163640 bytes
0
Total Heap: 324832 bytes
Free Heap: 161076 bytes
Used Heap: 163752 bytes
[0;32mI (238323) HTTPS_SERVER: Fin: 1, OpCode: 1 (TEXT), Mask: 1, Len: 1[0m
[HTTPS:I] WS payload: length=1

ssh cmd received:

ssh command processing finished
[0;32mI (238497) HTTPS_SERVER: Fin: 1, OpCode: 1 (TEXT), Mask: 1, Len: 1[0m
[HTTPS:I] WS payload: length=1

ssh cmd received:

ssh command processing finished
[0;32mI (238690) HTTPS_SERVER: Fin: 1, OpCode: 1 (TEXT), Mask: 1, Len: 1[0m
[HTTPS:I] WS payload: length=1

ssh cmd received:

ssh command processing finished
[0;32mI (238875) HTTPS_SERVER: Fin: 1, OpCode: 1 (TEXT), Mask: 1, Len: 1[0m
[HTTPS:I] WS payload: length=1

ssh cmd received:

ssh command processing finished
[0;32mI (238990) HTTPS_SERVER: Fin: 1, OpCode: 1 (TEXT), Mask: 1, Len: 1[0m
[HTTPS:I] WS payload: length=1

ssh cmd received:

ssh command processing finished
0
Total Heap: 324804 bytes
Free Heap: 151548 bytes
Used Heap: 173108 bytes
[0;32mI (239206) HTTPS_SERVER: Fin: 1, OpCode: 1 (TEXT), Mask: 1, Len: 1[0m
[HTTPS:I] WS payload: length=1

ssh cmd received:

ssh command processing finished
Keep Alive Check
[0;32mI (239381) HTTPS_SERVER: Fin: 1, OpCode: 1 (TEXT), Mask: 1, Len: 1[0m
[HTTPS:I] WS payload: length=1

ssh cmd received:

ssh command processing finished
[0;32mI (239546) HTTPS_SERVER: Fin: 1, OpCode: 1 (TEXT), Mask: 1, Len: 1[0m
[HTTPS:I] WS payload: length=1

ssh cmd received:

ssh command processing finished
[0;32mI (239733) HTTPS_SERVER: Fin: 1, OpCode: 1 (TEXT), Mask: 1, Len: 1[0m
[HTTPS:I] WS payload: length=1

ssh cmd received:

ssh command processing finished
[0;32mI (239923) HTTPS_SERVER: Fin: 1, OpCode: 1 (TEXT), Mask: 1, Len: 1[0m
[HTTPS:I] WS payload: length=1

ssh cmd received:

ssh command processing finished
[0;32mI (240108) HTTPS_SERVER: Fin: 1, OpCode: 1 (TEXT), Mask: 1, Len: 1[0m
0
Total Heap: 324828 bytes
Free Heap: 161188 bytes
Used Heap: 163756 bytes
[HTTPS:I] WS payload: length=1

ssh cmd received:

ssh command processing finished
[0;32mI (240351) HTTPS_SERVER: Fin: 1, OpCode: 1 (TEXT), Mask: 1, Len: 1[0m
[HTTPS:I] WS payload: length=1

ssh cmd received:

ssh command processing finished
[0;32mI (240511) HTTPS_SERVER: Fin: 1, OpCode: 1 (TEXT), Mask: 1, Len: 1[0m
[HTTPS:I] WS payload: length=1

ssh cmd received:

ssh command processing finished
[0;32mI (240632) HTTPS_SERVER: Fin: 1, OpCode: 1 (TEXT), Mask: 1, Len: 1[0m
[HTTPS:I] WS payload: length=1

ssh cmd received:

ssh command processing finished
[0;32mI (240771) HTTPS_SERVER: Fin: 1, OpCode: 1 (TEXT), Mask: 1, Len: 1[0m
[HTTPS:I] WS payload: length=1

ssh cmd received:

ssh command processing finished
[0;32mI (240892) HTTPS_SERVER: Fin: 1, OpCode: 1 (TEXT), Mask: 1, Len: 1[0m
[HTTPS:I] WS payload: length=1

ssh cmd received:

ssh command processing finished
[0;32mI (241093) HTTPS_SERVER: Fin: 1, OpCode: 1 (TEXT), Mask: 1, Len: 1[0m
[HTTPS:I] WS payload: length=1

ssh cmd received:

0
ssh command processing finished
Total Heap: 324816 bytes
Free Heap: 158048 bytes
Used Heap: 166764 bytes
[0;32mI (241200) HTTPS_SERVER: Fin: 1, OpCode: 1 (TEXT), Mask: 1, Len: 1[0m
[HTTPS:I] WS payload: length=1

ssh cmd received:

ssh command processing finished
[0;32mI (241362) HTTPS_SERVER: Fin: 1, OpCode: 1 (TEXT), Mask: 1, Len: 1[0m
[HTTPS:I] WS payload: length=1

ssh cmd received:

ssh command processing finished
[0;32mI (241439) HTTPS_SERVER: Fin: 1, OpCode: 1 (TEXT), Mask: 1, Len: 1[0m
[HTTPS:I] WS payload: length=1

ssh cmd received:

ssh command processing finished
[0;32mI (241519) HTTPS_SERVER: Fin: 1, OpCode: 1 (TEXT), Mask: 1, Len: 1[0m
[HTTPS:I] WS payload: length=1

ssh cmd received:

ssh command processing finished
[0;32mI (241685) HTTPS_SERVER: Fin: 1, OpCode: 1 (TEXT), Mask: 1, Len: 1[0m
[HTTPS:I] WS payload: length=1

ssh cmd received:

ssh command processing finished
[0;32mI (241768) HTTPS_SERVER: Fin: 1, OpCode: 1 (TEXT), Mask: 1, Len: 1[0m
[HTTPS:I] WS payload: length=1

ssh cmd received:

ssh command processing finished
[0;32mI (241864) HTTPS_SERVER: Fin: 1, OpCode: 1 (TEXT), Mask: 1, Len: 1[0m
[HTTPS:I] WS payload: length=1

ssh cmd received:

ssh command processing finished
[0;32mI (241942) HTTPS_SERVER: Fin: 1, OpCode: 1 (TEXT), Mask: 1, Len: 1[0m
[HTTPS:I] WS payload: length=1

ssh cmd received:

ssh command processing finished
[0;32mI (242025) HTTPS_SERVER: Fin: 1, OpCode: 1 (TEXT), Mask: 1, Len: 1[0m
[HTTPS:I] WS payload: length=1

ssh cmd received:

ssh command processing finished
[0;32mI (242106) HTTPS_SERVER: Fin: 1, OpCode: 1 (TEXT), Mask: 1, Len: 1[0m
[HTTPS:I] WS payload: length=1
0
Total Heap: 324800 bytes
Free Heap: 157308 bytes
Used Heap: 167716 bytes

ssh cmd received:

ssh command processing finished
0
Total Heap: 324832 bytes
Free Heap: 161192 bytes
Used Heap: 163752 bytes
[0;32mI (243309) HTTPS_SERVER: Fin: 1, OpCode: 1 (TEXT), Mask: 1, Len: 3[0m
[HTTPS:I] WS payload: length=3
OB
ssh cmd received:
OB
ssh command processing finished
[0;32mI (243326) HTTPS_SERVER: Fin: 1, OpCode: 1 (TEXT), Mask: 1, Len: 3[0m
[HTTPS:I] WS payload: length=3
OB
ssh cmd received:
OB
ssh command processing finished
[0;32mI (243343) HTTPS_SERVER: Fin: 1, OpCode: 1 (TEXT), Mask: 1, Len: 3[0m
[HTTPS:I] WS payload: length=3
OB
ssh cmd received:
OB
ssh command processing finished
[0;32mI (243357) HTTPS_SERVER: Fin: 1, OpCode: 1 (TEXT), Mask: 1, Len: 3[0m
[HTTPS:I] WS payload: length=3
OB
ssh cmd received:
OB
ssh command processing finished
[0;32mI (243438) HTTPS_SERVER: Fin: 1, OpCode: 1 (TEXT), Mask: 1, Len: 3[0m
[HTTPS:I] WS payload: length=3
OA
ssh cmd received:
OA
[0;32mI (243451) HTTPS_SERVER: Fin: 1, OpCode: 1 (TEXT), Mask: 1, Len: 3[0m
ssh command processing finished
[HTTPS:I] WS payload: length=3
OA
[0;32mI (243468) HTTPS_SERVER: Fin: 1, OpCode: 1 (TEXT), Mask: 1, Len: 3[0m
[HTTPS:I] WS payload: length=3
OA
ssh cmd received:
OA
[0;32mI (243480) HTTPS_SERVER: Fin: 1, OpCode: 1 (TEXT), Mask: 1, Len: 3[0m
ssh command processing finished
[HTTPS:I] WS payload: length=3
OA
ssh cmd received:
OA
[0;32mI (243496) HTTPS_SERVER: Fin: 1, OpCode: 1 (TEXT), Mask: 1, Len: 3[0m
ssh command processing finished
[HTTPS:I] WS payload: length=3
OA
ssh cmd received:
OA
ssh command processing finished
[0;32mI (243511) HTTPS_SERVER: Fin: 1, OpCode: 1 (TEXT), Mask: 1, Len: 3[0m
[HTTPS:I] WS payload: length=3
OA
ssh cmd received:
OA
[0;32mI (243531) HTTPS_SERVER: Fin: 1, OpCode: 1 (TEXT), Mask: 1, Len: 3[0m
ssh command processing finished
[HTTPS:I] WS payload: length=3
OA
ssh cmd received:
OA
[0;32mI (243547) HTTPS_SERVER: Fin: 1, OpCode: 1 (TEXT), Mask: 1, Len: 3[0m
ssh command processing finished
[HTTPS:I] WS payload: length=3
OA
ssh cmd received:
OA
ssh command processing finished
[0;32mI (243574) HTTPS_SERVER: Fin: 1, OpCode: 1 (TEXT), Mask: 1, Len: 3[0m
[HTTPS:I] WS payload: length=3
OA
ssh cmd received:
OA
ssh command processing finished
[0;32mI (243605) HTTPS_SERVER: Fin: 1, OpCode: 1 (TEXT), Mask: 1, Len: 3[0m
[HTTPS:I] WS payload: length=3
OA
ssh cmd received:
OA
ssh command processing finished
[0;32mI (243637) HTTPS_SERVER: Fin: 1, OpCode: 1 (TEXT), Mask: 1, Len: 3[0m
[HTTPS:I] WS payload: length=3
OA
ssh cmd received:
OA
ssh command processing finished
0
Total Heap: 324828 bytes
Free Heap: 161192 bytes
Used Heap: 163640 bytes
0
Total Heap: 324828 bytes
Free Heap: 161192 bytes
Used Heap: 163640 bytes
[0;32mI (245533) HTTPS_SERVER: Fin: 1, OpCode: 1 (TEXT), Mask: 1, Len: 1[0m
[HTTPS:I] WS payload: length=1
q
ssh cmd received:
q
ssh command processing finished
0
Total Heap: 324832 bytes
Free Heap: 161056 bytes
Used Heap: 165492 bytes
0
Total Heap: 324828 bytes
Free Heap: 161076 bytes
Used Heap: 163772 bytes
0
Total Heap: 324828 bytes
Free Heap: 161076 bytes
Used Heap: 163772 bytes
0
Total Heap: 324832 bytes
Free Heap: 161076 bytes
Used Heap: 163752 bytes
Keep Alive Check
0
Total Heap: 324828 bytes
Free Heap: 161076 bytes
Used Heap: 163640 bytes
0
Total Heap: 324824 bytes
Free Heap: 161164 bytes
Used Heap: 163664 bytes
0
Total Heap: 324828 bytes
Free Heap: 161192 bytes
Used Heap: 163640 bytes
0
Total Heap: 324828 bytes
Free Heap: 161184 bytes
Used Heap: 163648 bytes
0
Total Heap: 324828 bytes
Free Heap: 161076 bytes
Used Heap: 163772 bytes
0
Total Heap: 324832 bytes
Free Heap: 161192 bytes
Used Heap: 163640 bytes
0
Total Heap: 324832 bytes
Free Heap: 161192 bytes
Used Heap: 163640 bytes
0
Total Heap: 324828 bytes
Free Heap: 161076 bytes
Used Heap: 163772 bytes
0
Total Heap: 324828 bytes
Free Heap: 161056 bytes
Used Heap: 163636 bytes
0
Total Heap: 324828 bytes
Free Heap: 161172 bytes
Used Heap: 163656 bytes
Keep Alive Check
0
Total Heap: 324836 bytes
Free Heap: 161192 bytes
Used Heap: 163640 bytes
0
Total Heap: 324828 bytes
Free Heap: 161076 bytes
Used Heap: 163772 bytes
0
Total Heap: 324828 bytes
Free Heap: 161076 bytes
Used Heap: 163772 bytes
0
Total Heap: 324828 bytes
Free Heap: 161076 bytes
Used Heap: 163772 bytes
0
Total Heap: 324828 bytes
Free Heap: 161192 bytes
Used Heap: 163640 bytes
0
Total Heap: 324828 bytes
Free Heap: 161076 bytes
Used Heap: 163772 bytes
0
Total Heap: 324828 bytes
Free Heap: 161076 bytes
Used Heap: 163772 bytes
0
Total Heap: 324824 bytes
Free Heap: 161056 bytes
Used Heap: 163656 bytes
0
Total Heap: 324832 bytes
Free Heap: 157792 bytes
Used Heap: 163756 bytes
0
Total Heap: 324828 bytes
Free Heap: 161056 bytes
Used Heap: 163640 bytes
Keep Alive Check
0
Total Heap: 324824 bytes
Free Heap: 161172 bytes
Used Heap: 163656 bytes
0
Total Heap: 324828 bytes
Free Heap: 161192 bytes
Used Heap: 163640 bytes
0
Total Heap: 324828 bytes
Free Heap: 161076 bytes
Used Heap: 163772 bytes
0
Total Heap: 324828 bytes
Free Heap: 161056 bytes
Used Heap: 163640 bytes
0
Total Heap: 324828 bytes
Free Heap: 161076 bytes
Used Heap: 167148 bytes
0
Total Heap: 324824 bytes
Free Heap: 161028 bytes
Used Heap: 163656 bytes
0
Total Heap: 324832 bytes
Free Heap: 161192 bytes
Used Heap: 163640 bytes
0
Total Heap: 324832 bytes
Free Heap: 161192 bytes
Used Heap: 163640 bytes
0
Total Heap: 324828 bytes
Free Heap: 161192 bytes
Used Heap: 163640 bytes
[0;32mI (278948) HTTPS_SERVER: Fin: 1, OpCode: 1 (TEXT), Mask: 1, Len: 1[0m
[HTTPS:I] WS payload: length=1
e
ssh cmd received:
e
ssh command processing finished
[0;32mI (279197) HTTPS_SERVER: Fin: 1, OpCode: 1 (TEXT), Mask: 1, Len: 1[0m
[HTTPS:I] WS payload: length=1
c
ssh cmd received:
c
ssh command processing finished
[0;32mI (279242) HTTPS_SERVER: Fin: 1, OpCode: 1 (TEXT), Mask: 1, Len: 1[0m
[HTTPS:I] WS payload: length=1
c
ssh cmd received:
c
ssh command processing finished
0
Total Heap: 324812 bytes
Free Heap: 157940 bytes
Used Heap: 166756 bytes
Keep Alive Check
[0;32mI (279361) HTTPS_SERVER: Fin: 1, OpCode: 1 (TEXT), Mask: 1, Len: 1[0m
[HTTPS:I] WS payload: length=1
h
ssh cmd received:
h
ssh command processing finished
0
Total Heap: 324824 bytes
Free Heap: 161192 bytes
Used Heap: 163640 bytes
[0;32mI (280365) HTTPS_SERVER: Fin: 1, OpCode: 1 (TEXT), Mask: 1, Len: 1[0m
[HTTPS:I] WS payload: length=1

ssh cmd received:

ssh command processing finished
[0;32mI (280447) HTTPS_SERVER: Fin: 1, OpCode: 1 (TEXT), Mask: 1, Len: 1[0m
[HTTPS:I] WS payload: length=1

ssh cmd received:

ssh command processing finished
0
Total Heap: 324828 bytes
Free Heap: 161172 bytes
Used Heap: 163752 bytes
[0;32mI (281323) HTTPS_SERVER: Fin: 1, OpCode: 1 (TEXT), Mask: 1, Len: 1[0m
[HTTPS:I] WS payload: length=1
h
ssh cmd received:
h
ssh command processing finished
[0;32mI (281547) HTTPS_SERVER: Fin: 1, OpCode: 1 (TEXT), Mask: 1, Len: 1[0m
[HTTPS:I] WS payload: length=1
o
ssh cmd received:
o
ssh command processing finished
[0;32mI (281677) HTTPS_SERVER: Fin: 1, OpCode: 1 (TEXT), Mask: 1, Len: 1[0m
[HTTPS:I] WS payload: length=1
 
ssh cmd received:
 
ssh command processing finished
0
Total Heap: 324828 bytes
Free Heap: 161180 bytes
Used Heap: 163764 bytes
0
Total Heap: 324828 bytes
Free Heap: 161064 bytes
Used Heap: 163784 bytes
[0;32mI (283838) HTTPS_SERVER: Fin: 1, OpCode: 1 (TEXT), Mask: 1, Len: 1[0m
[HTTPS:I] WS payload: length=1
m
ssh cmd received:
m
ssh command processing finished
[0;32mI (284070) HTTPS_SERVER: Fin: 1, OpCode: 1 (TEXT), Mask: 1, Len: 1[0m
[HTTPS:I] WS payload: length=1
y
ssh cmd received:
y
ssh command processing finished
[0;32mI (284153) HTTPS_SERVER: Fin: 1, OpCode: 1 (TEXT), Mask: 1, Len: 1[0m
[HTTPS:I] WS payload: length=1
 
ssh cmd received:
 
ssh command processing finished
0
Total Heap: 324828 bytes
Free Heap: 161076 bytes
Used Heap: 163792 bytes
[0;32mI (284335) HTTPS_SERVER: Fin: 1, OpCode: 1 (TEXT), Mask: 1, Len: 1[0m
[HTTPS:I] WS payload: length=1
n
ssh cmd received:
n
ssh command processing finished
[0;32mI (284596) HTTPS_SERVER: Fin: 1, OpCode: 1 (TEXT), Mask: 1, Len: 1[0m
[HTTPS:I] WS payload: length=1
m
ssh cmd received:
m
ssh command processing finished
0
Total Heap: 324832 bytes
Free Heap: 161192 bytes
Used Heap: 163640 bytes
[0;32mI (285521) HTTPS_SERVER: Fin: 1, OpCode: 1 (TEXT), Mask: 1, Len: 1[0m
[HTTPS:I] WS payload: length=1

ssh cmd received:

ssh command processing finished
[0;32mI (285739) HTTPS_SERVER: Fin: 1, OpCode: 1 (TEXT), Mask: 1, Len: 1[0m
[HTTPS:I] WS payload: length=1
a
ssh cmd received:
a
ssh command processing finished
[0;32mI (285846) HTTPS_SERVER: Fin: 1, OpCode: 1 (TEXT), Mask: 1, Len: 1[0m
[HTTPS:I] WS payload: length=1
m
ssh cmd received:
m
ssh command processing finished
[0;32mI (285981) HTTPS_SERVER: Fin: 1, OpCode: 1 (TEXT), Mask: 1, Len: 1[0m
[HTTPS:I] WS payload: length=1
e
ssh cmd received:
e
ssh command processing finished
[0;32mI (286079) HTTPS_SERVER: Fin: 1, OpCode: 1 (TEXT), Mask: 1, Len: 1[0m
[HTTPS:I] WS payload: length=1
 
ssh cmd received:
 
ssh command processing finished
[0;32mI (286248) HTTPS_SERVER: Fin: 1, OpCode: 1 (TEXT), Mask: 1, Len: 1[0m
[HTTPS:I] WS payload: length=1
i
ssh cmd received:
i
ssh command processing finished
0
Total Heap: 324832 bytes
Free Heap: 161192 bytes
Used Heap: 163640 bytes
[0;32mI (286398) HTTPS_SERVER: Fin: 1, OpCode: 1 (TEXT), Mask: 1, Len: 1[0m
[HTTPS:I] WS payload: length=1
s
ssh cmd received:
s
ssh command processing finished
[0;32mI (286447) HTTPS_SERVER: Fin: 1, OpCode: 1 (TEXT), Mask: 1, Len: 1[0m
[HTTPS:I] WS payload: length=1
 
ssh cmd received:
 
ssh command processing finished
[0;32mI (286726) HTTPS_SERVER: Fin: 1, OpCode: 1 (TEXT), Mask: 1, Len: 1[0m
[HTTPS:I] WS payload: length=1
a
ssh cmd received:
a
ssh command processing finished
[0;32mI (286814) HTTPS_SERVER: Fin: 1, OpCode: 1 (TEXT), Mask: 1, Len: 1[0m
[HTTPS:I] WS payload: length=1
;
ssh cmd received:
;
[0;32mI (286825) HTTPS_SERVER: Fin: 1, OpCode: 1 (TEXT), Mask: 1, Len: 1[0m
ssh command processing finished
[HTTPS:I] WS payload: length=1
l
ssh cmd received:
l
ssh command processing finished
[0;32mI (287280) HTTPS_SERVER: Fin: 1, OpCode: 1 (TEXT), Mask: 1, Len: 1[0m
[HTTPS:I] WS payload: length=1

ssh cmd received:

ssh command processing finished
0
Total Heap: 324820 bytes
Free Heap: 159484 bytes
Used Heap: 165196 bytes
[0;32mI (287375) HTTPS_SERVER: Fin: 1, OpCode: 1 (TEXT), Mask: 1, Len: 1[0m
[HTTPS:I] WS payload: length=1

ssh cmd received:

ssh command processing finished
[0;32mI (288143) HTTPS_SERVER: Fin: 1, OpCode: 1 (TEXT), Mask: 1, Len: 1[0m
[HTTPS:I] WS payload: length=1
l
ssh cmd received:
l
ssh command processing finished
[0;32mI (288195) HTTPS_SERVER: Fin: 1, OpCode: 1 (TEXT), Mask: 1, Len: 1[0m
[HTTPS:I] WS payload: length=1
e
ssh cmd received:
e
ssh command processing finished
0
Total Heap: 324824 bytes
Free Heap: 161172 bytes
Used Heap: 163656 bytes
[0;32mI (289068) HTTPS_SERVER: Fin: 1, OpCode: 1 (TEXT), Mask: 1, Len: 1[0m
[HTTPS:I] WS payload: length=1
x
ssh cmd received:
x
ssh command processing finished
Keep Alive Check
0
Total Heap: 324820 bytes
Free Heap: 159484 bytes
Used Heap: 167032 bytes
[0;32mI (289668) HTTPS_SERVER: Fin: 1, OpCode: 1 (TEXT), Mask: 1, Len: 1[0m
[HTTPS:I] WS payload: length=1
 
ssh cmd received:
 
ssh command processing finished
[0;32mI (290294) HTTPS_SERVER: Fin: 1, OpCode: 1 (TEXT), Mask: 1, Len: 1[0m
[HTTPS:I] WS payload: length=1
>
ssh cmd received:
>
ssh command processing finished
0
Total Heap: 324820 bytes
Free Heap: 159732 bytes
Used Heap: 165096 bytes
0
Total Heap: 324828 bytes
Free Heap: 161172 bytes
Used Heap: 163656 bytes
0
Total Heap: 324828 bytes
Free Heap: 161056 bytes
Used Heap: 163640 bytes
0
Total Heap: 324832 bytes
Free Heap: 161192 bytes
Used Heap: 163640 bytes
0
Total Heap: 324828 bytes
Free Heap: 161192 bytes
Used Heap: 163640 bytes
0
Total Heap: 324832 bytes
Free Heap: 161076 bytes
Used Heap: 163752 bytes
0
Total Heap: 324832 bytes
Free Heap: 161192 bytes
Used Heap: 165340 bytes
0
Total Heap: 324828 bytes
Free Heap: 161076 bytes
Used Heap: 163772 bytes
0
Total Heap: 324828 bytes
Free Heap: 161056 bytes
Used Heap: 163636 bytes
[0;32mI (298799) HTTPS_SERVER: Fin: 1, OpCode: 1 (TEXT), Mask: 1, Len: 1[0m
[HTTPS:I] WS payload: length=1
 
ssh cmd received:
 
ssh command processing finished
[0;32mI (299267) HTTPS_SERVER: Fin: 1, OpCode: 1 (TEXT), Mask: 1, Len: 1[0m
[HTTPS:I] WS payload: length=1
j
ssh cmd received:
j
ssh command processing finished
Keep Alive Check
[0;32mI (299419) HTTPS_SERVER: Fin: 1, OpCode: 1 (TEXT), Mask: 1, Len: 1[0m
[HTTPS:I] WS payload: length=1
0
Total Heap: 324808 bytes
Free Heap: 155876 bytes
Used Heap: 168952 bytes
o
ssh cmd received:
o
ssh command processing finished
[0;32mI (299615) HTTPS_SERVER: Fin: 1, OpCode: 1 (TEXT), Mask: 1, Len: 1[0m
[HTTPS:I] WS payload: length=1
k
ssh cmd received:
k
ssh command processing finished
0
Total Heap: 324828 bytes
Free Heap: 161192 bytes
Used Heap: 163752 bytes
[0;32mI (300429) HTTPS_SERVER: Fin: 1, OpCode: 1 (TEXT), Mask: 1, Len: 1[0m
[HTTPS:I] WS payload: length=1
e
ssh cmd received:
e
ssh command processing finished
[0;32mI (301241) HTTPS_SERVER: Fin: 1, OpCode: 1 (TEXT), Mask: 1, Len: 1[0m
[HTTPS:I] WS payload: length=1
.
ssh cmd received:
.
ssh command processing finished
0
Total Heap: 324808 bytes
Free Heap: 157832 bytes
Used Heap: 166980 bytes
[0;32mI (301757) HTTPS_SERVER: Fin: 1, OpCode: 1 (TEXT), Mask: 1, Len: 1[0m
[HTTPS:I] WS payload: length=1
y
ssh cmd received:
y
ssh command processing finished
0
Total Heap: 324828 bytes
Free Heap: 161192 bytes
Used Heap: 163640 bytes
[0;32mI (302736) HTTPS_SERVER: Fin: 1, OpCode: 1 (TEXT), Mask: 1, Len: 1[0m
[HTTPS:I] WS payload: length=1

ssh cmd received:

ssh command processing finished
[0;32mI (303082) HTTPS_SERVER: Fin: 1, OpCode: 1 (TEXT), Mask: 1, Len: 1[0m
[HTTPS:I] WS payload: length=1
t
ssh cmd received:
t
ssh command processing finished
[0;32mI (303219) HTTPS_SERVER: Fin: 1, OpCode: 1 (TEXT), Mask: 1, Len: 1[0m
[HTTPS:I] WS payload: length=1
x
ssh cmd received:
x
ssh command processing finished
[0;32mI (303288) HTTPS_SERVER: Fin: 1, OpCode: 1 (TEXT), Mask: 1, Len: 1[0m
[HTTPS:I] WS payload: length=1
t
ssh cmd received:
t
ssh command processing finished
0
Total Heap: 324812 bytes
Free Heap: 158024 bytes
Used Heap: 166788 bytes
0
Total Heap: 324800 bytes
Free Heap: 157904 bytes
Used Heap: 167012 bytes
[0;32mI (304965) HTTPS_SERVER: Fin: 1, OpCode: 1 (TEXT), Mask: 1, Len: 1[0m
[HTTPS:I] WS payload: length=1

ssh cmd received:

ssh command processing finished
0
Total Heap: 324832 bytes
Free Heap: 161180 bytes
Used Heap: 163764 bytes
0
Total Heap: 324828 bytes
Free Heap: 161076 bytes
Used Heap: 163772 bytes
0
Total Heap: 324824 bytes
Free Heap: 157656 bytes
Used Heap: 165468 bytes
0
Total Heap: 324828 bytes
Free Heap: 161192 bytes
Used Heap: 163640 bytes
Keep Alive Check
0
Total Heap: 324828 bytes
Free Heap: 161056 bytes
Used Heap: 163640 bytes
0
Total Heap: 324824 bytes
Free Heap: 161056 bytes
Used Heap: 163656 bytes
[0;32mI (311297) HTTPS_SERVER: Fin: 1, OpCode: 1 (TEXT), Mask: 1, Len: 1[0m
[HTTPS:I] WS payload: length=1
c
ssh cmd received:
c
ssh command processing finished
0
Total Heap: 324828 bytes
Free Heap: 161076 bytes
Used Heap: 163752 bytes
[0;32mI (311503) HTTPS_SERVER: Fin: 1, OpCode: 1 (TEXT), Mask: 1, Len: 1[0m
[HTTPS:I] WS payload: length=1
d
ssh cmd received:
d
ssh command processing finished
[0;32mI (312229) HTTPS_SERVER: Fin: 1, OpCode: 1 (TEXT), Mask: 1, Len: 1[0m
[HTTPS:I] WS payload: length=1

ssh cmd received:

ssh command processing finished
0
Total Heap: 324820 bytes
Free Heap: 157648 bytes
Used Heap: 167172 bytes
0
Total Heap: 324828 bytes
Free Heap: 161076 bytes
Used Heap: 163772 bytes
[0;32mI (313858) HTTPS_SERVER: Fin: 1, OpCode: 1 (TEXT), Mask: 1, Len: 1[0m
[HTTPS:I] WS payload: length=1
l
ssh cmd received:
l
ssh command processing finished
[0;32mI (314150) HTTPS_SERVER: Fin: 1, OpCode: 1 (TEXT), Mask: 1, Len: 1[0m
[HTTPS:I] WS payload: length=1
s
ssh cmd received:
s
ssh command processing finished
[0;32mI (314465) HTTPS_SERVER: Fin: 1, OpCode: 1 (TEXT), Mask: 1, Len: 1[0m
[HTTPS:I] WS payload: length=1

ssh cmd received:

ssh command processing finished
0
Total Heap: 324820 bytes
Free Heap: 159620 bytes
Used Heap: 165204 bytes
0
Total Heap: 324832 bytes
Free Heap: 161192 bytes
Used Heap: 163752 bytes
[0;32mI (316203) HTTPS_SERVER: Fin: 1, OpCode: 1 (TEXT), Mask: 1, Len: 3[0m
[HTTPS:I] WS payload: length=3
[A
ssh cmd received:
[A
ssh command processing finished
0
Total Heap: 324832 bytes
Free Heap: 161308 bytes
Used Heap: 163528 bytes
[0;32mI (316669) HTTPS_SERVER: Fin: 1, OpCode: 1 (TEXT), Mask: 1, Len: 3[0m
[HTTPS:I] WS payload: length=3
[A
ssh cmd received:
[A
ssh command processing finished
[0;32mI (317301) HTTPS_SERVER: Fin: 1, OpCode: 1 (TEXT), Mask: 1, Len: 3[0m
[HTTPS:I] WS payload: length=3
[A
ssh cmd received:
[A
ssh command processing finished
0
Total Heap: 324828 bytes
Free Heap: 161180 bytes
Used Heap: 163652 bytes
[0;32mI (318144) HTTPS_SERVER: Fin: 1, OpCode: 1 (TEXT), Mask: 1, Len: 1[0m
[HTTPS:I] WS payload: length=1

ssh cmd received:

ssh command processing finished
0
Total Heap: 324816 bytes
Free Heap: 155872 bytes
Used Heap: 167232 bytes
Keep Alive Check
0
Total Heap: 324828 bytes
Free Heap: 161192 bytes
Used Heap: 163640 bytes
0
Total Heap: 324832 bytes
Free Heap: 161192 bytes
Used Heap: 163640 bytes
[0;32mI (321339) HTTPS_SERVER: Fin: 1, OpCode: 1 (TEXT), Mask: 1, Len: 1[0m
[HTTPS:I] WS payload: length=1
c
ssh cmd received:
c
ssh command processing finished
0
Total Heap: 324828 bytes
Free Heap: 161192 bytes
Used Heap: 163752 bytes
[0;32mI (321744) HTTPS_SERVER: Fin: 1, OpCode: 1 (TEXT), Mask: 1, Len: 1[0m
[HTTPS:I] WS payload: length=1
a
ssh cmd received:
a
ssh command processing finished
[0;32mI (321948) HTTPS_SERVER: Fin: 1, OpCode: 1 (TEXT), Mask: 1, Len: 1[0m
[HTTPS:I] WS payload: length=1
t
ssh cmd received:
t
ssh command processing finished
[0;32mI (322104) HTTPS_SERVER: Fin: 1, OpCode: 1 (TEXT), Mask: 1, Len: 1[0m
[HTTPS:I] WS payload: length=1
 
ssh cmd received:
 
ssh command processing finished
0
Total Heap: 324832 bytes
Free Heap: 161192 bytes
Used Heap: 163752 bytes
[0;32mI (323154) HTTPS_SERVER: Fin: 1, OpCode: 1 (TEXT), Mask: 1, Len: 1[0m
[HTTPS:I] WS payload: length=1
j
ssh cmd received:
j
ssh command processing finished
[0;32mI (323384) HTTPS_SERVER: Fin: 1, OpCode: 1 (TEXT), Mask: 1, Len: 1[0m
[HTTPS:I] WS payload: length=1
o
ssh cmd received:
o
ssh command processing finished
0
Total Heap: 324820 bytes
Free Heap: 160904 bytes
Used Heap: 163920 bytes
[0;32mI (323562) HTTPS_SERVER: Fin: 1, OpCode: 1 (TEXT), Mask: 1, Len: 1[0m
[HTTPS:I] WS payload: length=1
k
ssh cmd received:
k
ssh command processing finished
[0;32mI (323684) HTTPS_SERVER: Fin: 1, OpCode: 1 (TEXT), Mask: 1, Len: 1[0m
[HTTPS:I] WS payload: length=1
e
ssh cmd received:
e
ssh command processing finished
[0;32mI (324311) HTTPS_SERVER: Fin: 1, OpCode: 1 (TEXT), Mask: 1, Len: 1[0m
[HTTPS:I] WS payload: length=1
.
ssh cmd received:
.
ssh command processing finished
0
Total Heap: 324816 bytes
Free Heap: 159376 bytes
Used Heap: 163744 bytes
[0;32mI (324617) HTTPS_SERVER: Fin: 1, OpCode: 1 (TEXT), Mask: 1, Len: 1[0m
[HTTPS:I] WS payload: length=1
t
ssh cmd received:
t
ssh command processing finished
[0;32mI (324797) HTTPS_SERVER: Fin: 1, OpCode: 1 (TEXT), Mask: 1, Len: 1[0m
[HTTPS:I] WS payload: length=1
x
ssh cmd received:
x
ssh command processing finished
[0;32mI (324925) HTTPS_SERVER: Fin: 1, OpCode: 1 (TEXT), Mask: 1, Len: 1[0m
[HTTPS:I] WS payload: length=1
t
ssh cmd received:
t
ssh command processing finished
[0;32mI (325546) HTTPS_SERVER: Fin: 1, OpCode: 1 (TEXT), Mask: 1, Len: 1[0m
[HTTPS:I] WS payload: length=1

ssh cmd received:

ssh command processing finished
0
Total Heap: 324824 bytes
Free Heap: 159744 bytes
Used Heap: 165084 bytes
0
Total Heap: 324832 bytes
Free Heap: 161192 bytes
Used Heap: 163640 bytes
0
Total Heap: 324824 bytes
Free Heap: 161028 bytes
Used Heap: 163656 bytes
0
Total Heap: 324828 bytes
Free Heap: 161076 bytes
Used Heap: 163772 bytes
Keep Alive Check
0
Total Heap: 324820 bytes
Free Heap: 161076 bytes
Used Heap: 163752 bytes
0
Total Heap: 324828 bytes
Free Heap: 161056 bytes
Used Heap: 163636 bytes
0
Total Heap: 324828 bytes
Free Heap: 161064 bytes
Used Heap: 163784 bytes
[0;32mI (332564) HTTPS_SERVER: Fin: 1, OpCode: 1 (TEXT), Mask: 1, Len: 1[0m
[HTTPS:I] WS payload: length=1
m
ssh cmd received:
m
ssh command processing finished
0
Total Heap: 324824 bytes
Free Heap: 159616 bytes
Used Heap: 165208 bytes
[0;32mI (332839) HTTPS_SERVER: Fin: 1, OpCode: 1 (TEXT), Mask: 1, Len: 1[0m
[HTTPS:I] WS payload: length=1
e
ssh cmd received:
e
ssh command processing finished
[0;32mI (333012) HTTPS_SERVER: Fin: 1, OpCode: 1 (TEXT), Mask: 1, Len: 1[0m
[HTTPS:I] WS payload: length=1
o
ssh cmd received:
o
ssh command processing finished
[0;32mI (333092) HTTPS_SERVER: Fin: 1, OpCode: 1 (TEXT), Mask: 1, Len: 1[0m
[HTTPS:I] WS payload: length=1
w
ssh cmd received:
w
ssh command processing finished
0
Total Heap: 324824 bytes
Free Heap: 161160 bytes
Used Heap: 163668 bytes
[0;32mI (333748) HTTPS_SERVER: Fin: 1, OpCode: 1 (TEXT), Mask: 1, Len: 1[0m
[HTTPS:I] WS payload: length=1

ssh cmd received:

ssh command processing finished
0
Total Heap: 324824 bytes
Free Heap: 161180 bytes
Used Heap: 163652 bytes
0
Total Heap: 324828 bytes
Free Heap: 161044 bytes
Used Heap: 163780 bytes
0
Total Heap: 324828 bytes
Free Heap: 161064 bytes
Used Heap: 163784 bytes
0
Total Heap: 324828 bytes
Free Heap: 161180 bytes
Used Heap: 163652 bytes
[0;32mI (338270) HTTPS_SERVER: Fin: 1, OpCode: 1 (TEXT), Mask: 1, Len: 1[0m
[HTTPS:I] WS payload: length=1
m
ssh cmd received:
m
ssh command processing finished
[0;32mI (338530) HTTPS_SERVER: Fin: 1, OpCode: 1 (TEXT), Mask: 1, Len: 1[0m
[HTTPS:I] WS payload: length=1
e
ssh cmd received:
e
ssh command processing finished
0
Total Heap: 324828 bytes
Free Heap: 161180 bytes
Used Heap: 163652 bytes
[0;32mI (338746) HTTPS_SERVER: Fin: 1, OpCode: 1 (TEXT), Mask: 1, Len: 1[0m
[HTTPS:I] WS payload: length=1
o
ssh cmd received:
o
ssh command processing finished
[0;32mI (338823) HTTPS_SERVER: Fin: 1, OpCode: 1 (TEXT), Mask: 1, Len: 1[0m
[HTTPS:I] WS payload: length=1
w
ssh cmd received:
w
ssh command processing finished
Keep Alive Check
0
Total Heap: 324824 bytes
Free Heap: 161160 bytes
Used Heap: 163668 bytes
[0;32mI (339864) HTTPS_SERVER: Fin: 1, OpCode: 1 (TEXT), Mask: 1, Len: 1[0m
[HTTPS:I] WS payload: length=1

ssh cmd received:

ssh command processing finished
0
Total Heap: 324828 bytes
Free Heap: 161064 bytes
Used Heap: 165488 bytes
0
Total Heap: 324828 bytes
Free Heap: 161064 bytes
Used Heap: 163784 bytes
0
Total Heap: 324828 bytes
Free Heap: 161064 bytes
Used Heap: 163784 bytes
[0;32mI (342852) HTTPS_SERVER: Fin: 1, OpCode: 1 (TEXT), Mask: 1, Len: 3[0m
[HTTPS:I] WS payload: length=3
[A
ssh cmd received:
[A
ssh command processing finished
[0;32mI (343300) HTTPS_SERVER: Fin: 1, OpCode: 1 (TEXT), Mask: 1, Len: 1[0m
[HTTPS:I] WS payload: length=1

ssh cmd received:

ssh command processing finished
0
Total Heap: 324832 bytes
Free Heap: 161180 bytes
Used Heap: 163652 bytes
[0;32mI (343982) HTTPS_SERVER: Fin: 1, OpCode: 1 (TEXT), Mask: 1, Len: 3[0m
[HTTPS:I] WS payload: length=3
[A
ssh cmd received:
[A
ssh command processing finished
[0;32mI (344354) HTTPS_SERVER: Fin: 1, OpCode: 1 (TEXT), Mask: 1, Len: 1[0m
[HTTPS:I] WS payload: length=1

ssh cmd received:

ssh command processing finished
0
Total Heap: 324828 bytes
Free Heap: 161180 bytes
Used Heap: 163652 bytes
[0;32mI (345377) HTTPS_SERVER: Fin: 1, OpCode: 1 (TEXT), Mask: 1, Len: 3[0m
[HTTPS:I] WS payload: length=3
[A
ssh cmd received:
[A
ssh command processing finished
0
Total Heap: 324828 bytes
Free Heap: 161180 bytes
Used Heap: 163652 bytes
[0;32mI (345843) HTTPS_SERVER: Fin: 1, OpCode: 1 (TEXT), Mask: 1, Len: 1[0m
[HTTPS:I] WS payload: length=1

ssh cmd received:

ssh command processing finished
[0;32mI (346480) HTTPS_SERVER: Fin: 1, OpCode: 1 (TEXT), Mask: 1, Len: 3[0m
[HTTPS:I] WS payload: length=3
[A
ssh cmd received:
[A
ssh command processing finished
0
Total Heap: 324828 bytes
Free Heap: 159352 bytes
Used Heap: 165472 bytes
[0;32mI (347011) HTTPS_SERVER: Fin: 1, OpCode: 1 (TEXT), Mask: 1, Len: 1[0m
[HTTPS:I] WS payload: length=1

ssh cmd received:

ssh command processing finished
0
Total Heap: 324832 bytes
Free Heap: 161180 bytes
Used Heap: 163652 bytes
[0;32mI (348428) HTTPS_SERVER: Fin: 1, OpCode: 1 (TEXT), Mask: 1, Len: 3[0m
[HTTPS:I] WS payload: length=3
[A
ssh cmd received:
[A
ssh command processing finished
0
Total Heap: 324832 bytes
Free Heap: 161180 bytes
Used Heap: 163652 bytes
[0;32mI (348980) HTTPS_SERVER: Fin: 1, OpCode: 1 (TEXT), Mask: 1, Len: 1[0m
[HTTPS:I] WS payload: length=1

ssh cmd received:

ssh command processing finished
Keep Alive Check
0
Total Heap: 324828 bytes
Free Heap: 161180 bytes
Used Heap: 163764 bytes
[0;32mI (349728) HTTPS_SERVER: Fin: 1, OpCode: 1 (TEXT), Mask: 1, Len: 3[0m
[HTTPS:I] WS payload: length=3
[A
ssh cmd received:
[A
ssh command processing finished
[0;32mI (350018) HTTPS_SERVER: Fin: 1, OpCode: 1 (TEXT), Mask: 1, Len: 1[0m
[HTTPS:I] WS payload: length=1

ssh cmd received:

ssh command processing finished
[0;32mI (350600) HTTPS_SERVER: Fin: 1, OpCode: 1 (TEXT), Mask: 1, Len: 3[0m
[HTTPS:I] WS payload: length=3
[A
ssh cmd received:
[A
ssh command processing finished
0
Total Heap: 324820 bytes
Free Heap: 159616 bytes
Used Heap: 165208 bytes
[0;32mI (350949) HTTPS_SERVER: Fin: 1, OpCode: 1 (TEXT), Mask: 1, Len: 1[0m
[HTTPS:I] WS payload: length=1

ssh cmd received:

ssh command processing finished
0
Total Heap: 324832 bytes
Free Heap: 161160 bytes
Used Heap: 165376 bytes
[0;32mI (351743) HTTPS_SERVER: Fin: 1, OpCode: 1 (TEXT), Mask: 1, Len: 3[0m
[HTTPS:I] WS payload: length=3
[A
ssh cmd received:
[A
ssh command processing finished
[0;32mI (351990) HTTPS_SERVER: Fin: 1, OpCode: 1 (TEXT), Mask: 1, Len: 1[0m
[HTTPS:I] WS payload: length=1

ssh cmd received:

ssh command processing finished
0
Total Heap: 324828 bytes
Free Heap: 161180 bytes
Used Heap: 163764 bytes
[0;32mI (352782) HTTPS_SERVER: Fin: 1, OpCode: 1 (TEXT), Mask: 1, Len: 3[0m
[HTTPS:I] WS payload: length=3
[A
ssh cmd received:
[A
ssh command processing finished
[0;32mI (353059) HTTPS_SERVER: Fin: 1, OpCode: 1 (TEXT), Mask: 1, Len: 1[0m
[HTTPS:I] WS payload: length=1

ssh cmd received:

ssh command processing finished
[0;32mI (353702) HTTPS_SERVER: Fin: 1, OpCode: 1 (TEXT), Mask: 1, Len: 3[0m
[HTTPS:I] WS payload: length=3
[A
ssh cmd received:
[A
0
Total Heap: 324820 bytes
ssh command processing finished
Free Heap: 159372 bytes
Used Heap: 165448 bytes
[0;32mI (354211) HTTPS_SERVER: Fin: 1, OpCode: 1 (TEXT), Mask: 1, Len: 1[0m
[HTTPS:I] WS payload: length=1

ssh cmd received:

ssh command processing finished
0
Total Heap: 324824 bytes
Free Heap: 161160 bytes
Used Heap: 163668 bytes
[0;32mI (355059) HTTPS_SERVER: Fin: 1, OpCode: 1 (TEXT), Mask: 1, Len: 3[0m
[HTTPS:I] WS payload: length=3
[A
ssh cmd received:
[A
ssh command processing finished
[0;32mI (355298) HTTPS_SERVER: Fin: 1, OpCode: 1 (TEXT), Mask: 1, Len: 1[0m
[HTTPS:I] WS payload: length=1

ssh cmd received:

ssh command processing finished
0
Total Heap: 324828 bytes
Free Heap: 161180 bytes
Used Heap: 163764 bytes
[0;32mI (355857) HTTPS_SERVER: Fin: 1, OpCode: 1 (TEXT), Mask: 1, Len: 3[0m
[HTTPS:I] WS payload: length=3
[A
ssh cmd received:
[A
ssh command processing finished
[0;32mI (356349) HTTPS_SERVER: Fin: 1, OpCode: 1 (TEXT), Mask: 1, Len: 1[0m
[HTTPS:I] WS payload: length=1

ssh cmd received:

ssh command processing finished
0
Total Heap: 324828 bytes
Free Heap: 161168 bytes
Used Heap: 163664 bytes
[0;32mI (356894) HTTPS_SERVER: Fin: 1, OpCode: 1 (TEXT), Mask: 1, Len: 3[0m
[HTTPS:I] WS payload: length=3
[A
ssh cmd received:
[A
ssh command processing finished
[0;32mI (357206) HTTPS_SERVER: Fin: 1, OpCode: 1 (TEXT), Mask: 1, Len: 1[0m
[HTTPS:I] WS payload: length=1

ssh cmd received:

ssh command processing finished
[0;32mI (357680) HTTPS_SERVER: Fin: 1, OpCode: 1 (TEXT), Mask: 1, Len: 3[0m
[HTTPS:I] WS payload: length=3
[A
ssh cmd received:
[A
ssh command processing finished
0
Total Heap: 324820 bytes
Free Heap: 159488 bytes
Used Heap: 165220 bytes
[0;32mI (358542) HTTPS_SERVER: Fin: 1, OpCode: 1 (TEXT), Mask: 1, Len: 1[0m
[HTTPS:I] WS payload: length=1

ssh cmd received:

ssh command processing finished
0
Total Heap: 324828 bytes
Free Heap: 161064 bytes
Used Heap: 163764 bytes
[0;32mI (359170) HTTPS_SERVER: Fin: 1, OpCode: 1 (TEXT), Mask: 1, Len: 3[0m
[HTTPS:I] WS payload: length=3
[A
ssh cmd received:
[A
ssh command processing finished
Keep Alive Check
[0;32mI (359409) HTTPS_SERVER: Fin: 1, OpCode: 1 (TEXT), Mask: 1, Len: 1[0m
[HTTPS:I] WS payload: length=1

ssh cmd received:

ssh command processing finished
0
Total Heap: 324832 bytes
Free Heap: 161180 bytes
Used Heap: 163768 bytes
[0;32mI (360067) HTTPS_SERVER: Fin: 1, OpCode: 1 (TEXT), Mask: 1, Len: 3[0m
[HTTPS:I] WS payload: length=3
[A
ssh cmd received:
[A
ssh command processing finished
[0;32mI (360373) HTTPS_SERVER: Fin: 1, OpCode: 1 (TEXT), Mask: 1, Len: 1[0m
[HTTPS:I] WS payload: length=1

ssh cmd received:

ssh command processing finished
0
Total Heap: 324832 bytes
Free Heap: 161180 bytes
Used Heap: 163652 bytes
[0;32mI (360972) HTTPS_SERVER: Fin: 1, OpCode: 1 (TEXT), Mask: 1, Len: 3[0m
[HTTPS:I] WS payload: length=3
[A
ssh cmd received:
[A
ssh command processing finished
[0;32mI (361189) HTTPS_SERVER: Fin: 1, OpCode: 1 (TEXT), Mask: 1, Len: 1[0m
[HTTPS:I] WS payload: length=1

ssh cmd received:

ssh command processing finished
0
Total Heap: 324836 bytes
Free Heap: 161296 bytes
Used Heap: 163540 bytes
[0;32mI (361776) HTTPS_SERVER: Fin: 1, OpCode: 1 (TEXT), Mask: 1, Len: 3[0m
[HTTPS:I] WS payload: length=3
[A
ssh cmd received:
[A
ssh command processing finished
[0;32mI (362100) HTTPS_SERVER: Fin: 1, OpCode: 1 (TEXT), Mask: 1, Len: 1[0m
[HTTPS:I] WS payload: length=1

ssh cmd received:

ssh command processing finished
[0;32mI (362626) HTTPS_SERVER: Fin: 1, OpCode: 1 (TEXT), Mask: 1, Len: 3[0m
[HTTPS:I] WS payload: length=3
[A
ssh cmd received:
[A
ssh command processing finished
0
Total Heap: 324820 bytes
Free Heap: 161180 bytes
Used Heap: 165368 bytes
[0;32mI (362881) HTTPS_SERVER: Fin: 1, OpCode: 1 (TEXT), Mask: 1, Len: 1[0m
[HTTPS:I] WS payload: length=1

ssh cmd received:

ssh command processing finished
[0;32mI (363547) HTTPS_SERVER: Fin: 1, OpCode: 1 (TEXT), Mask: 1, Len: 3[0m
[HTTPS:I] WS payload: length=3
[A
ssh cmd received:
[A
ssh command processing finished
[0;32mI (363684) HTTPS_SERVER: Fin: 1, OpCode: 1 (TEXT), Mask: 1, Len: 1[0m
[HTTPS:I] WS payload: length=1

ssh cmd received:

ssh command processing finished
0
Total Heap: 324824 bytes
Free Heap: 159616 bytes
Used Heap: 165240 bytes
0
Total Heap: 324824 bytes
Free Heap: 161160 bytes
Used Heap: 163668 bytes
0
Total Heap: 324828 bytes
Free Heap: 161064 bytes
Used Heap: 163784 bytes
[0;32mI (366186) HTTPS_SERVER: Fin: 1, OpCode: 1 (TEXT), Mask: 1, Len: 3[0m
[HTTPS:I] WS payload: length=3
[A
ssh cmd received:
[A
ssh command processing finished
[0;32mI (366238) HTTPS_SERVER: Fin: 1, OpCode: 1 (TEXT), Mask: 1, Len: 1[0m
[HTTPS:I] WS payload: length=1

ssh cmd received:

ssh command processing finished
0
Total Heap: 324832 bytes
Free Heap: 161180 bytes
Used Heap: 163764 bytes
[0;32mI (367301) HTTPS_SERVER: Fin: 1, OpCode: 1 (TEXT), Mask: 1, Len: 3[0m
[HTTPS:I] WS payload: length=3
[A
ssh cmd received:
[A
ssh command processing finished
[0;32mI (367551) HTTPS_SERVER: Fin: 1, OpCode: 1 (TEXT), Mask: 1, Len: 1[0m
[HTTPS:I] WS payload: length=1

ssh cmd received:

ssh command processing finished
0
Total Heap: 324832 bytes
Free Heap: 161176 bytes
Used Heap: 163656 bytes
0
Total Heap: 324832 bytes
Free Heap: 161176 bytes
Used Heap: 163656 bytes
Keep Alive Check
0
Total Heap: 324828 bytes
Free Heap: 161176 bytes
Used Heap: 163656 bytes
0
Total Heap: 324828 bytes
Free Heap: 161176 bytes
Used Heap: 163656 bytes
0
Total Heap: 324832 bytes
Free Heap: 161292 bytes
Used Heap: 163660 bytes
[0;32mI (372145) HTTPS_SERVER: Fin: 1, OpCode: 1 (TEXT), Mask: 1, Len: 3[0m
[HTTPS:I] WS payload: length=3
[A
ssh cmd received:
[A
ssh command processing finished
[0;32mI (372619) HTTPS_SERVER: Fin: 1, OpCode: 1 (TEXT), Mask: 1, Len: 1[0m
[HTTPS:I] WS payload: length=1

ssh cmd received:

ssh command processing finished
0
Total Heap: 324836 bytes
Free Heap: 161180 bytes
Used Heap: 165352 bytes
[0;32mI (373453) HTTPS_SERVER: Fin: 1, OpCode: 1 (TEXT), Mask: 1, Len: 3[0m
[HTTPS:I] WS payload: length=3
[A
ssh cmd received:
[A
ssh command processing finished
[0;32mI (373630) HTTPS_SERVER: Fin: 1, OpCode: 1 (TEXT), Mask: 1, Len: 1[0m
[HTTPS:I] WS payload: length=1

ssh cmd received:

ssh command processing finished
0
Total Heap: 324828 bytes
Free Heap: 161180 bytes
Used Heap: 163652 bytes
[0;32mI (374187) HTTPS_SERVER: Fin: 1, OpCode: 1 (TEXT), Mask: 1, Len: 3[0m
[HTTPS:I] WS payload: length=3
[A
ssh cmd received:
[A
ssh command processing finished
[0;32mI (374288) HTTPS_SERVER: Fin: 1, OpCode: 1 (TEXT), Mask: 1, Len: 1[0m
[HTTPS:I] WS payload: length=1

ssh cmd received:

ssh command processing finished
0
Total Heap: 324832 bytes
Free Heap: 161180 bytes
Used Heap: 163652 bytes
[0;32mI (375083) HTTPS_SERVER: Fin: 1, OpCode: 1 (TEXT), Mask: 1, Len: 3[0m
[HTTPS:I] WS payload: length=3
[A
ssh cmd received:
[A
ssh command processing finished
[0;32mI (375170) HTTPS_SERVER: Fin: 1, OpCode: 1 (TEXT), Mask: 1, Len: 1[0m
[HTTPS:I] WS payload: length=1

ssh cmd received:

ssh command processing finished
0
Total Heap: 324832 bytes
Free Heap: 161180 bytes
Used Heap: 163768 bytes
0
Total Heap: 324828 bytes
Free Heap: 161180 bytes
Used Heap: 163652 bytes
0
Total Heap: 324828 bytes
Free Heap: 161180 bytes
Used Heap: 163652 bytes
0
Total Heap: 324828 bytes
Free Heap: 161064 bytes
Used Heap: 163764 bytes
Keep Alive Check
0
Total Heap: 324828 bytes
Free Heap: 161064 bytes
Used Heap: 163652 bytes
0
Total Heap: 324828 bytes
Free Heap: 161180 bytes
Used Heap: 163652 bytes
0
Total Heap: 324828 bytes
Free Heap: 161064 bytes
Used Heap: 163784 bytes
0
Total Heap: 324828 bytes
Free Heap: 161296 bytes
Used Heap: 163540 bytes
0
Total Heap: 324828 bytes
Free Heap: 161044 bytes
Used Heap: 163652 bytes
0
Total Heap: 324828 bytes
Free Heap: 161064 bytes
Used Heap: 163784 bytes
0
Total Heap: 324832 bytes
Free Heap: 161180 bytes
Used Heap: 163652 bytes
0
Total Heap: 324828 bytes
Free Heap: 161180 bytes
Used Heap: 163652 bytes
0
Total Heap: 324836 bytes
Free Heap: 161180 bytes
Used Heap: 163652 bytes
0
Total Heap: 324832 bytes
Free Heap: 161064 bytes
Used Heap: 163764 bytes
Keep Alive Check
0
Total Heap: 324828 bytes
Free Heap: 161064 bytes
Used Heap: 163764 bytes
0
Total Heap: 324836 bytes
Free Heap: 161296 bytes
Used Heap: 163540 bytes
0
Total Heap: 324836 bytes
Free Heap: 161180 bytes
Used Heap: 163652 bytes
0
Total Heap: 324828 bytes
Free Heap: 161064 bytes
Used Heap: 163784 bytes
0
Total Heap: 324828 bytes
Free Heap: 161064 bytes
Used Heap: 163784 bytes
0
Total Heap: 324828 bytes
Free Heap: 159316 bytes
Used Heap: 167184 bytes
0
Total Heap: 324820 bytes
Free Heap: 161180 bytes
Used Heap: 165376 bytes
0
Total Heap: 324824 bytes
Free Heap: 161044 bytes
Used Heap: 163668 bytes
0
Total Heap: 324828 bytes
Free Heap: 161064 bytes
Used Heap: 163784 bytes
0
Total Heap: 324832 bytes
Free Heap: 161180 bytes
Used Heap: 163652 bytes
Keep Alive Check
0
Total Heap: 324828 bytes
Free Heap: 161180 bytes
Used Heap: 163652 bytes
0
Total Heap: 324832 bytes
Free Heap: 159480 bytes
Used Heap: 167044 bytes
0
Total Heap: 324828 bytes
Free Heap: 161064 bytes
Used Heap: 163784 bytes
0
Total Heap: 324832 bytes
Free Heap: 161180 bytes
Used Heap: 163652 bytes
0
Total Heap: 324824 bytes
Free Heap: 161044 bytes
Used Heap: 163668 bytes
0
Total Heap: 324832 bytes
Free Heap: 161180 bytes
Used Heap: 163672 bytes
0
Total Heap: 324828 bytes
Free Heap: 161180 bytes
Used Heap: 163652 bytes
0
Total Heap: 324836 bytes
Free Heap: 157896 bytes
Used Heap: 165232 bytes
0
Total Heap: 324836 bytes
Free Heap: 161180 bytes
Used Heap: 163652 bytes
0
Total Heap: 324836 bytes
Free Heap: 161180 bytes
Used Heap: 163652 bytes
Keep Alive Check
0
Total Heap: 324832 bytes
Free Heap: 161180 bytes
Used Heap: 163652 bytes
0
Total Heap: 324824 bytes
Free Heap: 161172 bytes
Used Heap: 163656 bytes
0
Total Heap: 324828 bytes
Free Heap: 159328 bytes
Used Heap: 165492 bytes
0
Total Heap: 324828 bytes
Free Heap: 161076 bytes
Used Heap: 163772 bytes
0
Total Heap: 324824 bytes
Free Heap: 161056 bytes
Used Heap: 163656 bytes
0
Total Heap: 324824 bytes
Free Heap: 161028 bytes
Used Heap: 163656 bytes
0
Total Heap: 324828 bytes
Free Heap: 161076 bytes
Used Heap: 163772 bytes
0
Total Heap: 324832 bytes
Free Heap: 161192 bytes
Used Heap: 163640 bytes
0
Total Heap: 324836 bytes
Free Heap: 161308 bytes
Used Heap: 163528 bytes
0
Total Heap: 324828 bytes
Free Heap: 161076 bytes
Used Heap: 163772 bytes
Keep Alive Check
0
Total Heap: 324828 bytes
Free Heap: 161076 bytes
Used Heap: 163640 bytes
0
Total Heap: 324828 bytes
Free Heap: 161192 bytes
Used Heap: 163640 bytes
0
Total Heap: 324824 bytes
Free Heap: 161172 bytes
Used Heap: 163656 bytes
0
Total Heap: 324828 bytes
Free Heap: 161076 bytes
Used Heap: 163772 bytes
0
Total Heap: 324828 bytes
Free Heap: 161076 bytes
Used Heap: 163772 bytes
0
Total Heap: 324828 bytes
Free Heap: 161076 bytes
Used Heap: 163772 bytes
0
Total Heap: 324836 bytes
Free Heap: 161192 bytes
Used Heap: 163640 bytes
0
Total Heap: 324828 bytes
Free Heap: 161192 bytes
Used Heap: 163640 bytes
0
Total Heap: 324824 bytes
Free Heap: 157648 bytes
Used Heap: 165452 bytes
0
Total Heap: 324828 bytes
Free Heap: 161056 bytes
Used Heap: 163636 bytes
Keep Alive Check
0
Total Heap: 324828 bytes
Free Heap: 161056 bytes
Used Heap: 163640 bytes
0
Total Heap: 324832 bytes
Free Heap: 161192 bytes
Used Heap: 163640 bytes
0
Total Heap: 324828 bytes
Free Heap: 161192 bytes
Used Heap: 163640 bytes
0
Total Heap: 324824 bytes
Free Heap: 161056 bytes
Used Heap: 163656 bytes
0
Total Heap: 324828 bytes
Free Heap: 161076 bytes
Used Heap: 163752 bytes
0
Total Heap: 324828 bytes
Free Heap: 161076 bytes
Used Heap: 163640 bytes
0
Total Heap: 324824 bytes
Free Heap: 161028 bytes
Used Heap: 163656 bytes
0
Total Heap: 324828 bytes
Free Heap: 161076 bytes
Used Heap: 163772 bytes
0
Total Heap: 324828 bytes
Free Heap: 161192 bytes
Used Heap: 163640 bytes
0
Total Heap: 324828 bytes
Free Heap: 161192 bytes
Used Heap: 163640 bytes
Keep Alive Check
0
Total Heap: 324832 bytes
Free Heap: 157792 bytes
Used Heap: 167060 bytes
0
Total Heap: 324828 bytes
Free Heap: 161076 bytes
Used Heap: 163772 bytes
0
Total Heap: 324824 bytes
Free Heap: 161056 bytes
Used Heap: 163656 bytes
0
Total Heap: 324828 bytes
Free Heap: 161192 bytes
Used Heap: 163640 bytes
0
Total Heap: 324828 bytes
Free Heap: 161192 bytes
Used Heap: 163640 bytes
0
Total Heap: 324832 bytes
Free Heap: 161192 bytes
Used Heap: 165360 bytes
0
Total Heap: 324824 bytes
Free Heap: 161056 bytes
Used Heap: 163656 bytes
0
Total Heap: 324832 bytes
Free Heap: 161192 bytes
Used Heap: 163640 bytes
0
Total Heap: 324828 bytes
Free Heap: 161056 bytes
Used Heap: 163636 bytes
0
Total Heap: 324828 bytes
Free Heap: 161076 bytes
Used Heap: 163772 bytes
Keep Alive Check
0
Total Heap: 324832 bytes
Free Heap: 159444 bytes
Used Heap: 167060 bytes
0
Total Heap: 324828 bytes
Free Heap: 161064 bytes
Used Heap: 163792 bytes
0
Total Heap: 324828 bytes
Free Heap: 161180 bytes
Used Heap: 163652 bytes
0
Total Heap: 324832 bytes
Free Heap: 161180 bytes
Used Heap: 163652 bytes
0
Total Heap: 324836 bytes
Free Heap: 161180 bytes
Used Heap: 163652 bytes
0
Total Heap: 324828 bytes
Free Heap: 161180 bytes
Used Heap: 163652 bytes
0
Total Heap: 324832 bytes
Free Heap: 161180 bytes
Used Heap: 163768 bytes
0
Total Heap: 324824 bytes
Free Heap: 161064 bytes
Used Heap: 165464 bytes
0
Total Heap: 324828 bytes
Free Heap: 161180 bytes
Used Heap: 163652 bytes
0
Total Heap: 324832 bytes
Free Heap: 161172 bytes
Used Heap: 163660 bytes
Keep Alive Check
0
Total Heap: 324836 bytes
Free Heap: 161180 bytes
Used Heap: 163652 bytes
0
Total Heap: 324828 bytes
Free Heap: 161172 bytes
Used Heap: 163660 bytes
0
Total Heap: 324828 bytes
Free Heap: 161064 bytes
Used Heap: 163792 bytes
0
Total Heap: 324828 bytes
Free Heap: 161180 bytes
Used Heap: 163652 bytes
0
Total Heap: 324832 bytes
Free Heap: 161180 bytes
Used Heap: 163652 bytes
0
Total Heap: 324828 bytes
Free Heap: 161180 bytes
Used Heap: 163652 bytes
0
Total Heap: 324832 bytes
Free Heap: 161296 bytes
Used Heap: 163764 bytes
0
Total Heap: 324832 bytes
Free Heap: 159356 bytes
Used Heap: 165508 bytes
0
Total Heap: 324824 bytes
Free Heap: 161036 bytes
Used Heap: 163676 bytes
0
Total Heap: 324828 bytes
Free Heap: 161064 bytes
Used Heap: 163792 bytes
Keep Alive Check
0
Total Heap: 324824 bytes
Free Heap: 161152 bytes
Used Heap: 163676 bytes
0
Total Heap: 324832 bytes
Free Heap: 161172 bytes
Used Heap: 163680 bytes
0
Total Heap: 324832 bytes
Free Heap: 157876 bytes
Used Heap: 165236 bytes
0
Total Heap: 324828 bytes
Free Heap: 161036 bytes
Used Heap: 163656 bytes
0
Total Heap: 324828 bytes
Free Heap: 161172 bytes
Used Heap: 163660 bytes
0
Total Heap: 324832 bytes
Free Heap: 161180 bytes
Used Heap: 163652 bytes
0
Total Heap: 324828 bytes
Free Heap: 161180 bytes
Used Heap: 163652 bytes
0
Total Heap: 324832 bytes
Free Heap: 161180 bytes
Used Heap: 163652 bytes
0
Total Heap: 324828 bytes
Free Heap: 161036 bytes
Used Heap: 163656 bytes
0
Total Heap: 324828 bytes
Free Heap: 161064 bytes
Used Heap: 163792 bytes
Keep Alive Check
0
Total Heap: 324828 bytes
Free Heap: 161172 bytes
Used Heap: 163660 bytes
0
Total Heap: 324832 bytes
Free Heap: 161180 bytes
Used Heap: 163652 bytes
0
Total Heap: 324828 bytes
Free Heap: 161180 bytes
Used Heap: 163652 bytes
0
Total Heap: 324824 bytes
Free Heap: 157596 bytes
Used Heap: 165376 bytes
0
Total Heap: 324828 bytes
Free Heap: 161064 bytes
Used Heap: 163792 bytes
0
Total Heap: 324832 bytes
Free Heap: 161180 bytes
Used Heap: 163652 bytes
0
Total Heap: 324828 bytes
Free Heap: 161180 bytes
Used Heap: 163652 bytes
0
Total Heap: 324828 bytes
Free Heap: 161036 bytes
Used Heap: 163660 bytes
0
Total Heap: 324836 bytes
Free Heap: 161180 bytes
Used Heap: 163652 bytes
0
Total Heap: 324824 bytes
Free Heap: 161036 bytes
Used Heap: 163764 bytes
Keep Alive Check
0
Total Heap: 324828 bytes
Free Heap: 161064 bytes
Used Heap: 165464 bytes
0
Total Heap: 324836 bytes
Free Heap: 161180 bytes
Used Heap: 163652 bytes
0
Total Heap: 324828 bytes
Free Heap: 161036 bytes
Used Heap: 163660 bytes
0
Total Heap: 324824 bytes
Free Heap: 161036 bytes
Used Heap: 163676 bytes
0
Total Heap: 324828 bytes
Free Heap: 161180 bytes
Used Heap: 163652 bytes
0
Total Heap: 324828 bytes
Free Heap: 159296 bytes
Used Heap: 165540 bytes
0
Total Heap: 324832 bytes
Free Heap: 161064 bytes
Used Heap: 163764 bytes
0
Total Heap: 324836 bytes
Free Heap: 161180 bytes
Used Heap: 163652 bytes
0
Total Heap: 324828 bytes
Free Heap: 161064 bytes
Used Heap: 163792 bytes
Keep Alive Check
0
Total Heap: 324836 bytes
Free Heap: 159596 bytes
Used Heap: 166960 bytes
0
Total Heap: 324828 bytes
Free Heap: 161180 bytes
Used Heap: 163652 bytes
0
Total Heap: 324828 bytes
Free Heap: 161180 bytes
Used Heap: 163652 bytes
0
Total Heap: 324832 bytes
Free Heap: 161180 bytes
Used Heap: 163652 bytes
0
Total Heap: 324828 bytes
Free Heap: 161036 bytes
Used Heap: 163656 bytes
0
Total Heap: 324836 bytes
Free Heap: 161180 bytes
Used Heap: 163652 bytes
0
Total Heap: 324828 bytes
Free Heap: 161180 bytes
Used Heap: 163652 bytes
0
Total Heap: 324828 bytes
Free Heap: 161056 bytes
Used Heap: 163792 bytes
0
Total Heap: 324828 bytes
Free Heap: 161180 bytes
Used Heap: 163652 bytes
0
Total Heap: 324828 bytes
Free Heap: 161064 bytes
Used Heap: 163792 bytes
Keep Alive Check
0
Total Heap: 324820 bytes
Free Heap: 159492 bytes
Used Heap: 165348 bytes
0
Total Heap: 324828 bytes
Free Heap: 161172 bytes
Used Heap: 163660 bytes
0
Total Heap: 324828 bytes
Free Heap: 161180 bytes
Used Heap: 163652 bytes
0
Total Heap: 324828 bytes
Free Heap: 161180 bytes
Used Heap: 163652 bytes
0
Total Heap: 324828 bytes
Free Heap: 161064 bytes
Used Heap: 163784 bytes
0
Total Heap: 324824 bytes
Free Heap: 161036 bytes
Used Heap: 163676 bytes
0
Total Heap: 324832 bytes
Free Heap: 161036 bytes
Used Heap: 163652 bytes
0
Total Heap: 324828 bytes
Free Heap: 161152 bytes
Used Heap: 163676 bytes
0
Total Heap: 324820 bytes
Free Heap: 161016 bytes
Used Heap: 165368 bytes
0
Total Heap: 324828 bytes
Free Heap: 161036 bytes
Used Heap: 163652 bytes
Keep Alive Check
0
Total Heap: 324824 bytes
Free Heap: 159492 bytes
Used Heap: 165328 bytes
0
Total Heap: 324828 bytes
Free Heap: 161064 bytes
Used Heap: 163652 bytes
0
Total Heap: 324824 bytes
Free Heap: 161036 bytes
Used Heap: 163676 bytes
0
Total Heap: 324820 bytes
Free Heap: 161036 bytes
Used Heap: 163792 bytes
0
Total Heap: 324836 bytes
Free Heap: 161180 bytes
Used Heap: 163652 bytes
0
Total Heap: 324828 bytes
Free Heap: 161056 bytes
Used Heap: 163792 bytes
0
Total Heap: 324828 bytes
Free Heap: 161180 bytes
Used Heap: 163652 bytes
0
Total Heap: 324828 bytes
Free Heap: 161064 bytes
Used Heap: 163784 bytes
0
Total Heap: 324832 bytes
Free Heap: 161064 bytes
Used Heap: 163764 bytes
0
Total Heap: 324832 bytes
Free Heap: 159356 bytes
Used Heap: 167204 bytes
Keep Alive Check
0
Total Heap: 324828 bytes
Free Heap: 161296 bytes
Used Heap: 163540 bytes
0
Total Heap: 324828 bytes
Free Heap: 161064 bytes
Used Heap: 163784 bytes
0
Total Heap: 324828 bytes
Free Heap: 161036 bytes
Used Heap: 163660 bytes
0
Total Heap: 324832 bytes
Free Heap: 161180 bytes
Used Heap: 163652 bytes
0
Total Heap: 324832 bytes
Free Heap: 161288 bytes
Used Heap: 163660 bytes
0
Total Heap: 324828 bytes
Free Heap: 161064 bytes
Used Heap: 163792 bytes
0
Total Heap: 324828 bytes
Free Heap: 161180 bytes
Used Heap: 163652 bytes
0
Total Heap: 324836 bytes
Free Heap: 161180 bytes
Used Heap: 163652 bytes
0
Total Heap: 324832 bytes
Free Heap: 161064 bytes
Used Heap: 163764 bytes
0
Total Heap: 324828 bytes
Free Heap: 161064 bytes
Used Heap: 163784 bytes
Keep Alive Check
0
Total Heap: 324828 bytes
Free Heap: 161180 bytes
Used Heap: 163652 bytes
0
Total Heap: 324828 bytes
Free Heap: 161064 bytes
Used Heap: 163792 bytes
0
Total Heap: 324828 bytes
Free Heap: 161180 bytes
Used Heap: 163652 bytes
0
Total Heap: 324828 bytes
Free Heap: 161036 bytes
Used Heap: 163660 bytes
0
Total Heap: 324828 bytes
Free Heap: 161056 bytes
Used Heap: 163792 bytes
0
Total Heap: 324816 bytes
Free Heap: 154216 bytes
Used Heap: 170560 bytes
0
Total Heap: 324832 bytes
Free Heap: 161172 bytes
Used Heap: 163660 bytes
0
Total Heap: 324824 bytes
Free Heap: 161036 bytes
Used Heap: 163676 bytes
0
Total Heap: 324828 bytes
Free Heap: 161180 bytes
Used Heap: 163652 bytes
0
Total Heap: 324832 bytes
Free Heap: 161180 bytes
Used Heap: 163652 bytes
Keep Alive Check
0
Total Heap: 324812 bytes
Free Heap: 159568 bytes
Used Heap: 165248 bytes
0
Total Heap: 324828 bytes
Free Heap: 161044 bytes
Used Heap: 163668 bytes
0
Total Heap: 324828 bytes
Free Heap: 161172 bytes
Used Heap: 163660 bytes
0
Total Heap: 324828 bytes
Free Heap: 161064 bytes
Used Heap: 163792 bytes
0
Total Heap: 324828 bytes
Free Heap: 161296 bytes
Used Heap: 163540 bytes
0
Total Heap: 324824 bytes
Free Heap: 161036 bytes
Used Heap: 163676 bytes
0
Total Heap: 324828 bytes
Free Heap: 161172 bytes
Used Heap: 163660 bytes
0
Total Heap: 324828 bytes
Free Heap: 161036 bytes
Used Heap: 163660 bytes
0
Total Heap: 324828 bytes
Free Heap: 161064 bytes
Used Heap: 163792 bytes
0
Total Heap: 324828 bytes
Free Heap: 161180 bytes
Used Heap: 163652 bytes
Keep Alive Check
0
Total Heap: 324832 bytes
Free Heap: 161180 bytes
Used Heap: 163680 bytes
0
Total Heap: 324824 bytes
Free Heap: 161064 bytes
Used Heap: 163648 bytes
0
Total Heap: 324820 bytes
Free Heap: 161036 bytes
Used Heap: 163808 bytes
0
Total Heap: 324828 bytes
Free Heap: 161180 bytes
Used Heap: 163652 bytes
0
Total Heap: 324836 bytes
Free Heap: 161180 bytes
Used Heap: 163652 bytes
0
Total Heap: 324824 bytes
Free Heap: 161016 bytes
Used Heap: 163676 bytes
0
Total Heap: 324836 bytes
Free Heap: 161180 bytes
Used Heap: 163652 bytes
0
Total Heap: 324832 bytes
Free Heap: 159480 bytes
Used Heap: 165376 bytes
0
Total Heap: 324828 bytes
Free Heap: 161064 bytes
Used Heap: 163792 bytes
0
Total Heap: 324836 bytes
Free Heap: 161180 bytes
Used Heap: 163652 bytes
Keep Alive Check
0
Total Heap: 324832 bytes
Free Heap: 161180 bytes
Used Heap: 163652 bytes
0
Total Heap: 324828 bytes
Free Heap: 161180 bytes
Used Heap: 163652 bytes
0
Total Heap: 324832 bytes
Free Heap: 159480 bytes
Used Heap: 165392 bytes
0
Total Heap: 324828 bytes
Free Heap: 161180 bytes
Used Heap: 163652 bytes
0
Total Heap: 324828 bytes
Free Heap: 161180 bytes
Used Heap: 163652 bytes
0
Total Heap: 324828 bytes
Free Heap: 161296 bytes
Used Heap: 163540 bytes
0
Total Heap: 324828 bytes
Free Heap: 161064 bytes
Used Heap: 163792 bytes
0
Total Heap: 324832 bytes
Free Heap: 161296 bytes
Used Heap: 163540 bytes
0
Total Heap: 324820 bytes
Free Heap: 159364 bytes
Used Heap: 165504 bytes
0
Total Heap: 324836 bytes
Free Heap: 161180 bytes
Used Heap: 163652 bytes
Keep Alive Check
0
Total Heap: 324828 bytes
Free Heap: 161064 bytes
Used Heap: 163652 bytes
0
Total Heap: 324828 bytes
Free Heap: 161180 bytes
Used Heap: 163652 bytes
0
Total Heap: 324828 bytes
Free Heap: 161180 bytes
Used Heap: 163652 bytes
0
Total Heap: 324832 bytes
Free Heap: 161152 bytes
Used Heap: 163540 bytes
0
Total Heap: 324824 bytes
Free Heap: 157636 bytes
Used Heap: 163656 bytes
0
Total Heap: 324828 bytes
Free Heap: 161180 bytes
Used Heap: 163652 bytes
0
Total Heap: 324832 bytes
Free Heap: 161180 bytes
Used Heap: 163652 bytes
0
Total Heap: 324824 bytes
Free Heap: 161036 bytes
Used Heap: 163676 bytes
0
Total Heap: 324832 bytes
Free Heap: 161180 bytes
Used Heap: 163652 bytes
0
Total Heap: 324836 bytes
Free Heap: 161180 bytes
Used Heap: 163652 bytes
Keep Alive Check
0
Total Heap: 324828 bytes
Free Heap: 161180 bytes
Used Heap: 163764 bytes
0
Total Heap: 324836 bytes
Free Heap: 161180 bytes
Used Heap: 163652 bytes
0
Total Heap: 324832 bytes
Free Heap: 161180 bytes
Used Heap: 163652 bytes
0
Total Heap: 324828 bytes
Free Heap: 161180 bytes
Used Heap: 163652 bytes
0
Total Heap: 324828 bytes
Free Heap: 161064 bytes
Used Heap: 165524 bytes
0
Total Heap: 324828 bytes
Free Heap: 161180 bytes
Used Heap: 165352 bytes
0
Total Heap: 324832 bytes
Free Heap: 161172 bytes
Used Heap: 163660 bytes
0
Total Heap: 324824 bytes
Free Heap: 161152 bytes
Used Heap: 163676 bytes
0
Total Heap: 324828 bytes
Free Heap: 161064 bytes
Used Heap: 163792 bytes
0
Total Heap: 324828 bytes
Free Heap: 161180 bytes
Used Heap: 163652 bytes
Keep Alive Check
0
Total Heap: 324828 bytes
Free Heap: 161180 bytes
Used Heap: 163652 bytes
0
Total Heap: 324832 bytes
Free Heap: 161180 bytes
Used Heap: 163652 bytes
0
Total Heap: 324836 bytes
Free Heap: 161180 bytes
Used Heap: 163652 bytes
0
Total Heap: 324836 bytes
Free Heap: 161180 bytes
Used Heap: 163652 bytes
0
Total Heap: 324828 bytes
Free Heap: 161064 bytes
Used Heap: 163792 bytes
0
Total Heap: 324832 bytes
Free Heap: 161180 bytes
Used Heap: 163652 bytes
0
Total Heap: 324832 bytes
Free Heap: 159364 bytes
Used Heap: 167160 bytes
0
Total Heap: 324836 bytes
Free Heap: 161180 bytes
Used Heap: 163652 bytes
0
Total Heap: 324836 bytes
Free Heap: 161180 bytes
Used Heap: 163652 bytes
0
Total Heap: 324828 bytes
Free Heap: 161180 bytes
Used Heap: 163652 bytes
Keep Alive Check
0
Total Heap: 324828 bytes
Free Heap: 161036 bytes
Used Heap: 163652 bytes
0
Total Heap: 324832 bytes
Free Heap: 161064 bytes
Used Heap: 163764 bytes
0
Total Heap: 324820 bytes
Free Heap: 160976 bytes
Used Heap: 163804 bytes
0
Total Heap: 324828 bytes
Free Heap: 161180 bytes
Used Heap: 163652 bytes
0
Total Heap: 324828 bytes
Free Heap: 161180 bytes
Used Heap: 163652 bytes
0
Total Heap: 324832 bytes
Free Heap: 161180 bytes
Used Heap: 163652 bytes
0
Total Heap: 324828 bytes
Free Heap: 161064 bytes
Used Heap: 163792 bytes
0
Total Heap: 324828 bytes
Free Heap: 161180 bytes
Used Heap: 163652 bytes
0
Total Heap: 324828 bytes
Free Heap: 161180 bytes
Used Heap: 163652 bytes
0
Total Heap: 324828 bytes
Free Heap: 161056 bytes
Used Heap: 163792 bytes
Keep Alive Check
0
Total Heap: 324828 bytes
Free Heap: 161180 bytes
Used Heap: 163652 bytes
0
Total Heap: 324824 bytes
Free Heap: 161152 bytes
Used Heap: 163676 bytes
0
Total Heap: 324832 bytes
Free Heap: 161172 bytes
Used Heap: 163660 bytes
0
Total Heap: 324828 bytes
Free Heap: 161180 bytes
Used Heap: 163652 bytes
0
Total Heap: 324828 bytes
Free Heap: 161060 bytes
Used Heap: 163788 bytes
0
Total Heap: 324828 bytes
Free Heap: 161180 bytes
Used Heap: 163652 bytes
0
Total Heap: 324824 bytes
Free Heap: 161016 bytes
Used Heap: 163676 bytes
0
Total Heap: 324828 bytes
Free Heap: 157636 bytes
Used Heap: 165464 bytes
0
Total Heap: 324832 bytes
Free Heap: 161296 bytes
Used Heap: 163540 bytes
0
Total Heap: 324828 bytes
Free Heap: 161064 bytes
Used Heap: 163792 bytes
Keep Alive Check
0
Total Heap: 324832 bytes
Free Heap: 161180 bytes
Used Heap: 163652 bytes
0
Total Heap: 324828 bytes
Free Heap: 161056 bytes
Used Heap: 163792 bytes
0
Total Heap: 324828 bytes
Free Heap: 161180 bytes
Used Heap: 163784 bytes
0
Total Heap: 324828 bytes
Free Heap: 159316 bytes
Used Heap: 167184 bytes
0
Total Heap: 324836 bytes
Free Heap: 161180 bytes
Used Heap: 163652 bytes
0
Total Heap: 324828 bytes
Free Heap: 161036 bytes
Used Heap: 163660 bytes
0
Total Heap: 324828 bytes
Free Heap: 161180 bytes
Used Heap: 163652 bytes
0
Total Heap: 324828 bytes
Free Heap: 161064 bytes
Used Heap: 163784 bytes
0
Total Heap: 324824 bytes
Free Heap: 159432 bytes
Used Heap: 165536 bytes
0
Total Heap: 324832 bytes
Free Heap: 161180 bytes
Used Heap: 163652 bytes
Keep Alive Check
0
Total Heap: 324832 bytes
Free Heap: 161180 bytes
Used Heap: 163652 bytes
0
Total Heap: 324828 bytes
Free Heap: 161064 bytes
Used Heap: 163784 bytes
0
Total Heap: 324824 bytes
Free Heap: 161036 bytes
Used Heap: 163676 bytes
0
Total Heap: 324824 bytes
Free Heap: 159432 bytes
Used Heap: 165376 bytes
0
Total Heap: 324836 bytes
Free Heap: 161180 bytes
Used Heap: 163652 bytes
0
Total Heap: 324832 bytes
Free Heap: 161180 bytes
Used Heap: 163680 bytes
0
Total Heap: 324828 bytes
Free Heap: 161180 bytes
Used Heap: 163652 bytes
0
Total Heap: 324828 bytes
Free Heap: 161064 bytes
Used Heap: 163792 bytes
0
Total Heap: 324828 bytes
Free Heap: 161064 bytes
Used Heap: 163792 bytes
0
Total Heap: 324828 bytes
Free Heap: 161064 bytes
Used Heap: 163764 bytes
Keep Alive Check
0
Total Heap: 324828 bytes
Free Heap: 161180 bytes
Used Heap: 163652 bytes
0
Total Heap: 324824 bytes
Free Heap: 161036 bytes
Used Heap: 163808 bytes
0
Total Heap: 324828 bytes
Free Heap: 161064 bytes
Used Heap: 163792 bytes
0
Total Heap: 324828 bytes
Free Heap: 161172 bytes
Used Heap: 163660 bytes
0
Total Heap: 324836 bytes
Free Heap: 161288 bytes
Used Heap: 165248 bytes
0
Total Heap: 324836 bytes
Free Heap: 161180 bytes
Used Heap: 163652 bytes
0
Total Heap: 324828 bytes
Free Heap: 161036 bytes
Used Heap: 163660 bytes
0
Total Heap: 324828 bytes
Free Heap: 161064 bytes
Used Heap: 163792 bytes
0
Total Heap: 324824 bytes
Free Heap: 159324 bytes
Used Heap: 167080 bytes
0
Total Heap: 324832 bytes
Free Heap: 161180 bytes
Used Heap: 163652 bytes
Keep Alive Check
0
Total Heap: 324828 bytes
Free Heap: 161180 bytes
Used Heap: 163652 bytes
0
Total Heap: 324828 bytes
Free Heap: 161056 bytes
Used Heap: 163792 bytes
0
Total Heap: 324832 bytes
Free Heap: 161172 bytes
Used Heap: 163660 bytes
0
Total Heap: 324828 bytes
Free Heap: 161172 bytes
Used Heap: 163660 bytes
0
Total Heap: 324828 bytes
Free Heap: 159316 bytes
Used Heap: 163772 bytes
0
Total Heap: 324832 bytes
Free Heap: 161172 bytes
Used Heap: 163660 bytes
0
Total Heap: 324832 bytes
Free Heap: 161172 bytes
Used Heap: 163660 bytes
0
Total Heap: 324828 bytes
Free Heap: 161056 bytes
Used Heap: 163792 bytes
0
Total Heap: 324828 bytes
Free Heap: 161056 bytes
Used Heap: 163792 bytes
0
Total Heap: 324824 bytes
Free Heap: 159472 bytes
Used Heap: 163768 bytes
Keep Alive Check
0
Total Heap: 324816 bytes
Free Heap: 159472 bytes
Used Heap: 165364 bytes
0
Total Heap: 324816 bytes
Free Heap: 159472 bytes
Used Heap: 165364 bytes
0
Total Heap: 324816 bytes
Free Heap: 159588 bytes
Used Heap: 165232 bytes
0
Total Heap: 324824 bytes
Free Heap: 159588 bytes
Used Heap: 165232 bytes
0
Total Heap: 324816 bytes
Free Heap: 159476 bytes
Used Heap: 165364 bytes
0
Total Heap: 324808 bytes
Free Heap: 157772 bytes
Used Heap: 168756 bytes
0
Total Heap: 324816 bytes
Free Heap: 159452 bytes
Used Heap: 165232 bytes
0
Total Heap: 324816 bytes
Free Heap: 159592 bytes
Used Heap: 165228 bytes
0
Total Heap: 324828 bytes
Free Heap: 161056 bytes
Used Heap: 163656 bytes
0
Total Heap: 324824 bytes
Free Heap: 161152 bytes
Used Heap: 163676 bytes
Keep Alive Check
0
Total Heap: 324824 bytes
Free Heap: 161056 bytes
Used Heap: 163772 bytes
0
Total Heap: 324832 bytes
Free Heap: 161172 bytes
Used Heap: 163660 bytes
0
Total Heap: 324828 bytes
Free Heap: 161056 bytes
Used Heap: 163792 bytes
0
Total Heap: 324832 bytes
Free Heap: 161152 bytes
Used Heap: 163548 bytes
0
Total Heap: 324828 bytes
Free Heap: 161056 bytes
Used Heap: 163792 bytes
0
Total Heap: 324836 bytes
Free Heap: 161172 bytes
Used Heap: 163660 bytes
0
Total Heap: 324832 bytes
Free Heap: 161172 bytes
Used Heap: 163660 bytes
0
Total Heap: 324832 bytes
Free Heap: 161172 bytes
Used Heap: 163660 bytes
0
Total Heap: 324832 bytes
Free Heap: 161172 bytes
Used Heap: 163660 bytes
0
Total Heap: 324828 bytes
Free Heap: 161172 bytes
Used Heap: 163660 bytes
Keep Alive Check
0
Total Heap: 324828 bytes
Free Heap: 161172 bytes
Used Heap: 163660 bytes
0
Total Heap: 324828 bytes
Free Heap: 161036 bytes
Used Heap: 163660 bytes
0
Total Heap: 324832 bytes
Free Heap: 161172 bytes
Used Heap: 163660 bytes
0
Total Heap: 324832 bytes
Free Heap: 161172 bytes
Used Heap: 163660 bytes
0
Total Heap: 324832 bytes
Free Heap: 161172 bytes
Used Heap: 163660 bytes
0
Total Heap: 324832 bytes
Free Heap: 161056 bytes
Used Heap: 165520 bytes
0
Total Heap: 324828 bytes
Free Heap: 161056 bytes
Used Heap: 165472 bytes
0
Total Heap: 324828 bytes
Free Heap: 161036 bytes
Used Heap: 163660 bytes
0
Total Heap: 324828 bytes
Free Heap: 161036 bytes
Used Heap: 163660 bytes
0
Total Heap: 324828 bytes
Free Heap: 161056 bytes
Used Heap: 163656 bytes
Keep Alive Check
0
Total Heap: 324828 bytes
Free Heap: 161056 bytes
Used Heap: 163656 bytes
0
Total Heap: 324828 bytes
Free Heap: 161056 bytes
Used Heap: 163772 bytes
0
Total Heap: 324828 bytes
Free Heap: 161036 bytes
Used Heap: 163656 bytes
0
Total Heap: 324828 bytes
Free Heap: 161056 bytes
Used Heap: 163792 bytes
0
Total Heap: 324828 bytes
Free Heap: 161056 bytes
Used Heap: 163792 bytes
0
Total Heap: 324828 bytes
Free Heap: 161172 bytes
Used Heap: 163660 bytes
0
Total Heap: 324828 bytes
Free Heap: 161036 bytes
Used Heap: 163788 bytes
0
Total Heap: 324828 bytes
Free Heap: 161036 bytes
Used Heap: 163660 bytes
0
Total Heap: 324832 bytes
Free Heap: 161172 bytes
Used Heap: 163660 bytes
0
Total Heap: 324828 bytes
Free Heap: 161036 bytes
Used Heap: 163660 bytes
Keep Alive Check
0
Total Heap: 324832 bytes
Free Heap: 161288 bytes
Used Heap: 163548 bytes
0
Total Heap: 324828 bytes
Free Heap: 161056 bytes
Used Heap: 163768 bytes
0
Total Heap: 324828 bytes
Free Heap: 161056 bytes
Used Heap: 163792 bytes
0
Total Heap: 324832 bytes
Free Heap: 161288 bytes
Used Heap: 163664 bytes
0
Total Heap: 324828 bytes
Free Heap: 161172 bytes
Used Heap: 163660 bytes
0
Total Heap: 324828 bytes
Free Heap: 161056 bytes
Used Heap: 163656 bytes
0
Total Heap: 324824 bytes
Free Heap: 161056 bytes
Used Heap: 163656 bytes
0
Total Heap: 324828 bytes
Free Heap: 161036 bytes
Used Heap: 163660 bytes
0
Total Heap: 324828 bytes
Free Heap: 161036 bytes
Used Heap: 163660 bytes
0
Total Heap: 324832 bytes
Free Heap: 161172 bytes
Used Heap: 163660 bytes
Keep Alive Check
0
Total Heap: 324828 bytes
Free Heap: 161172 bytes
Used Heap: 163660 bytes
0
Total Heap: 324828 bytes
Free Heap: 161064 bytes
Used Heap: 163792 bytes
0
Total Heap: 324832 bytes
Free Heap: 161180 bytes
Used Heap: 163652 bytes
0
Total Heap: 324832 bytes
Free Heap: 161180 bytes
Used Heap: 163652 bytes
0
Total Heap: 324836 bytes
Free Heap: 161180 bytes
Used Heap: 163652 bytes
0
Total Heap: 324828 bytes
Free Heap: 161180 bytes
Used Heap: 163652 bytes
0
Total Heap: 324828 bytes
Free Heap: 157664 bytes
Used Heap: 165520 bytes
0
Total Heap: 324836 bytes
Free Heap: 161180 bytes
Used Heap: 163652 bytes
0
Total Heap: 324828 bytes
Free Heap: 161172 bytes
Used Heap: 163660 bytes
0
Total Heap: 324828 bytes
Free Heap: 161064 bytes
Used Heap: 163792 bytes
Keep Alive Check
0
Total Heap: 324828 bytes
Free Heap: 161172 bytes
Used Heap: 163660 bytes
0
Total Heap: 324832 bytes
Free Heap: 161180 bytes
Used Heap: 163652 bytes
0
Total Heap: 324828 bytes
Free Heap: 161180 bytes
Used Heap: 163652 bytes
0
Total Heap: 324828 bytes
Free Heap: 161064 bytes
Used Heap: 163792 bytes
0
Total Heap: 324824 bytes
Free Heap: 161036 bytes
Used Heap: 163676 bytes
0
Total Heap: 324824 bytes
Free Heap: 161156 bytes
Used Heap: 163672 bytes
0
Total Heap: 324828 bytes
Free Heap: 161064 bytes
Used Heap: 163792 bytes
0
Total Heap: 324832 bytes
Free Heap: 161172 bytes
Used Heap: 163660 bytes
0
Total Heap: 324828 bytes
Free Heap: 161064 bytes
Used Heap: 163792 bytes
0
Total Heap: 324828 bytes
Free Heap: 161064 bytes
Used Heap: 163792 bytes
Keep Alive Check
0
Total Heap: 324832 bytes
Free Heap: 161064 bytes
Used Heap: 167160 bytes
0
Total Heap: 324828 bytes
Free Heap: 161064 bytes
Used Heap: 163792 bytes
0
Total Heap: 324832 bytes
Free Heap: 161172 bytes
Used Heap: 163660 bytes
0
Total Heap: 324828 bytes
Free Heap: 161180 bytes
Used Heap: 163652 bytes
0
Total Heap: 324828 bytes
Free Heap: 161064 bytes
Used Heap: 163792 bytes
0
Total Heap: 324828 bytes
Free Heap: 161064 bytes
Used Heap: 163764 bytes
0
Total Heap: 324824 bytes
Free Heap: 161152 bytes
Used Heap: 163676 bytes
0
Total Heap: 324828 bytes
Free Heap: 161180 bytes
Used Heap: 163652 bytes
0
Total Heap: 324828 bytes
Free Heap: 161180 bytes
Used Heap: 163652 bytes
0
Total Heap: 324832 bytes
Free Heap: 161172 bytes
Used Heap: 163660 bytes
Keep Alive Check
0
Total Heap: 324828 bytes
Free Heap: 161056 bytes
Used Heap: 163656 bytes
0
Total Heap: 324828 bytes
Free Heap: 161180 bytes
Used Heap: 163652 bytes
0
Total Heap: 324832 bytes
Free Heap: 161064 bytes
Used Heap: 163764 bytes
0
Total Heap: 324836 bytes
Free Heap: 161180 bytes
Used Heap: 163652 bytes
0
Total Heap: 324836 bytes
Free Heap: 161180 bytes
Used Heap: 163652 bytes
0
Total Heap: 324824 bytes
Free Heap: 161016 bytes
Used Heap: 163676 bytes
0
Total Heap: 324832 bytes
Free Heap: 161172 bytes
Used Heap: 163660 bytes
0
Total Heap: 324832 bytes
Free Heap: 161172 bytes
Used Heap: 163660 bytes
0
Total Heap: 324828 bytes
Free Heap: 161036 bytes
Used Heap: 163656 bytes
Keep Alive Check
0
Total Heap: 324824 bytes
Free Heap: 159588 bytes
Used Heap: 165104 bytes
0
Total Heap: 324828 bytes
Free Heap: 161056 bytes
Used Heap: 163656 bytes
0
Total Heap: 324828 bytes
Free Heap: 161064 bytes
Used Heap: 163792 bytes
0
Total Heap: 324828 bytes
Free Heap: 161064 bytes
Used Heap: 163764 bytes
0
Total Heap: 324836 bytes
Free Heap: 161180 bytes
Used Heap: 163652 bytes
0
Total Heap: 324836 bytes
Free Heap: 161180 bytes
Used Heap: 163652 bytes
0
Total Heap: 324832 bytes
Free Heap: 161180 bytes
Used Heap: 163652 bytes
0
Total Heap: 324828 bytes
Free Heap: 161180 bytes
Used Heap: 163652 bytes
0
Total Heap: 324836 bytes
Free Heap: 161180 bytes
Used Heap: 163652 bytes
0
Total Heap: 324824 bytes
Free Heap: 159344 bytes
Used Heap: 163652 bytes
Keep Alive Check
0
Total Heap: 324828 bytes
Free Heap: 159608 bytes
Used Heap: 165216 bytes
0
Total Heap: 324828 bytes
Free Heap: 161056 bytes
Used Heap: 163656 bytes
0
Total Heap: 324828 bytes
Free Heap: 161064 bytes
Used Heap: 163792 bytes
0
Total Heap: 324824 bytes
Free Heap: 161036 bytes
Used Heap: 163676 bytes
0
Total Heap: 324832 bytes
Free Heap: 161160 bytes
Used Heap: 165240 bytes
0
Total Heap: 324828 bytes
Free Heap: 161180 bytes
Used Heap: 163652 bytes
0
Total Heap: 324828 bytes
Free Heap: 161180 bytes
Used Heap: 163652 bytes
0
Total Heap: 324828 bytes
Free Heap: 161180 bytes
Used Heap: 163652 bytes
0
Total Heap: 324828 bytes
Free Heap: 157656 bytes
Used Heap: 163772 bytes
0
Total Heap: 324828 bytes
Free Heap: 161036 bytes
Used Heap: 168876 bytes
Keep Alive Check
0
Total Heap: 324820 bytes
Free Heap: 159500 bytes
Used Heap: 165340 bytes
0
Total Heap: 324828 bytes
Free Heap: 161296 bytes
Used Heap: 163540 bytes
0
Total Heap: 324832 bytes
Free Heap: 161180 bytes
Used Heap: 163652 bytes
0
Total Heap: 324824 bytes
Free Heap: 161016 bytes
Used Heap: 163676 bytes
0
Total Heap: 324820 bytes
Free Heap: 161064 bytes
Used Heap: 163764 bytes
0
Total Heap: 324828 bytes
Free Heap: 161036 bytes
Used Heap: 163660 bytes
0
Total Heap: 324828 bytes
Free Heap: 161064 bytes
Used Heap: 163792 bytes
0
Total Heap: 324828 bytes
Free Heap: 161180 bytes
Used Heap: 163652 bytes
0
Total Heap: 324824 bytes
Free Heap: 161016 bytes
Used Heap: 163676 bytes
0
Total Heap: 324836 bytes
Free Heap: 161180 bytes
Used Heap: 163652 bytes
Keep Alive Check
0
Total Heap: 324816 bytes
Free Heap: 159436 bytes
Used Heap: 165356 bytes
0
Total Heap: 324816 bytes
Free Heap: 159484 bytes
Used Heap: 165352 bytes
0
Total Heap: 324828 bytes
Free Heap: 161060 bytes
Used Heap: 163768 bytes
0
Total Heap: 324828 bytes
Free Heap: 161064 bytes
Used Heap: 163792 bytes
0
Total Heap: 324828 bytes
Free Heap: 161056 bytes
Used Heap: 163792 bytes
0
Total Heap: 324832 bytes
Free Heap: 161064 bytes
Used Heap: 163748 bytes
0
Total Heap: 324832 bytes
Free Heap: 161180 bytes
Used Heap: 163652 bytes
0
Total Heap: 324832 bytes
Free Heap: 161296 bytes
Used Heap: 163540 bytes
0
Total Heap: 324828 bytes
Free Heap: 161296 bytes
Used Heap: 163540 bytes
0
Total Heap: 324828 bytes
Free Heap: 161064 bytes
Used Heap: 163792 bytes
Keep Alive Check
0
Total Heap: 324820 bytes
Free Heap: 161036 bytes
Used Heap: 165508 bytes
0
Total Heap: 324836 bytes
Free Heap: 161180 bytes
Used Heap: 163652 bytes
0
Total Heap: 324828 bytes
Free Heap: 161180 bytes
Used Heap: 163652 bytes
0
Total Heap: 324828 bytes
Free Heap: 161044 bytes
Used Heap: 163652 bytes
0
Total Heap: 324828 bytes
Free Heap: 161064 bytes
Used Heap: 163792 bytes
0
Total Heap: 324828 bytes
Free Heap: 157616 bytes
Used Heap: 168896 bytes
0
Total Heap: 324828 bytes
Free Heap: 161064 bytes
Used Heap: 163792 bytes
0
Total Heap: 324828 bytes
Free Heap: 161180 bytes
Used Heap: 163652 bytes
0
Total Heap: 324836 bytes
Free Heap: 161180 bytes
Used Heap: 163652 bytes
0
Total Heap: 324832 bytes
Free Heap: 161064 bytes
Used Heap: 163764 bytes
Keep Alive Check
0
Total Heap: 324824 bytes
Free Heap: 161056 bytes
Used Heap: 163772 bytes
0
Total Heap: 324824 bytes
Free Heap: 161048 bytes
Used Heap: 163796 bytes
0
Total Heap: 324828 bytes
Free Heap: 161192 bytes
Used Heap: 163640 bytes
0
Total Heap: 324828 bytes
Free Heap: 161192 bytes
Used Heap: 163640 bytes
0
Total Heap: 324828 bytes
Free Heap: 161192 bytes
Used Heap: 163640 bytes
0
Total Heap: 324828 bytes
Free Heap: 161192 bytes
Used Heap: 163640 bytes
0
Total Heap: 324836 bytes
Free Heap: 161192 bytes
Used Heap: 163640 bytes
0
Total Heap: 324828 bytes
Free Heap: 161192 bytes
Used Heap: 163640 bytes
0
Total Heap: 324828 bytes
Free Heap: 161056 bytes
Used Heap: 163640 bytes
0
Total Heap: 324828 bytes
Free Heap: 161192 bytes
Used Heap: 163640 bytes
Keep Alive Check
0
Total Heap: 324824 bytes
Free Heap: 161172 bytes
Used Heap: 163656 bytes
0
Total Heap: 324828 bytes
Free Heap: 161192 bytes
Used Heap: 163640 bytes
0
Total Heap: 324824 bytes
Free Heap: 161028 bytes
Used Heap: 163656 bytes
0
Total Heap: 324828 bytes
Free Heap: 161192 bytes
Used Heap: 163660 bytes
0
Total Heap: 324828 bytes
Free Heap: 161056 bytes
Used Heap: 163640 bytes
0
Total Heap: 324836 bytes
Free Heap: 161192 bytes
Used Heap: 163640 bytes
0
Total Heap: 324824 bytes
Free Heap: 161056 bytes
Used Heap: 163656 bytes
0
Total Heap: 324828 bytes
Free Heap: 161056 bytes
Used Heap: 163636 bytes
0
Total Heap: 324828 bytes
Free Heap: 161192 bytes
Used Heap: 163640 bytes
0
Total Heap: 324828 bytes
Free Heap: 161192 bytes
Used Heap: 163640 bytes
Keep Alive Check
0
Total Heap: 324828 bytes
Free Heap: 161076 bytes
Used Heap: 163640 bytes
0
Total Heap: 324828 bytes
Free Heap: 161076 bytes
Used Heap: 163772 bytes
0
Total Heap: 324828 bytes
Free Heap: 161076 bytes
Used Heap: 163772 bytes
0
Total Heap: 324828 bytes
Free Heap: 161076 bytes
Used Heap: 163772 bytes
0
Total Heap: 324828 bytes
Free Heap: 161056 bytes
Used Heap: 163768 bytes
0
Total Heap: 324828 bytes
Free Heap: 161076 bytes
Used Heap: 163640 bytes
0
Total Heap: 324832 bytes
Free Heap: 161076 bytes
Used Heap: 163752 bytes
0
Total Heap: 324828 bytes
Free Heap: 161076 bytes
Used Heap: 163772 bytes
0
Total Heap: 324832 bytes
Free Heap: 161076 bytes
Used Heap: 163752 bytes
0
Total Heap: 324828 bytes
Free Heap: 161172 bytes
Used Heap: 163656 bytes
Keep Alive Check
0
Total Heap: 324828 bytes
Free Heap: 161192 bytes
Used Heap: 163640 bytes
0
Total Heap: 324832 bytes
Free Heap: 161192 bytes
Used Heap: 163640 bytes
0
Total Heap: 324824 bytes
Free Heap: 161028 bytes
Used Heap: 163656 bytes
0
Total Heap: 324828 bytes
Free Heap: 161076 bytes
Used Heap: 163772 bytes
0
Total Heap: 324828 bytes
Free Heap: 161076 bytes
Used Heap: 163772 bytes
0
Total Heap: 324832 bytes
Free Heap: 161192 bytes
Used Heap: 163640 bytes
0
Total Heap: 324824 bytes
Free Heap: 161028 bytes
Used Heap: 163656 bytes
0
Total Heap: 324824 bytes
Free Heap: 161028 bytes
Used Heap: 163656 bytes
0
Total Heap: 324828 bytes
Free Heap: 161076 bytes
Used Heap: 163772 bytes
0
Total Heap: 324828 bytes
Free Heap: 161308 bytes
Used Heap: 163528 bytes
Keep Alive Check
0
Total Heap: 324828 bytes
Free Heap: 161192 bytes
Used Heap: 163640 bytes
0
Total Heap: 324828 bytes
Free Heap: 161192 bytes
Used Heap: 163640 bytes
0
Total Heap: 324828 bytes
Free Heap: 161056 bytes
Used Heap: 163640 bytes
0
Total Heap: 324828 bytes
Free Heap: 161192 bytes
Used Heap: 163640 bytes
0
Total Heap: 324828 bytes
Free Heap: 161076 bytes
Used Heap: 163772 bytes
0
Total Heap: 324828 bytes
Free Heap: 161076 bytes
Used Heap: 163772 bytes
0
Total Heap: 324828 bytes
Free Heap: 161056 bytes
Used Heap: 163640 bytes
0
Total Heap: 324836 bytes
Free Heap: 161192 bytes
Used Heap: 163640 bytes
0
Total Heap: 324828 bytes
Free Heap: 161076 bytes
Used Heap: 163772 bytes
0
Total Heap: 324828 bytes
Free Heap: 161056 bytes
Used Heap: 163640 bytes
Keep Alive Check
0
Total Heap: 324828 bytes
Free Heap: 161064 bytes
Used Heap: 163784 bytes
0
Total Heap: 324828 bytes
Free Heap: 161076 bytes
Used Heap: 163640 bytes
0
Total Heap: 324828 bytes
Free Heap: 161076 bytes
Used Heap: 163772 bytes
0
Total Heap: 324828 bytes
Free Heap: 161056 bytes
Used Heap: 163640 bytes
0
Total Heap: 324828 bytes
Free Heap: 161044 bytes
Used Heap: 163652 bytes
0
Total Heap: 324824 bytes
Free Heap: 161028 bytes
Used Heap: 163656 bytes
0
Total Heap: 324828 bytes
Free Heap: 161192 bytes
Used Heap: 163640 bytes
0
Total Heap: 324836 bytes
Free Heap: 161192 bytes
Used Heap: 163640 bytes
0
Total Heap: 324832 bytes
Free Heap: 161076 bytes
Used Heap: 163752 bytes
0
Total Heap: 324824 bytes
Free Heap: 161028 bytes
Used Heap: 163656 bytes
Keep Alive Check
0
Total Heap: 324832 bytes
Free Heap: 161192 bytes
Used Heap: 163660 bytes
0
Total Heap: 324828 bytes
Free Heap: 161192 bytes
Used Heap: 163640 bytes
0
Total Heap: 324828 bytes
Free Heap: 161076 bytes
Used Heap: 163772 bytes
0
Total Heap: 324824 bytes
Free Heap: 161028 bytes
Used Heap: 163656 bytes
0
Total Heap: 324828 bytes
Free Heap: 161076 bytes
Used Heap: 163752 bytes
0
Total Heap: 324832 bytes
Free Heap: 161308 bytes
Used Heap: 163528 bytes
0
Total Heap: 324828 bytes
Free Heap: 161192 bytes
Used Heap: 163640 bytes
0
Total Heap: 324828 bytes
Free Heap: 159376 bytes
Used Heap: 165472 bytes
0
Total Heap: 324828 bytes
Free Heap: 161192 bytes
Used Heap: 163640 bytes
0
Total Heap: 324832 bytes
Free Heap: 161192 bytes
Used Heap: 163640 bytes
Keep Alive Check
0
Total Heap: 324824 bytes
Free Heap: 161172 bytes
Used Heap: 163656 bytes
0
Total Heap: 324836 bytes
Free Heap: 161192 bytes
Used Heap: 163640 bytes
0
Total Heap: 324828 bytes
Free Heap: 159472 bytes
Used Heap: 165396 bytes
0
Total Heap: 324828 bytes
Free Heap: 161192 bytes
Used Heap: 163640 bytes
0
Total Heap: 324828 bytes
Free Heap: 161076 bytes
Used Heap: 163772 bytes
0
Total Heap: 324824 bytes
Free Heap: 161056 bytes
Used Heap: 163768 bytes
0
Total Heap: 324828 bytes
Free Heap: 161076 bytes
Used Heap: 163772 bytes
0
Total Heap: 324828 bytes
Free Heap: 161056 bytes
Used Heap: 163640 bytes
0
Total Heap: 324832 bytes
Free Heap: 161192 bytes
Used Heap: 165340 bytes
0
Total Heap: 324832 bytes
Free Heap: 161192 bytes
Used Heap: 163640 bytes
Keep Alive Check
0
Total Heap: 324828 bytes
Free Heap: 161076 bytes
Used Heap: 163640 bytes
0
Total Heap: 324836 bytes
Free Heap: 161180 bytes
Used Heap: 163652 bytes
0
Total Heap: 324824 bytes
Free Heap: 161016 bytes
Used Heap: 163676 bytes
0
Total Heap: 324828 bytes
Free Heap: 161036 bytes
Used Heap: 163660 bytes
0
Total Heap: 324832 bytes
Free Heap: 161180 bytes
Used Heap: 163652 bytes
0
Total Heap: 324828 bytes
Free Heap: 161180 bytes
Used Heap: 163652 bytes
0
Total Heap: 324828 bytes
Free Heap: 161296 bytes
Used Heap: 163540 bytes
0
Total Heap: 324828 bytes
Free Heap: 161180 bytes
Used Heap: 163652 bytes
0
Total Heap: 324828 bytes
Free Heap: 161064 bytes
Used Heap: 163792 bytes
0
Total Heap: 324832 bytes
Free Heap: 157752 bytes
Used Heap: 165464 bytes
Keep Alive Check
0
Total Heap: 324820 bytes
Free Heap: 159480 bytes
Used Heap: 165208 bytes
0
Total Heap: 324820 bytes
Free Heap: 159592 bytes
Used Heap: 165228 bytes
0
Total Heap: 324820 bytes
Free Heap: 159592 bytes
Used Heap: 165228 bytes
0
Total Heap: 324812 bytes
Free Heap: 159428 bytes
Used Heap: 165244 bytes
0
Total Heap: 324824 bytes
Free Heap: 159592 bytes
Used Heap: 165228 bytes
0
Total Heap: 324820 bytes
Free Heap: 157776 bytes
Used Heap: 165340 bytes
0
Total Heap: 324820 bytes
Free Heap: 159592 bytes
Used Heap: 165228 bytes
0
Total Heap: 324816 bytes
Free Heap: 159476 bytes
Used Heap: 165360 bytes
0
Total Heap: 324816 bytes
Free Heap: 159476 bytes
Used Heap: 165360 bytes
0
Total Heap: 324824 bytes
Free Heap: 159592 bytes
Used Heap: 165228 bytes
Keep Alive Check
0
Total Heap: 324812 bytes
Free Heap: 158028 bytes
Used Heap: 166784 bytes
0
Total Heap: 324816 bytes
Free Heap: 158164 bytes
Used Heap: 166772 bytes
0
Total Heap: 324812 bytes
Free Heap: 158028 bytes
Used Heap: 166784 bytes
0
Total Heap: 324808 bytes
Free Heap: 157912 bytes
Used Heap: 166924 bytes
0
Total Heap: 324808 bytes
Free Heap: 158028 bytes
Used Heap: 166784 bytes
0
Total Heap: 324808 bytes
Free Heap: 158028 bytes
Used Heap: 166784 bytes
0
Total Heap: 324808 bytes
Free Heap: 158020 bytes
Used Heap: 166792 bytes
0
Total Heap: 324812 bytes
Free Heap: 157932 bytes
Used Heap: 166900 bytes
0
Total Heap: 324812 bytes
Free Heap: 157912 bytes
Used Heap: 166768 bytes
0
Total Heap: 324812 bytes
Free Heap: 157912 bytes
Used Heap: 166768 bytes
Keep Alive Check
0
Total Heap: 324816 bytes
Free Heap: 158048 bytes
Used Heap: 166768 bytes
0
Total Heap: 324816 bytes
Free Heap: 158048 bytes
Used Heap: 166768 bytes
0
Total Heap: 324820 bytes
Free Heap: 158048 bytes
Used Heap: 166768 bytes
0
Total Heap: 324812 bytes
Free Heap: 154620 bytes
Used Heap: 166768 bytes
0
Total Heap: 324812 bytes
Free Heap: 158144 bytes
Used Heap: 166672 bytes
0
Total Heap: 324808 bytes
Free Heap: 157912 bytes
Used Heap: 166924 bytes
0
Total Heap: 324808 bytes
Free Heap: 158020 bytes
Used Heap: 166792 bytes
0
Total Heap: 324808 bytes
Free Heap: 158028 bytes
Used Heap: 166784 bytes
0
Total Heap: 324804 bytes
Free Heap: 157856 bytes
Used Heap: 166808 bytes
0
Total Heap: 324816 bytes
Free Heap: 158048 bytes
Used Heap: 166768 bytes
Keep Alive Check
0
Total Heap: 324816 bytes
Free Heap: 158048 bytes
Used Heap: 166768 bytes
0
Total Heap: 324812 bytes
Free Heap: 158052 bytes
Used Heap: 166764 bytes
0
Total Heap: 324812 bytes
Free Heap: 157928 bytes
Used Heap: 166904 bytes
0
Total Heap: 324812 bytes
Free Heap: 154488 bytes
Used Heap: 166760 bytes
0
Total Heap: 324812 bytes
Free Heap: 158052 bytes
Used Heap: 166764 bytes
0
Total Heap: 324812 bytes
Free Heap: 157916 bytes
Used Heap: 166764 bytes
0
Total Heap: 324812 bytes
Free Heap: 158052 bytes
Used Heap: 166764 bytes
0
Total Heap: 324812 bytes
Free Heap: 157936 bytes
Used Heap: 166896 bytes
0
Total Heap: 324812 bytes
Free Heap: 157916 bytes
Used Heap: 166764 bytes
0
Total Heap: 324820 bytes
Free Heap: 158052 bytes
Used Heap: 166764 bytes
Keep Alive Check
0
Total Heap: 324812 bytes
Free Heap: 157936 bytes
Used Heap: 166876 bytes
0
Total Heap: 324812 bytes
Free Heap: 157936 bytes
Used Heap: 166896 bytes
0
Total Heap: 324812 bytes
Free Heap: 157936 bytes
Used Heap: 166896 bytes
0
Total Heap: 324812 bytes
Free Heap: 157936 bytes
Used Heap: 166896 bytes
0
Total Heap: 324812 bytes
Free Heap: 157936 bytes
Used Heap: 166896 bytes
0
Total Heap: 324812 bytes
Free Heap: 157936 bytes
Used Heap: 166760 bytes
0
Total Heap: 324812 bytes
Free Heap: 157936 bytes
Used Heap: 166896 bytes
0
Total Heap: 324812 bytes
Free Heap: 157916 bytes
Used Heap: 166764 bytes
0
Total Heap: 324804 bytes
Free Heap: 158004 bytes
Used Heap: 166804 bytes
0
Total Heap: 324808 bytes
Free Heap: 158032 bytes
Used Heap: 166780 bytes
Keep Alive Check
0
Total Heap: 324808 bytes
Free Heap: 156332 bytes
Used Heap: 168532 bytes
0
Total Heap: 324812 bytes
Free Heap: 158032 bytes
Used Heap: 166780 bytes
0
Total Heap: 324812 bytes
Free Heap: 158032 bytes
Used Heap: 166780 bytes
0
Total Heap: 324812 bytes
Free Heap: 158052 bytes
Used Heap: 166764 bytes
0
Total Heap: 324812 bytes
Free Heap: 157936 bytes
Used Heap: 166896 bytes
0
Total Heap: 324812 bytes
Free Heap: 157936 bytes
Used Heap: 166896 bytes
0
Total Heap: 324812 bytes
Free Heap: 152836 bytes
Used Heap: 166876 bytes
0
Total Heap: 324816 bytes
Free Heap: 158052 bytes
Used Heap: 166764 bytes
0
Total Heap: 324812 bytes
Free Heap: 158032 bytes
Used Heap: 166764 bytes
0
Total Heap: 324812 bytes
Free Heap: 157916 bytes
Used Heap: 166764 bytes
Keep Alive Check
0
Total Heap: 324812 bytes
Free Heap: 157936 bytes
Used Heap: 166896 bytes
0
Total Heap: 324808 bytes
Free Heap: 157940 bytes
Used Heap: 166904 bytes
0
Total Heap: 324812 bytes
Free Heap: 157940 bytes
Used Heap: 166892 bytes
0
Total Heap: 324812 bytes
Free Heap: 157940 bytes
Used Heap: 166904 bytes
0
Total Heap: 324812 bytes
Free Heap: 158056 bytes
Used Heap: 166760 bytes
0
Total Heap: 324812 bytes
Free Heap: 158056 bytes
Used Heap: 166760 bytes
0
Total Heap: 324812 bytes
Free Heap: 157940 bytes
Used Heap: 166904 bytes
0
Total Heap: 324812 bytes
Free Heap: 156188 bytes
Used Heap: 166872 bytes
0
Total Heap: 324812 bytes
Free Heap: 158056 bytes
Used Heap: 166760 bytes
0
Total Heap: 324820 bytes
Free Heap: 158056 bytes
Used Heap: 166760 bytes
Keep Alive Check
0
Total Heap: 324812 bytes
Free Heap: 158056 bytes
Used Heap: 166760 bytes
0
Total Heap: 324820 bytes
Free Heap: 158064 bytes
Used Heap: 166752 bytes
0
Total Heap: 324812 bytes
Free Heap: 156220 bytes
Used Heap: 170284 bytes
